DATE,TIME,SYMBOL,NAME,TITLE,url
"Oct 9, 2026",5:12 PM,DBCI,Dadabhoy Cement Industries Limited,"DBCI | Dadabhoy Cement Industries Limited Transmission of Annual Report for the Year Ended June 30, 2026",https://dps.psx.com.pk/download/attachment/285443-1.pdf
"Oct 9, 2026",4:52 PM,DBSL,Dadabhoy Sack Limited,"DBSL | Dadabhoy Sack Limited Transmission of Annual Report for the Year Ended June 30, 2026",https://dps.psx.com.pk/download/attachment/285441-1.pdf
"Oct 9, 2026",4:28 PM,SHEZ,Shezan International Limited,SUBMISSION OF SHARIAH DISCLOSURE FOR THE YEAR ENDED 30 JUNE 2026,https://dps.psx.com.pk/download/document/285440.pdf
"Oct 9, 2026",4:23 PM,BPL,Burshane LPG (Pakistan) Limited,Credit of Bonus Share Certificates,https://dps.psx.com.pk/download/document/285438.pdf
"Oct 9, 2026",4:21 PM,ILP,Interloop Limited,Notice of Corporate Briefing Session (CBS) 2026,https://dps.psx.com.pk/download/document/285437.pdf
"Oct 9, 2026",4:21 PM,FPRM,First Paramount Modaraba,Approval of Extension in Time for Holding the Annual Review Meeting for the year ended 30 June 2026,https://dps.psx.com.pk/download/document/285436.pdf
"Oct 9, 2026",4:20 PM,FRCL,Frontier Ceramics Limited,Correction/Clarification Notice,https://dps.psx.com.pk/download/document/285435.pdf
"Oct 9, 2026",4:20 PM,DSL,Dost Steels Limited,Transmission of Annual Report for the Year Ended 30-06-2026,https://dps.psx.com.pk/download/document/285434.pdf
"Oct 9, 2026",4:19 PM,AHL,Arif Habib Limited,BOARD MEETING,https://dps.psx.com.pk/download/document/285433.pdf
"Oct 9, 2026",4:17 PM,LUCK,Lucky Cement Limited,Credit of final cash dividend,https://dps.psx.com.pk/download/document/285432.pdf
"Oct 9, 2026",3:57 PM,SPAC1,LSE SPAC-I Limited,"Disclosure of Interest by a Director CEO, or Executive of a listed company and their Spouses and the Substantial Shareholders u/c 5.6.1.(d) of PSX Regulations",https://dps.psx.com.pk/download/document/285431.pdf
"Oct 9, 2026",3:50 PM,SPEL,SPEL Limited,RESOLUTIONS APPROVED AT THE 44th AGM,https://dps.psx.com.pk/download/document/285430.pdf
"Oct 9, 2026",3:46 PM,PSO,Pakistan State Oil Company Limited,Material Information,https://dps.psx.com.pk/download/document/285429.pdf
"Oct 9, 2026",3:43 PM,OPENFUND,OPENFUND,OPEN FUND First Capital Mutual Fund - Board Meeting,https://dps.psx.com.pk/download/attachment/285428-1.pdf
"Oct 9, 2026",3:42 PM,FHAM,First Habib Modaraba,Dissemination of Video Recording of Corporate Briefing Session 2025-26,https://dps.psx.com.pk/download/document/285427.pdf
"Oct 9, 2026",3:38 PM,SHFA,Shifa International Hospitals Limited,"Disclosure of Interest by a Director CEO, or Executive of a listed company and their Spouses and the Substantial Shareholders u/c 5.6.1.(d) of PSX Regulations",https://dps.psx.com.pk/download/document/285425.pdf
"Oct 9, 2026",3:34 PM,GUTM,Gulistan Textile Mills Limited,RESOLUTION ADOPTED IN BOARD MEETING 09-10-2026,https://dps.psx.com.pk/download/document/285424.pdf
"Oct 9, 2026",3:27 PM,GUTM,Gulistan Textile Mills Limited,Notice of Extra Ordinary General Meeting,https://dps.psx.com.pk/download/document/285423.pdf
"Oct 9, 2026",3:22 PM,TPLRF1,TPL REIT Fund I,Material Information,https://dps.psx.com.pk/download/document/285421.pdf
"Oct 9, 2026",3:20 PM,GADT,Gadoon Textile Mills Limited,"Credit of Final Cash Dividend for the Year Ended June 30, 2026",https://dps.psx.com.pk/download/document/285420.pdf
"Oct 9, 2026",3:03 PM,AGHA,Agha Steel Ind.Ltd,"Transmission of Annual Report for the Year Ended June 30, 2026",https://dps.psx.com.pk/download/document/285418.pdf
"Oct 9, 2026",3:03 PM,INIL,International Industries Limited,Corporate Briefing Sessions,
"Oct 9, 2026",2:55 PM,PACE,Pace (Pakistan) Limited,Board Meeting,https://dps.psx.com.pk/download/document/285415.pdf
"Oct 9, 2026",2:52 PM,FCEL,First Capital Equities Limited,Board Meeting,https://dps.psx.com.pk/download/document/285413.pdf
"Oct 9, 2026",2:48 PM,MDTL,Media Times Limited,Board Meeting,https://dps.psx.com.pk/download/document/285411.pdf
"Oct 9, 2026",2:45 PM,NRL,National Refinery Limited,Board Meeting,https://dps.psx.com.pk/download/document/285409.pdf
"Oct 9, 2026",2:44 PM,FCSC,First Capital Securities Corporation,Board Meeting,https://dps.psx.com.pk/download/document/285408.pdf
"Oct 9, 2026",2:39 PM,INKL,International Knitwear Limited,Disclosure of interest,https://dps.psx.com.pk/download/document/285406.pdf
"Oct 9, 2026",2:21 PM,ATBA,Atlas Battery Limited,BOARD MEETING,https://dps.psx.com.pk/download/document/285405.pdf
"Oct 9, 2026",2:13 PM,MCBIM-FUNDS,MCBIM-FUNDS,ALHAMRA ISLAMIC MONEY MARKET FUND (ALHIMMF) Daily Dividend Distribution for 08-OCT-26,https://dps.psx.com.pk/download/document/285404.pdf
"Oct 9, 2026",2:13 PM,MCBIM-FUNDS,MCBIM-FUNDS,ALHAMRA DAILY DIVIDEND FUND (ALHDDF) Daily Dividend Distribution for 08-OCT-26,https://dps.psx.com.pk/download/document/285403.pdf
"Oct 9, 2026",2:12 PM,MCBIM-FUNDS,MCBIM-FUNDS,PAKISTAN CASH MANAGEMENT FUND (PCF) Daily Dividend Distribution for 08-OCT-26,https://dps.psx.com.pk/download/document/285402.pdf
"Oct 9, 2026",2:08 PM,DBSL,Dadabhoy Sack Limited,DBSL | Dadabhoy Sack Limited Notice of Annual General Meeting,https://dps.psx.com.pk/download/attachment/285401-1.pdf
"Oct 9, 2026",2:08 PM,DBCI,Dadabhoy Cement Industries Limited,DBCI | Dadabhoy Cement Industries Limited Notice of Annual General Meeting,https://dps.psx.com.pk/download/attachment/285400-1.pdf
"Oct 9, 2026",1:18 PM,MZNPETF,Meezan Pakistan ETF,"ANNOUNCEMENT OF FINANCIAL RESULTS FOR THE QUARTER ENDED SEPTEMBER 30, 2026",https://dps.psx.com.pk/download/document/285398.pdf
"Oct 9, 2026",1:17 PM,BLUEX,Blue-Ex Limited,"Application for Extension in the period for submission of 1st Quarter Accounts of the Company Under Section 237 of the Companies Act 2017, for the period ended Sep 30, 2026",https://dps.psx.com.pk/download/document/285397.pdf
"Oct 9, 2026",1:15 PM,MEEZAN-FUNDS,MEEZAN-FUNDS,"ANNOUNCEMENT OF FINANCIAL RESULTS FOR THE QUARTER ENDED SEPTEMBER 30, 2026",https://dps.psx.com.pk/download/document/285396.pdf
"Oct 9, 2026",12:47 PM,ACIETF,Alfalah Consumer Index (ETF),Rebalancing of Alfalah Consumer Index ETF (ACIETF),https://dps.psx.com.pk/download/document/285395.pdf
"Oct 9, 2026",12:37 PM,ASIC,Asia Insurance Company Limited,Material Information,
"Oct 9, 2026",12:30 PM,TSMF,Tri-Star Mutual Fund Limited,Transmission of Annual Report for the Year Ended 2026-06-30,https://dps.psx.com.pk/download/document/285393.pdf
"Oct 9, 2026",12:29 PM,CHCC,Cherat Cement Company Limited,Reporting of Shares Purchased (Buy-Back) by Cherat Cement Company Limited,https://dps.psx.com.pk/download/document/285392.pdf
"Oct 9, 2026",12:22 PM,CFL,Crescent Fibres Limited,BOARD MEETING OTHER THAN FINANCIAL RESULTS,
"Oct 9, 2026",11:51 AM,QUICE,Quice Food Industries Limited,Miscellaneous,https://dps.psx.com.pk/download/document/285387.pdf
"Oct 9, 2026",11:46 AM,FPRM,First Paramount Modaraba,Credit / Allotment of Modaraba Certificates - Right Issue,https://dps.psx.com.pk/download/document/285386.pdf
"Oct 9, 2026",11:39 AM,NCML,Nazir Cotton Mills Limited,"TRANSMISSION OF ANNUAL REPORT FOR THE YEAR ENDED JUNE 30, 2026",https://dps.psx.com.pk/download/document/285385.pdf
"Oct 9, 2026",11:38 AM,INDU,Indus Motor Company Limited,Notice of Extraordinary General Meeting (Post Publication),https://dps.psx.com.pk/download/document/285384.pdf
"Oct 9, 2026",11:36 AM,DGKC,D.G. Khan Cement Company Limited,Change of Director,https://dps.psx.com.pk/download/document/285383.pdf
"Oct 9, 2026",11:15 AM,BLUEX,Blue-Ex Limited,Resignation of Director,https://dps.psx.com.pk/download/document/285382.pdf
"Oct 9, 2026",11:08 AM,MUGHAL,Mughal Iron & Steel Industries Limited,"Shariah Disclosure for the Year Ended June 30, 2026",https://dps.psx.com.pk/download/document/285380.pdf
"Oct 9, 2026",11:07 AM,SPWL,Saif Power Limited,"Disclosure of Interest by a Director CEO, or Executive of a listed company and their Spouses and the Substantial Shareholders u/c 5.6.1.(d) of PSX Regulations",
"Oct 9, 2026",10:50 AM,SPWL,Saif Power Limited,Election of Directors-Notice of Extraordinary General Meeting,https://dps.psx.com.pk/download/document/285378.pdf
"Oct 9, 2026",10:18 AM,AKBL,Askari Bank Limited,Board Meeting,https://dps.psx.com.pk/download/document/285376.pdf
"Oct 9, 2026",10:07 AM,DSIL,D.S. Industries Limited,"Disclosure of Interest by a Director CEO, or Executive of a listed company and their Spouses and the Substantial Shareholders u/c 5.6.1.(d) of PSX Regulations",
"Oct 9, 2026",9:47 AM,PAKD,Pak Datacom Limited,"Approval for extension in Time for Holding Annual General Meeting for the Year ended June 30, 2026",https://dps.psx.com.pk/download/document/285374.pdf
"Oct 9, 2026",9:37 AM,ALHAML-FUNDS,ALHAML-FUNDS,112th Board of Directors Meeting,https://dps.psx.com.pk/download/document/285372.pdf
"Oct 9, 2026",9:30 AM,POL,Pakistan Oilfields Limited,Meeting of the Board of Directors & Closed Period,https://dps.psx.com.pk/download/document/285371.pdf
"Oct 9, 2026",9:24 AM,SANSM,Sanghar Sugar Mills Limited,Notice of Extraordinary General Meeting,https://dps.psx.com.pk/download/document/285370.pdf
"Oct 9, 2026",9:21 AM,AATM,Ali Asghar Textile Mills Limited,Transmission of Annual Report for the Year Ended 30-06-2026,https://dps.psx.com.pk/download/document/285369.pdf
"Oct 9, 2026",9:18 AM,FCSC,First Capital Securities Corporation,"Notice of Resolution Under Section 140(2) of the Companies Act, 2017",https://dps.psx.com.pk/download/document/285368.pdf
"Oct 9, 2026",9:14 AM,MDTL,Media Times Limited,"Notice of Resolution Under Section 140(2) of the Companies Act, 2017",https://dps.psx.com.pk/download/document/285367.pdf
"Oct 9, 2026",9:10 AM,PACE,Pace (Pakistan) Limited,"Notice of Resolution Under Section 140(2) of the Companies Act, 2017",https://dps.psx.com.pk/download/document/285366.pdf
"Oct 9, 2026",8:59 AM,SNGP,Sui Northern Gas Pipelines Limited,"APPLICATION FOR EXTENSION IN THE PERIOD FOR SUBMISSION OF 1ST QUARTER ACCOUNTS OF THE COMPANY UNDER SECTION 237 OF THE COMPANIES ACT, 2017 FOR THE PERIOD ENDED SEPTEMBER 30, 2026",https://dps.psx.com.pk/download/document/285365.pdf
"Oct 9, 2026",8:45 AM,ICCI,ICC Industries Limited,"Transmission of Annual Financial Statements for the Year Ended June 30, 2026",https://dps.psx.com.pk/download/document/285364.pdf
"Oct 9, 2026",8:25 AM,APL,Attock Petroleum Limited,Board Meeting,https://dps.psx.com.pk/download/document/285363.pdf
"Oct 9, 2026",8:12 AM,ENGROH,Engro Holdings Limited,Reporting of shares purchased (buy-back) by Engro Holdings Limited,https://dps.psx.com.pk/download/document/285362.pdf
"Oct 9, 2026",8:03 AM,LSECL,LSE Capital Limited.,"Transmission of Annual Report for the Year Ended June 30, 2026",https://dps.psx.com.pk/download/document/285361.pdf
"Oct 8, 2026",3:29 PM,SRR,Signature Residency REIT,"Financial Results For The Year Ended June 30, 2026",https://dps.psx.com.pk/download/document/285358.pdf
"Oct 8, 2026",3:29 PM,NNAR,Naya Nazimabad Apartment REIT,"FINANCIAL RESULTS OF NAYA NAZIMABAD APARTMENT REIT FOR THE YEAR ENDED JUNE 30, 2026",https://dps.psx.com.pk/download/document/285357.pdf
"Oct 8, 2026",3:28 PM,MERIT,Merit Packaging Limited,"TRANSMISSION OF ANNUAL REPORT FOR THE YEAR ENDED JUNE 30, 2026",https://dps.psx.com.pk/download/document/285356.pdf
"Oct 8, 2026",3:27 PM,FRCL,Frontier Ceramics Limited,Notice of Annual General Meeting,https://dps.psx.com.pk/download/document/285355.pdf
"Oct 8, 2026",3:27 PM,FRCL,Frontier Ceramics Limited,Transmission of Annual Report for the Year Ended JUNE 30 2026,https://dps.psx.com.pk/download/document/285354.pdf
"Oct 8, 2026",3:27 PM,DCR,Dolmen City REIT,"DECLARATION OF INTERIM DIVIDEND OF DOLMEN CITY REIT FOR THE YEAR ENDING JUNE 30, 2027",https://dps.psx.com.pk/download/document/285353.pdf
"Oct 8, 2026",3:25 PM,MEBL,Meezan Bank Limited,CHANGE OF DIRECTORS OF MEEZAN BANK LIMITED,https://dps.psx.com.pk/download/document/285352.pdf
"Oct 8, 2026",3:24 PM,AHTM,Ahmad Hassan Textile Mills Limited,Transmission of Annual Report for the Year Ended 06/30/2026,https://dps.psx.com.pk/download/document/285351.pdf
"Oct 8, 2026",3:24 PM,DCR,Dolmen City REIT,"FINANCIAL RESULTS OF DOLMEN CITY REIT FOR THE YEAR ENDED JUNE 30, 2026",https://dps.psx.com.pk/download/document/285350.pdf
"Oct 8, 2026",3:23 PM,CLVL,Cordoba Logistics & Ventures Limited,Replay-unusual movement in the price of share,https://dps.psx.com.pk/download/document/285349.pdf
"Oct 8, 2026",3:17 PM,EFUL,EFU Life Assurance Limited,Dispatch of Letters of Right,https://dps.psx.com.pk/download/document/285347.pdf
"Oct 8, 2026",3:12 PM,AHL,Arif Habib Limited,"Disclosure of Interest by a Director CEO, or Executive of a listed company and their Spouses and the Substantial Shareholders u/c 5.6.1.(d) of PSX Regulations",https://dps.psx.com.pk/download/document/285346.pdf
"Oct 8, 2026",3:03 PM,CPPL,Cherat Packaging Limited,Credit of Final Cash Dividend,https://dps.psx.com.pk/download/document/285345.pdf
"Oct 8, 2026",3:02 PM,HAEL,Hala Enterprises Limited,"Transmission of Annual Report for the Year Ended June 30,2026",https://dps.psx.com.pk/download/document/285344.pdf
"Oct 8, 2026",3:02 PM,AKBL,Askari Bank Limited,"Cessation of Directorship of Mr. Manzoor Ahmed, Non-Executive Director of Askari Bank Limited",https://dps.psx.com.pk/download/document/285343.pdf
"Oct 8, 2026",3:02 PM,OLPL,OLP Financial Services Pakistan Limited,Election of Directors,https://dps.psx.com.pk/download/document/285342.pdf
"Oct 8, 2026",3:01 PM,EFUL,EFU Life Assurance Limited,NEWSPAPER CUTTINGS - PUBLICATION OF NOTICES REGARDING DISPATCH OF PHYSICAL LETTER OF RIGHTS AND CREDIT OF UNPAID RIGHTS.,https://dps.psx.com.pk/download/document/285340.pdf
"Oct 8, 2026",2:59 PM,SZTM,Shahzad Textile Mills Limited,"TRANSMISSION OF ANNUAL REPORT FOR THE YEAR ENDED JUNE 30, 2026",https://dps.psx.com.pk/download/document/285339.pdf
"Oct 8, 2026",2:56 PM,DSIL,D.S. Industries Limited,"Transmission of Annual Report for the Year Ended June 30, 2026",https://dps.psx.com.pk/download/document/285338.pdf
"Oct 8, 2026",2:54 PM,DADX,Dadex Eternit Limited,Transmission of Annual Financial Statements for the year ended 30-06-2026,https://dps.psx.com.pk/download/document/285337.pdf
"Oct 8, 2026",2:46 PM,HMIM,Haji Mohammad Ismail Mills Limited,PROGRESS REPORT,https://dps.psx.com.pk/download/document/285336.pdf
"Oct 8, 2026",2:28 PM,TSML,Tandlianwala Sugar Mills Limited,"Disclosure of Interest by a Director CEO, or Executive of a listed company and their Spouses and the Substantial Shareholders u/c 5.6.1.(d) of PSX Regulations",https://dps.psx.com.pk/download/document/285335.pdf
"Oct 8, 2026",2:22 PM,MLCF,Maple Leaf Cement Factory Limited,Presentation of Corporate Briefing Session,https://dps.psx.com.pk/download/document/285334.pdf
"Oct 8, 2026",2:21 PM,PABC,Pakistan Aluminium Beverage Cans Limited,Miscellaneous Information - Change in Voting Power of Directors and Substantial Shareholders,https://dps.psx.com.pk/download/document/285333.pdf
"Oct 8, 2026",2:20 PM,NESTLE,Nestle Pakistan Limited,"Intimation of Exemption from Consolidation of Financial Statements of Nestle Pakistan Limited (Holding Company) with Waters and Premium Beverages PK (Private) Limited (Subsidiary) under Section 228(7) of the Companies Act, 2017",https://dps.psx.com.pk/download/document/285332.pdf
"Oct 8, 2026",2:20 PM,KTML,Kohinoor Textile Mills Limited,Presentation of Corporate Briefing Session,https://dps.psx.com.pk/download/document/285331.pdf
"Oct 8, 2026",2:09 PM,LSEFSL,LSE Financial Services Limited.,"Transmission of Annual Report for the Year Ended June 30, 2026",https://dps.psx.com.pk/download/document/285330.pdf
"Oct 8, 2026",2:08 PM,CTM,Colony Textile Mills Limited,Notice of Extraordinary General Meeting,https://dps.psx.com.pk/download/document/285329.pdf
"Oct 8, 2026",2:05 PM,STPL,Siddiqsons Tin Plate Limited,Notice of Annual General Meeting,https://dps.psx.com.pk/download/document/285328.pdf
"Oct 8, 2026",2:00 PM,LOTCHEM,Lotte Chemical Pakistan Limited,Board Meeting / Closed Period,https://dps.psx.com.pk/download/document/285327.pdf
"Oct 8, 2026",1:56 PM,QTECH,Quantum Data Technologies Limited,Material Information,https://dps.psx.com.pk/download/document/285325.pdf
"Oct 8, 2026",1:49 PM,KHTC,Khyber Tobacco Company Limited,Transmission of Annual Report for the Year Ended 30-06-2026,https://dps.psx.com.pk/download/document/285324.pdf
"Oct 8, 2026",1:43 PM,JKSM,J.K. Spinning Mills Limited,Dissemination Of Video Recording Of Corporate Briefing Session,https://dps.psx.com.pk/download/document/285323.pdf
"Oct 8, 2026",1:41 PM,TPLI,TPL Insurance Limited,REQUEST FOR CHANGE OF SECURITY TRADING SYMBOL,https://dps.psx.com.pk/download/document/285322.pdf
"Oct 8, 2026",1:38 PM,LSEVL,LSE Ventures Limited,Transmission of Annual Report for the Year Ended 30 June 2026,https://dps.psx.com.pk/download/document/285321.pdf
"Oct 8, 2026",1:27 PM,OML,Olympia Mills Limited,Board Meeting,https://dps.psx.com.pk/download/document/285320.pdf
"Oct 8, 2026",1:16 PM,OBOY,Oilboy Energy Limited,Applied for Extension for holding the Annual General Meeting / Annual Review Meeting for the year ended 2026-06-30,https://dps.psx.com.pk/download/document/285319.pdf
"Oct 8, 2026",1:09 PM,AWTX,Allawasaya Tex. & Finishing Mills Ltd,Disclosure of Interest by an Associated Company of a Listed Company under PSX Regulation 5.6.4,https://dps.psx.com.pk/download/document/285317.pdf
"Oct 8, 2026",1:08 PM,ISL,International Steels Limited,Dissemination Of Video Recording Of Corporate Briefing Session 2026,https://dps.psx.com.pk/download/document/285316.pdf
"Oct 8, 2026",1:06 PM,KEL,K-Electric Limited,Disclosure of Material Information,https://dps.psx.com.pk/download/document/285315.pdf
"Oct 8, 2026",1:05 PM,GCIL,Ghani Chemical Industries Limited,"Transmission of Annual Report for the Year Ended June 30, 2026",https://dps.psx.com.pk/download/document/285314.pdf
"Oct 8, 2026",12:46 PM,CPPL,Cherat Packaging Limited,CERTIFIED COPY OF THE RESOLUTIONS PASSED BY THE MEMBERS OF THE COMPANY IN ANNUAL GENERAL MEETING,https://dps.psx.com.pk/download/document/285312.pdf
"Oct 8, 2026",12:44 PM,GLOT,Globe Textile Mills Limited,Board Meeting,https://dps.psx.com.pk/download/document/285311.pdf
"Oct 8, 2026",12:35 PM,WAVESAPP,Waves Home Appliances Limited,Credit of Right Shares into CDS - Waves Home Appliances Limited,https://dps.psx.com.pk/download/document/285310.pdf
"Oct 8, 2026",12:33 PM,SGPL,S.G. Power Limited,"Transmission of Annual Report for the Year Ended June 30, 2026.",https://dps.psx.com.pk/download/document/285309.pdf
"Oct 8, 2026",12:32 PM,WAVESAPP,Waves Home Appliances Limited,Auditors Certificate and request for issuance of No Objection Certificate for release of Rights Shares subscription money,https://dps.psx.com.pk/download/document/285308.pdf
"Oct 8, 2026",12:26 PM,PASL,Pervez Ahmed Consultancy Services Ltd.,Progress Report,
"Oct 8, 2026",12:24 PM,SPAC1,LSE SPAC-I Limited,"Transmission of Annual Report for the Year Ended June 30, 2026",https://dps.psx.com.pk/download/document/285305.pdf
"Oct 8, 2026",12:21 PM,PAKL,Pak Leather Crafts Limited,Published Notice of 39th AGM,https://dps.psx.com.pk/download/document/285303.pdf
"Oct 8, 2026",12:18 PM,FFLM,First Fidelity Leasing Modaraba,EXTENSION IN THE OF ANNUAL REVIEW MEETING YEAR ENDED JUNE 30 2026,
"Oct 8, 2026",12:14 PM,MWMP,Mandviwala Mauser Plastic Industries,"Transmission of Annual Report for the Year Ended June 30, 2026",https://dps.psx.com.pk/download/document/285298.pdf
"Oct 8, 2026",12:05 PM,ACPL,Attock Cement Pakistan Limited,Board Meeting,
"Oct 8, 2026",11:50 AM,RUPL,Rupali Polyester Limited,Mandatory Shariah Disclosure for the Year Ended 30 June 2026,https://dps.psx.com.pk/download/document/285293.pdf
"Oct 8, 2026",11:45 AM,SUHJ,Suhail Jute Mills Limited,Progress Report for the Quarter Ended 31.03.2026 & 30.09.2026,https://dps.psx.com.pk/download/document/285292.pdf
"Oct 8, 2026",11:43 AM,SPAC1,LSE SPAC-I Limited,Notice of Annual General Meeting,https://dps.psx.com.pk/download/document/285291.pdf
"Oct 8, 2026",11:39 AM,ATRL,Attock Refinery Limited,BOARD MEETING AND CLOSED PERIOD,https://dps.psx.com.pk/download/document/285290.pdf
"Oct 8, 2026",11:37 AM,SAZEW,Sazgar Engineering Works Limited,"Credit of final cash dividend for the year ended June 30, 2026",
"Oct 8, 2026",11:36 AM,SZTM,Shahzad Textile Mills Limited,"Disclosure of Interest by a Director CEO, or Executive of a listed company and their Spouses and the Substantial Shareholders u/c 5.6.1.(d) of PSX Regulations",https://dps.psx.com.pk/download/document/285288.pdf
"Oct 8, 2026",11:34 AM,SPSL,Sitara Petroleum Service Limited,"Transmission of Annual report for the year ended June 30, 2026",https://dps.psx.com.pk/download/document/285287.pdf
"Oct 8, 2026",11:33 AM,AATM,Ali Asghar Textile Mills Limited,Notice of Annual General Meeting / Annual Review Meeting,https://dps.psx.com.pk/download/document/285286.pdf
"Oct 8, 2026",11:27 AM,MCBIM-FUNDS,MCBIM-FUNDS,ALHAMRA DAILY DIVIDEND FUND (ALHDDF) Daily Dividend Distribution for 07-OCT-26,https://dps.psx.com.pk/download/document/285284.pdf
"Oct 8, 2026",11:26 AM,MCBIM-FUNDS,MCBIM-FUNDS,PAKISTAN CASH MANAGEMENT FUND (PCF) Daily Dividend Distribution for 07-OCT-26,https://dps.psx.com.pk/download/document/285282.pdf
"Oct 8, 2026",11:25 AM,MCBIM-FUNDS,MCBIM-FUNDS,ALHAMRA ISLAMIC MONEY MARKET FUND (ALHIMMF) Daily Dividend Distribution for 07-OCT-26,https://dps.psx.com.pk/download/document/285281.pdf
"Oct 8, 2026",10:42 AM,CPPL,Cherat Packaging Limited,Presentation of Corporate Briefing Session,https://dps.psx.com.pk/download/document/285278.pdf
"Oct 8, 2026",10:41 AM,FCEL,First Capital Equities Limited,Progress Report,https://dps.psx.com.pk/download/document/285277.pdf
"Oct 8, 2026",10:37 AM,PIAHCLA,PIA Holding Company Limited,Board Meeting,https://dps.psx.com.pk/download/document/285276.pdf
"Oct 8, 2026",10:30 AM,JATM,J.A. Textile Mills Limited,Notice of Annual General Meeting,https://dps.psx.com.pk/download/document/285274.pdf
"Oct 8, 2026",10:15 AM,ASTM,Asim Textile Mills Limited,Notice of Annual General Meeting,https://dps.psx.com.pk/download/document/285273.pdf
"Oct 8, 2026",10:13 AM,EFUL,EFU Life Assurance Limited,EFUL | EFU Life Assurance Limited -CDC,https://dps.psx.com.pk/download/attachment/285272-1.pdf
"Oct 8, 2026",10:07 AM,ELCM,Elahi Cotton Mills Limited,Published Notice of Annual General Meeting,https://dps.psx.com.pk/download/document/285271.pdf
"Oct 8, 2026",10:02 AM,SSGC,Sui Southern Gas Company Limited,Approval of Extension in Time for Holding the Annual General Meeting,https://dps.psx.com.pk/download/document/285269.pdf
"Oct 8, 2026",9:52 AM,SGABL,SG.Allied Businesses Limited,Financial Results for the Year Ended 2026-06-30,https://dps.psx.com.pk/download/document/285267.pdf
"Oct 8, 2026",9:47 AM,CLVL,Cordoba Logistics & Ventures Limited,AGM Notice in Newspapers,https://dps.psx.com.pk/download/document/285265.pdf
"Oct 8, 2026",9:46 AM,SSOM,S.S.Oil Mills Limited,"Transmission of Annual Report for the Year Ended June 30, 2026",https://dps.psx.com.pk/download/document/285264.pdf
"Oct 8, 2026",9:46 AM,SANSM,Sanghar Sugar Mills Limited,Intimation of Extra Ordinary General Meeting,https://dps.psx.com.pk/download/document/285263.pdf
"Oct 8, 2026",9:35 AM,STPL,Siddiqsons Tin Plate Limited,Notice of Annual General Meeting REVOKED,https://dps.psx.com.pk/download/document/285262.pdf
"Oct 8, 2026",9:32 AM,POL,Pakistan Oilfields Limited,"Disclosure of Interest by a Director CEO, or Executive of a listed company and their Spouses and the Substantial Shareholders u/c 5.6.1.(d) of PSX Regulations",https://dps.psx.com.pk/download/document/285261.pdf
"Oct 8, 2026",9:31 AM,CHBL,Chenab Limited,"APPROVAL FOR EXTENSION IN THE TIME FOR HOLDING OF ANNUAL GENERAL MEETING FOR THE YEAR ENDED JUNE 30, 2026",https://dps.psx.com.pk/download/document/285260.pdf
"Oct 8, 2026",9:23 AM,STPL,Siddiqsons Tin Plate Limited,"Financial Results for the Year Ended June 30, 2026",https://dps.psx.com.pk/download/document/285258.pdf
"Oct 8, 2026",9:16 AM,PCAL,Pakistan Cables Limited,Dissemination of Video Recording of Corporate Briefing Session,https://dps.psx.com.pk/download/document/285257.pdf
"Oct 8, 2026",9:12 AM,BECO,Beco Steel Limited,"Transmission of Annual Report for the FY ended June 30, 2026",https://dps.psx.com.pk/download/document/285255.pdf
"Oct 8, 2026",9:03 AM,JSMFETF,JS Momentum Factor Exchange Traded Fund,Completion of Rebalancing of JS Momentum Factor Exchange Traded Fund (JSMFETF).,https://dps.psx.com.pk/download/document/285254.pdf
"Oct 8, 2026",8:57 AM,FNEL,First National Equities Limited,Miscellaneous,https://dps.psx.com.pk/download/document/285253.pdf
"Oct 8, 2026",8:52 AM,TPLI,TPL Insurance Limited,DISCLOSURE OF MATERIAL INFORMATION,https://dps.psx.com.pk/download/document/285252.pdf
"Oct 8, 2026",8:47 AM,ZAL,Zarea Limited,"Transmission of Annual Report for the Year Ended June 30, 2026",https://dps.psx.com.pk/download/document/285251.pdf
"Oct 8, 2026",8:42 AM,MEHT,Mehmood Textile Mills Limited,Transmission of Annual Report for the year Ended 30.06.2026,https://dps.psx.com.pk/download/document/285250.pdf
"Oct 8, 2026",8:41 AM,ARUJ,Aruj Industries Limited,Transmission of Annual Report for the Year Ended 30-06-2026,https://dps.psx.com.pk/download/document/285249.pdf
"Oct 8, 2026",8:25 AM,KHTC,Khyber Tobacco Company Limited,Transmission of Annual Report for the Year Ended REVOKED,https://dps.psx.com.pk/download/document/285248.pdf
"Oct 8, 2026",8:21 AM,KEL,K-Electric Limited,Applied for Extension for holding the AGM.,https://dps.psx.com.pk/download/document/285247.pdf
"Oct 8, 2026",8:10 AM,CLVL,Cordoba Logistics & Ventures Limited,"Transmission of Annual Report for the Year Ended June 30, 2026",https://dps.psx.com.pk/download/document/285246.pdf
"Oct 8, 2026",8:07 AM,FLYNG,Flying Cement Company Limited,"Transmission of Annual Report for the Year Ended June 30, 2026",https://dps.psx.com.pk/download/document/285245.pdf
"Oct 8, 2026",8:06 AM,ENGROH,Engro Holdings Limited,Reporting of shares purchased (buy-back) by Engro Holdings Limited,https://dps.psx.com.pk/download/document/285244.pdf
"Oct 8, 2026",8:04 AM,CLVL,Cordoba Logistics & Ventures Limited,Notice of Annual General Meeting,https://dps.psx.com.pk/download/document/285243.pdf
"Oct 8, 2026",8:02 AM,CLVL,Cordoba Logistics & Ventures Limited,AGM Notice in Newspaper,https://dps.psx.com.pk/download/document/285242.pdf
"Oct 8, 2026",8:00 AM,GUTM,Gulistan Textile Mills Limited,Transmission of Annual Audited Accounts 30-06-2026,https://dps.psx.com.pk/download/document/285241.pdf
"Oct 7, 2026",3:29 PM,AHCL,Arif Habib Corporation Limited,Transmission of Annual Report for the Year Ended 30 June 2026,https://dps.psx.com.pk/download/document/285237.pdf
"Oct 7, 2026",3:29 PM,SPAC1,LSE SPAC-I Limited,SPAC1 | LSE SPAC-I Limited Notice of Annual General Meeting REVOKED,https://dps.psx.com.pk/download/attachment/285238-1.pdf
"Oct 7, 2026",3:28 PM,GUSM,Gulistan Spinning Mills Limited,Transmission of Annual Audited Accounts 30-06-2026,https://dps.psx.com.pk/download/document/285235.pdf
"Oct 7, 2026",3:27 PM,GGL,Ghani Global Holdings Limited,NEWS PAPER CUTTINGS - GHANI GLOBAL HOLDINGS LIMITED,https://dps.psx.com.pk/download/document/285234.pdf
"Oct 7, 2026",3:26 PM,PASM,Paramount Spinning Mills Limited,Transmission of Annual Audited Accounts 30-06-2026,https://dps.psx.com.pk/download/document/285233.pdf
"Oct 7, 2026",3:26 PM,DSL,Dost Steels Limited,Notice of Annual General Meeting 30-06-2026,https://dps.psx.com.pk/download/document/285232.pdf
"Oct 7, 2026",3:25 PM,AWTX,Allawasaya Tex. & Finishing Mills Ltd,Transmission of Annual Report for the year ended 30th June 2026,https://dps.psx.com.pk/download/document/285231.pdf
"Oct 7, 2026",3:25 PM,ZUMA,Zuma Resources Limited,"Transmission of Annual Report for the Year Ended June, 2026",https://dps.psx.com.pk/download/document/285230.pdf
"Oct 7, 2026",3:25 PM,HUMNL,Hum Network Limited,HUMNL | Hum Network Limited Transmission of Annual Report for the Year Ended 30 June 2026,https://dps.psx.com.pk/download/attachment/285239-1.pdf
"Oct 7, 2026",3:24 PM,SUTM,Sunrays Textile Mills Limited,Newspaper Clippings of Annual General Meeting & Postal Ballot (Provision of Electronic Voting),https://dps.psx.com.pk/download/document/285229.pdf
"Oct 7, 2026",3:24 PM,BFMOD,B.F. Modaraba,Transmission of Annual Report for the Year Ended June-2026,https://dps.psx.com.pk/download/document/285228.pdf
"Oct 7, 2026",3:24 PM,CSIL,Crescent Star Insurance Limited,"Disclosure of Interest by a Director CEO, or Executive of a listed company and their Spouses and the Substantial Shareholders u/c 5.6.1.(d) of PSX Regulations",https://dps.psx.com.pk/download/document/285227.pdf
"Oct 7, 2026",3:24 PM,GSPM,Gulshan Spinning Mills Limited,Transmission of Annual Audited Accounts 30-06-2026,https://dps.psx.com.pk/download/document/285226.pdf
"Oct 7, 2026",3:23 PM,GGGL,Ghani Global Glass Limited,NEWS PAPER CUTTINGS - GHANI GLOBAL GLASS LIMITED,https://dps.psx.com.pk/download/document/285225.pdf
"Oct 7, 2026",3:23 PM,PQGTL,Pak Qatar General Takaful Limited,Board Meeting Other Than Financial Results,https://dps.psx.com.pk/download/document/285224.pdf
"Oct 7, 2026",3:22 PM,ZAL,Zarea Limited,Notice of Annual General Meeting,https://dps.psx.com.pk/download/document/285223.pdf
"Oct 7, 2026",3:22 PM,NCML,Nazir Cotton Mills Limited,"TRANSMISSION OF ANNUAL REPORT FOR THE YEAR ENDED JUNE 30, 2026 REVOKED",https://dps.psx.com.pk/download/document/285222.pdf
"Oct 7, 2026",3:21 PM,CENI,Century Insurance Company Limited,Submission of Final Offer Documents of Right Issue,https://dps.psx.com.pk/download/document/285221.pdf
"Oct 7, 2026",3:20 PM,GTYR,Ghandhara Tyre & Rubber Company Limited,"Mandatory Shariah Disclosures for the Year Ended June 30, 2026",https://dps.psx.com.pk/download/document/285220.pdf
"Oct 7, 2026",3:19 PM,CLOV,Clover Pakistan Limited,"Transmission of Annual Report for the Year Ended June 30, 2026",https://dps.psx.com.pk/download/document/285219.pdf
"Oct 7, 2026",3:19 PM,PAKQATAR,Pak Qatar Family Takaful Limited,Board Meeting Other Than Financial Results,https://dps.psx.com.pk/download/document/285218.pdf
"Oct 7, 2026",3:18 PM,IMAGE,Image Pakistan Limited,Transmission of Annual Report for the Year Ended 2026-06-30,https://dps.psx.com.pk/download/document/285216.pdf
"Oct 7, 2026",3:17 PM,FLYNG,Flying Cement Company Limited,Material Information,https://dps.psx.com.pk/download/document/285215.pdf
"Oct 7, 2026",3:16 PM,BECO,Beco Steel Limited,Notice of Annual General Meeting 2026,https://dps.psx.com.pk/download/document/285214.pdf
"Oct 7, 2026",3:16 PM,BECO,Beco Steel Limited,"Financial Results for the Year ended June 30, 2026",https://dps.psx.com.pk/download/document/285213.pdf
"Oct 7, 2026",3:16 PM,SHFA,Shifa International Hospitals Limited,"Disclosure of Interest by a Director CEO, or Executive of a listed company and their Spouses and the Substantial Shareholders u/c 5.6.1.(d) of PSX Regulations",https://dps.psx.com.pk/download/document/285211.pdf
"Oct 7, 2026",3:15 PM,LCI,Lucky Core Industries Limited,Corporate Briefing Session - Video Recording,
"Oct 7, 2026",3:14 PM,GGL,Ghani Global Holdings Limited,Disclosure of Material Information - GHANI GLOBAL HOLDINGS LIMITED,https://dps.psx.com.pk/download/document/285209.pdf
"Oct 7, 2026",3:14 PM,IDYM,Indus Dyeing & Manufacturing Co. Limited,Transmission of Annual Report for the Year Ended 2026-06-30,https://dps.psx.com.pk/download/document/285208.pdf
"Oct 7, 2026",3:14 PM,BLUEX,Blue-Ex Limited,Approval of Extension in Time for Holding the Annual General Meeting,https://dps.psx.com.pk/download/document/285207.pdf
"Oct 7, 2026",3:13 PM,DAAG,Data Agro Limited,"Transmission of Annual Report for the Year ended June 30, 2026",https://dps.psx.com.pk/download/document/285206.pdf
"Oct 7, 2026",3:12 PM,MEHT,Mehmood Textile Mills Limited,Notice of Annual General Meeting,https://dps.psx.com.pk/download/document/285205.pdf
"Oct 7, 2026",3:12 PM,SPAC1,LSE SPAC-I Limited,Material Information,https://dps.psx.com.pk/download/document/285204.pdf
"Oct 7, 2026",3:11 PM,GEMNETS,Nets International Communication Limited,Transmission of Annual Report for the Year Ended,https://dps.psx.com.pk/download/document/285203.pdf
"Oct 7, 2026",3:11 PM,IDYM,Indus Dyeing & Manufacturing Co. Limited,Newspaper Clippings of Annual General Meeting & Postal Ballot (Provision of Electronic Voting),https://dps.psx.com.pk/download/document/285202.pdf
"Oct 7, 2026",3:10 PM,GGL,Ghani Global Holdings Limited,"Transmission of Annual Report for the Year Ended June 30, 2026",https://dps.psx.com.pk/download/document/285201.pdf
"Oct 7, 2026",3:09 PM,HUMNL,Hum Network Limited,Notice of 22nd Annual General Meeting of Hum Network Limited to Be Published in Newspapers,https://dps.psx.com.pk/download/document/285199.pdf
"Oct 7, 2026",3:08 PM,HUMNL,Hum Network Limited,Notice of Annual General Meeting 2026,https://dps.psx.com.pk/download/document/285198.pdf
"Oct 7, 2026",3:07 PM,ASTM,Asim Textile Mills Limited,Transmission of Annual Report for the Year Ended 2026-06-30,https://dps.psx.com.pk/download/document/285197.pdf
"Oct 7, 2026",3:06 PM,MEHT,Mehmood Textile Mills Limited,Financial Results for the year ended 30.6.2026,https://dps.psx.com.pk/download/document/285196.pdf
"Oct 7, 2026",3:05 PM,PASM,Paramount Spinning Mills Limited,Transmission o f Annual Audited Accounts for the year Ended 30-06-2026 REVOKED,https://dps.psx.com.pk/download/document/285195.pdf
"Oct 7, 2026",3:04 PM,FEROZ,Ferozsons Laboratories Limited,Transmission of Annual Report for the Year Ended 30-06-2026,https://dps.psx.com.pk/download/document/285194.pdf
"Oct 7, 2026",3:04 PM,BFMOD,B.F. Modaraba,Transmission of Annual Report for the Year Ended June-2026 REVOKED,https://dps.psx.com.pk/download/document/285193.pdf
"Oct 7, 2026",3:02 PM,DNCC,Dandot Cement Company Limited,"Financial Results for the Year Ended June 30, 2026",https://dps.psx.com.pk/download/document/285192.pdf
"Oct 7, 2026",3:02 PM,FEROZ,Ferozsons Laboratories Limited,Notice of Annual General Meeting,https://dps.psx.com.pk/download/document/285191.pdf
"Oct 7, 2026",3:02 PM,GEMPACRA,The Pakistan Credit Rating Agency Ltd,"Transmission of Annual Report for the Year Ended June 30, 2026",https://dps.psx.com.pk/download/document/285190.pdf
"Oct 7, 2026",3:01 PM,GSPM,Gulshan Spinning Mills Limited,Transmission of Annual Audited Accounts for the year Ended 30-06-2026 REVOKED,https://dps.psx.com.pk/download/document/285189.pdf
"Oct 7, 2026",3:00 PM,CLVL,Cordoba Logistics & Ventures Limited,Material Information,https://dps.psx.com.pk/download/document/285188.pdf
"Oct 7, 2026",2:58 PM,AMTEX,Amtex Limited,Notice of Annual General Meeting,https://dps.psx.com.pk/download/document/285187.pdf
"Oct 7, 2026",2:56 PM,DSIL,D.S. Industries Limited,Notice of Annual General Meeting,https://dps.psx.com.pk/download/document/285186.pdf
"Oct 7, 2026",2:56 PM,CLVL,Cordoba Logistics & Ventures Limited,Financial Results for the year Ended (1.0),https://dps.psx.com.pk/download/document/285185.pdf
"Oct 7, 2026",2:56 PM,DCR,Dolmen City REIT,EMERGENT BOARD MEETING / CLOSED PERIOD,https://dps.psx.com.pk/download/document/285184.pdf
"Oct 7, 2026",2:56 PM,BNL,Bunnys Limited,Transmission of Annual Report for the Year Ended,https://dps.psx.com.pk/download/document/285183.pdf
"Oct 7, 2026",2:55 PM,SGABL,SG.Allied Businesses Limited,Notice of Annual General Meeting,https://dps.psx.com.pk/download/document/285182.pdf
"Oct 7, 2026",2:55 PM,AMTEX,Amtex Limited,Transmission of Annual Report for the Year ended June 30 2026,https://dps.psx.com.pk/download/document/285181.pdf
"Oct 7, 2026",2:54 PM,INDU,Indus Motor Company Limited,Notice of Extraordinary General Meeting Indus Motor Company Limited,https://dps.psx.com.pk/download/document/285180.pdf
"Oct 7, 2026",2:52 PM,FRCL,Frontier Ceramics Limited,"FINANCIAL RESULTS FOR THE YEAR ENDED JUNE 30, 2026",https://dps.psx.com.pk/download/document/285179.pdf
"Oct 7, 2026",2:52 PM,QUICE,Quice Food Industries Limited,Notice of Annual General Meeting,https://dps.psx.com.pk/download/document/285178.pdf
"Oct 7, 2026",2:52 PM,CNERGY,Cnergyico PK Limited,Disclosure of Material Information,https://dps.psx.com.pk/download/document/285177.pdf
"Oct 7, 2026",2:52 PM,JATM,J.A. Textile Mills Limited,Transmission of Annual Report for the Year Ended 2026-06-30,https://dps.psx.com.pk/download/document/285176.pdf
"Oct 7, 2026",2:52 PM,CPHL,Citi Pharma Ltd.,Transmission of Annual Report for the Year Ended 30 June 2026,https://dps.psx.com.pk/download/document/285175.pdf
"Oct 7, 2026",2:50 PM,TSMF,Tri-Star Mutual Fund Limited,Notice of Annual General Meeting,https://dps.psx.com.pk/download/document/285174.pdf
"Oct 7, 2026",2:50 PM,MWMP,Mandviwala Mauser Plastic Industries,"Notice of Annual General Meeting June 30, 2026",https://dps.psx.com.pk/download/document/285173.pdf
"Oct 7, 2026",2:50 PM,DSIL,D.S. Industries Limited,"Financial Results for the Year Ended June 30, 2026",https://dps.psx.com.pk/download/document/285172.pdf
"Oct 7, 2026",2:49 PM,FTSM,First Tri-Star Modaraba,Notice of Annual Review Meeting,https://dps.psx.com.pk/download/document/285171.pdf
"Oct 7, 2026",2:49 PM,JATM,J.A. Textile Mills Limited,Financial Results for the Year Ended 2026-06-30,https://dps.psx.com.pk/download/document/285170.pdf
"Oct 7, 2026",2:48 PM,MWMP,Mandviwala Mauser Plastic Industries,"Financial Results for the Year Ended June 30, 2026",https://dps.psx.com.pk/download/document/285169.pdf
"Oct 7, 2026",2:48 PM,IMAGE,Image Pakistan Limited,Notice of Annual General Meeting,https://dps.psx.com.pk/download/document/285168.pdf
"Oct 7, 2026",2:47 PM,DNCC,Dandot Cement Company Limited,Notice of Annual General Meeting,https://dps.psx.com.pk/download/document/285166.pdf
"Oct 7, 2026",2:47 PM,PIOC,Pioneer Cement Limited,Notice of Corporate Briefing Session,https://dps.psx.com.pk/download/document/285165.pdf
"Oct 7, 2026",2:44 PM,TSPL,Tri-Star Power Limited,Applied for Extension for Holding Annual General Meeting for the Year Ended 2026-06-30,https://dps.psx.com.pk/download/document/285164.pdf
"Oct 7, 2026",2:44 PM,NEXT,Next Capital Limited,AGM NOTICE - PUBLICATION,https://dps.psx.com.pk/download/document/285163.pdf
"Oct 7, 2026",2:43 PM,REWM,Reliance Weaving Mills Limited,"Transmission of Annual Report for the Year Ended June 30, 2026",https://dps.psx.com.pk/download/document/285161.pdf
"Oct 7, 2026",2:43 PM,IML,Imperial Limited,"Transmission of Annual Report for the Year Ended June 30, 2026",https://dps.psx.com.pk/download/document/285160.pdf
"Oct 7, 2026",2:42 PM,LSEFSL,LSE Financial Services Limited.,Notice of Annual General Meeting,https://dps.psx.com.pk/download/document/285159.pdf
"Oct 7, 2026",2:42 PM,BFMOD,B.F. Modaraba,Transmission of Annual Report for the Year Ended June-2026 REVOKED,https://dps.psx.com.pk/download/document/285158.pdf
"Oct 7, 2026",2:40 PM,ASTM,Asim Textile Mills Limited,Financial Results for the Year Ended 2026-06-30,https://dps.psx.com.pk/download/document/285157.pdf
"Oct 7, 2026",2:39 PM,LSECL,LSE Capital Limited.,Notice of Annual General Meeting,https://dps.psx.com.pk/download/document/285155.pdf
"Oct 7, 2026",2:38 PM,AKDSL,AKD Securities Limited,"Transmission of Annual Report for the Year Ended June 30, 2026",https://dps.psx.com.pk/download/document/285154.pdf
"Oct 7, 2026",2:36 PM,AKDSL,AKD Securities Limited,Notice of Annual General Meeting,https://dps.psx.com.pk/download/document/285153.pdf
"Oct 7, 2026",2:35 PM,LSEVL,LSE Ventures Limited,Notice of Annual General Meeting,https://dps.psx.com.pk/download/document/285152.pdf
"Oct 7, 2026",2:32 PM,NEXT,Next Capital Limited,Notice of Annual General Meeting,https://dps.psx.com.pk/download/document/285151.pdf
"Oct 7, 2026",2:28 PM,UBL,United Bank Limited,Board Meeting of United Bank Limited (UBL),https://dps.psx.com.pk/download/document/285150.pdf
"Oct 7, 2026",2:27 PM,SERT,Service Industries Textiles Limited,Publication of Notice of AGM in News Paper,https://dps.psx.com.pk/download/document/285149.pdf
"Oct 7, 2026",2:26 PM,GCIL,Ghani Chemical Industries Limited,Newspaper Cuttings - GHANI CHEMICAL INDUSTRIES LIMITED,https://dps.psx.com.pk/download/document/285147.pdf
"Oct 7, 2026",2:26 PM,KML,Kohinoor Mills Limited,"Transmission of Annual Report for the year ended June 30, 2026",https://dps.psx.com.pk/download/document/285146.pdf
"Oct 7, 2026",2:22 PM,CFL,Crescent Fibres Limited,"TRANSMISSION OF ANNUAL REPORT FOR THE YEAR ENDED JUNE 30, 2026",https://dps.psx.com.pk/download/document/285145.pdf
"Oct 7, 2026",2:22 PM,BFAGRO,Barkat Frisian Agro Limited,"Transmission of Annual Report for the Year Ended June 30, 2026",https://dps.psx.com.pk/download/document/285144.pdf
"Oct 7, 2026",2:19 PM,PASL,Pervez Ahmed Consultancy Services Ltd.,"Transmission of Annual Report for the Year Ended June 30, 2026",https://dps.psx.com.pk/download/document/285142.pdf
"Oct 7, 2026",2:19 PM,SUTM,Sunrays Textile Mills Limited,Transmission of Annual Report for the Year Ended 2026-06-30,https://dps.psx.com.pk/download/document/285141.pdf
"Oct 7, 2026",2:18 PM,BAHLTFC9,BAHLTFC9,Notice of Book Closure for the 9th Profit Payment of Bank AL Habib Limited AT1 TFC 2022 (Perpetual) Security Symbol BAHLTFC9,https://dps.psx.com.pk/download/document/285140.pdf
"Oct 7, 2026",2:17 PM,NEXT,Next Capital Limited,"Transmission of Annual Report for the Year Ended June 30, 2026",https://dps.psx.com.pk/download/document/285139.pdf
"Oct 7, 2026",2:16 PM,GCWL,Ghani Chemworld Limited,Newspaper Cuttings,https://dps.psx.com.pk/download/document/285138.pdf
"Oct 7, 2026",2:15 PM,SHCM,Shadman Cotton Mills Limited,Transmission of Annual Financial Statements for the year ended 30-06-2026,https://dps.psx.com.pk/download/document/285137.pdf
"Oct 7, 2026",2:14 PM,HAEL,Hala Enterprises Limited,Notice of Annual General Meeting,https://dps.psx.com.pk/download/document/285136.pdf
"Oct 7, 2026",2:12 PM,FCCL,Fauji Cement Company Limited,Presentation of Corporate Briefing Session - FCCL,https://dps.psx.com.pk/download/document/285135.pdf
"Oct 7, 2026",2:12 PM,FZCM,Fazal Cloth Mills Limited,Annual General Meeting Notice published in Newspapers,https://dps.psx.com.pk/download/document/285134.pdf
"Oct 7, 2026",2:10 PM,MERIT,Merit Packaging Limited,"TRANSMISSION OF ANNUAL REPORT FOR THE YEAR ENDED JUNE 30, 2026 REVOKED",https://dps.psx.com.pk/download/document/285133.pdf
"Oct 7, 2026",2:09 PM,AATM,Ali Asghar Textile Mills Limited,Financial Results for the Year Ended (1.0),https://dps.psx.com.pk/download/document/285132.pdf
"Oct 7, 2026",2:09 PM,BFBIO,BF Biosciences Limited,Transmission of Annual Financial Statements for the Year Ended 30-06-2026,https://dps.psx.com.pk/download/document/285131.pdf
"Oct 7, 2026",2:01 PM,BNL,Bunnys Limited,Publication of Notice of Annual General Meeting (Post Publication),https://dps.psx.com.pk/download/document/285130.pdf
"Oct 7, 2026",1:58 PM,BFBIO,BF Biosciences Limited,Notice of Annual General Meeting,https://dps.psx.com.pk/download/document/285128.pdf
"Oct 7, 2026",1:57 PM,HUSI,Husein Industries Limited,Notice of Annual General Meeting,https://dps.psx.com.pk/download/document/285126.pdf
"Oct 7, 2026",1:54 PM,KSTM,Khalid Siraj Textile Mills Limited,Progress Report September-2026,https://dps.psx.com.pk/download/document/285125.pdf
"Oct 7, 2026",1:54 PM,HUSI,Husein Industries Limited,Transmission of Annual Report for the Year Ended 30 June 2026,https://dps.psx.com.pk/download/document/285124.pdf
"Oct 7, 2026",1:54 PM,ZAHID,Zahidjee Textile Mills Limited,Transmission of Annual Report for the year ended 30 June 2026,https://dps.psx.com.pk/download/document/285123.pdf
"Oct 7, 2026",1:50 PM,INIL,International Industries Limited,CERTIFIED COPY OF THE RESOLUTIONS PASSED AT THE 78TH AGM OF THE COMPANY,https://dps.psx.com.pk/download/document/285122.pdf
"Oct 7, 2026",1:47 PM,ESBL,Escorts Investment Bank Limited,"Transmission of Annual Report for the Year Ended June 30, 2026",https://dps.psx.com.pk/download/document/285121.pdf
"Oct 7, 2026",1:40 PM,FZCM,Fazal Cloth Mills Limited,Transmission of Financial Statements FY 2025-26,https://dps.psx.com.pk/download/document/285119.pdf
"Oct 7, 2026",1:38 PM,ESBL,Escorts Investment Bank Limited,"AGM for the year ended 30 June, 2026",https://dps.psx.com.pk/download/document/285117.pdf
"Oct 7, 2026",1:33 PM,SERT,Service Industries Textiles Limited,"Transmission of Annual Financial Statements for the year ended June 30,2026",https://dps.psx.com.pk/download/document/285116.pdf
"Oct 7, 2026",1:23 PM,KOSM,Kohinoor Spinning Mills Limited,Publication of Notice of Annual General Meeting (Post Publication),https://dps.psx.com.pk/download/document/285114.pdf
"Oct 7, 2026",1:14 PM,LEUL,Leather Up Limited,Transmission of Annual Report for the Year Ended 30 June 2026,https://dps.psx.com.pk/download/document/285113.pdf
"Oct 7, 2026",1:11 PM,DAAG,Data Agro Limited,Notice of Annual General Meeting,https://dps.psx.com.pk/download/document/285110.pdf
"Oct 7, 2026",1:10 PM,CLOV,Clover Pakistan Limited,Publication Of Notice Of Annual General Meeting In News Paper,https://dps.psx.com.pk/download/document/285109.pdf
"Oct 7, 2026",1:09 PM,GEMPACRA,The Pakistan Credit Rating Agency Ltd,"Notice of AGM for the Year Ended June 30,2026",https://dps.psx.com.pk/download/document/285108.pdf
"Oct 7, 2026",1:09 PM,SYS,Systems Limited,"Disclosure of Interest by a Director CEO, or Executive of a listed company and their Spouses and the Substantial Shareholders u/c 5.6.1.(d) of PSX Regulations",https://dps.psx.com.pk/download/document/285107.pdf
"Oct 7, 2026",1:07 PM,LCI,Lucky Core Industries Limited,Credit of Final Cash Dividend,https://dps.psx.com.pk/download/document/285106.pdf
"Oct 7, 2026",1:07 PM,STL,Supernet Technologies Limited,"Notice of 47th Annual General Meeting, Statement of Material Facts u/s 134(3) of the Companies Act, 2017 and Postal Ballot Paper",https://dps.psx.com.pk/download/document/285105.pdf
"Oct 7, 2026",1:06 PM,DMC,D.M. Corporation Limited.,Notice of Annual General Meeting,https://dps.psx.com.pk/download/document/285104.pdf
"Oct 7, 2026",1:04 PM,BFMOD,B.F. Modaraba,Notice of Annual Review Meeting June-2026,https://dps.psx.com.pk/download/document/285103.pdf
"Oct 7, 2026",1:04 PM,JKSM,J.K. Spinning Mills Limited,Certified Resolution(s) passed in the 40th Annual General Meeting,https://dps.psx.com.pk/download/document/285102.pdf
"Oct 7, 2026",1:01 PM,DMC,D.M. Corporation Limited.,Transmission of Annual Report for the Year Ended 2026-06-30,https://dps.psx.com.pk/download/document/285101.pdf
"Oct 7, 2026",12:47 PM,MFFL,Mitchells Fruit Farms Limited,Newspaper extracts for the Notice of AGM,https://dps.psx.com.pk/download/document/285096.pdf
"Oct 7, 2026",12:47 PM,NETSOL,NetSol Technologies Limited,"Transmission of Annual Financial Statements for the Year Ended June 30, 2026",https://dps.psx.com.pk/download/document/285095.pdf
"Oct 7, 2026",12:40 PM,MFFL,Mitchells Fruit Farms Limited,Proxy form for the Participation in AGM,https://dps.psx.com.pk/download/document/285094.pdf
"Oct 7, 2026",12:37 PM,DAAG,Data Agro Limited,"Financial Results for the Year Ended June 30, 2026",https://dps.psx.com.pk/download/document/285092.pdf
"Oct 7, 2026",12:16 PM,CPHL,Citi Pharma Ltd.,Notice of Annual General Meeting - Post Publication,https://dps.psx.com.pk/download/document/285088.pdf
"Oct 7, 2026",12:16 PM,SGPL,S.G. Power Limited,Notice of Annual General Meeting,https://dps.psx.com.pk/download/document/285087.pdf
"Oct 7, 2026",12:14 PM,SLCL,Security Leasing Corporation Limited,Progress Report,https://dps.psx.com.pk/download/document/285086.pdf
"Oct 7, 2026",12:09 PM,NETSOL,NetSol Technologies Limited,Notice of Annual General Meeting (After Publication),https://dps.psx.com.pk/download/document/285083.pdf
"Oct 7, 2026",12:08 PM,ARMG,ARM Green Industries Limited,Resignation Of Company Secretary,https://dps.psx.com.pk/download/document/285082.pdf
"Oct 7, 2026",12:07 PM,GEMPACRA,The Pakistan Credit Rating Agency Ltd,"Financial Results for the Year Ended June 30, 2026",https://dps.psx.com.pk/download/document/285081.pdf
"Oct 7, 2026",12:03 PM,SLYT,Sally Textile Mills Limited,Progress Report,https://dps.psx.com.pk/download/document/285080.pdf
"Oct 7, 2026",12:02 PM,MCBIM-FUNDS,MCBIM-FUNDS,PAKISTAN CASH MANAGEMENT FUND (PCF) Daily Dividend Distribution for 06-OCT-26,https://dps.psx.com.pk/download/document/285079.pdf
"Oct 7, 2026",11:59 AM,MCBIM-FUNDS,MCBIM-FUNDS,ALHAMRA DAILY DIVIDEND FUND (ALHDDF) Daily Dividend Distribution for 06-OCT-26,https://dps.psx.com.pk/download/document/285078.pdf
"Oct 7, 2026",11:59 AM,PAKL,Pak Leather Crafts Limited,Transmission of Annual Report,https://dps.psx.com.pk/download/document/285077.pdf
"Oct 7, 2026",11:58 AM,ARUJ,Aruj Industries Limited,Notice of Annual General Meeting 30-06-2026,https://dps.psx.com.pk/download/document/285076.pdf
"Oct 7, 2026",11:55 AM,BNL,Bunnys Limited,Notice of Annual General Meeting,https://dps.psx.com.pk/download/document/285075.pdf
"Oct 7, 2026",11:54 AM,MCBIM-FUNDS,MCBIM-FUNDS,ALHAMRA ISLAMIC MONEY MARKET FUND (ALHIMMF) Daily Dividend Distribution for 06-OCT-26,https://dps.psx.com.pk/download/document/285074.pdf
"Oct 7, 2026",11:54 AM,KSTM,Khalid Siraj Textile Mills Limited,Transmission of Annual Report for the Year Ended 30-06-2026,https://dps.psx.com.pk/download/document/285073.pdf
"Oct 7, 2026",11:53 AM,ACIETF,Alfalah Consumer Index (ETF),Rebalancing of Alfalah Consumer Index ETF (ACIETF),https://dps.psx.com.pk/download/document/285072.pdf
"Oct 7, 2026",11:52 AM,FAYSAL-FUNDS,FAYSAL-FUNDS,Board Meeting,https://dps.psx.com.pk/download/document/285071.pdf
"Oct 7, 2026",11:51 AM,IML,Imperial Limited,Newspaper Publication of Notice of AGM 2026,https://dps.psx.com.pk/download/document/285070.pdf
"Oct 7, 2026",11:47 AM,NML,Nishat Mills Limited,TRANSMISSION OF ANNUAL REPORT,https://dps.psx.com.pk/download/document/285069.pdf
"Oct 7, 2026",11:47 AM,SEL,Sitara Energy Limited,Notice of Annual General Meeting,https://dps.psx.com.pk/download/document/285068.pdf
"Oct 7, 2026",11:43 AM,DADX,Dadex Eternit Limited,Notice of Annual General Meeting,https://dps.psx.com.pk/download/document/285066.pdf
"Oct 7, 2026",11:42 AM,KSTM,Khalid Siraj Textile Mills Limited,Notice of Annual General Meeting,https://dps.psx.com.pk/download/document/285065.pdf
"Oct 7, 2026",11:41 AM,LPGL,Leiner Pak Gelatine Limited,Transmission of Annual Report for The Year Ended 2026-06-30,https://dps.psx.com.pk/download/document/285064.pdf
"Oct 7, 2026",11:39 AM,DBSL,Dadabhoy Sack Limited,"DBSL | Dadabhoy Sack Limited Financial Results for the Year Ended for the year ended June 30, 2026",https://dps.psx.com.pk/download/attachment/285063-1.pdf
"Oct 7, 2026",11:38 AM,DBCI,Dadabhoy Cement Industries Limited,"DBCI | Dadabhoy Cement Industries Limited Financial Results for the Year Ended for the year ended June 30, 2026",https://dps.psx.com.pk/download/attachment/285060-1.pdf
"Oct 7, 2026",11:36 AM,SPL,Sitara Peroxide Limited,Progress Report September 2026,https://dps.psx.com.pk/download/document/285058.pdf
"Oct 7, 2026",11:36 AM,RUBY,Ruby Textile Mills Limited,Transmission of Annual Report for the Year Ended 30-06-2026,https://dps.psx.com.pk/download/document/285057.pdf
"Oct 7, 2026",11:34 AM,LPGL,Leiner Pak Gelatine Limited,NOTICE OF ANNUAL GENERAL MEETING,https://dps.psx.com.pk/download/document/285055.pdf
"Oct 7, 2026",11:31 AM,BAPL,Bawany Air Products Limited,"Financial Results for the Year Ended for the year ended June 30, 2026",https://dps.psx.com.pk/download/document/285053.pdf
"Oct 7, 2026",11:31 AM,OLPM,OLP Modaraba,Publication of Notice of Annual Review Meeting in Newspaper,https://dps.psx.com.pk/download/document/285052.pdf
"Oct 7, 2026",11:31 AM,AGHA,Agha Steel Ind.Ltd,Intimation of Publication of AGM in one English and Urdu News Paper,https://dps.psx.com.pk/download/document/285050.pdf
"Oct 7, 2026",11:27 AM,ISIL,Ismail Industries Limited,"Transmission of Annual Report for the Year Ended June 30, 2026",https://dps.psx.com.pk/download/document/285048.pdf
"Oct 7, 2026",11:26 AM,CFL,Crescent Fibres Limited,NOTICE OF ANNUAL GENERAL MEETING,https://dps.psx.com.pk/download/document/285047.pdf
"Oct 7, 2026",11:26 AM,SHCM,Shadman Cotton Mills Limited,Notice of Annual General Meeting - After its publication,https://dps.psx.com.pk/download/document/285046.pdf
"Oct 7, 2026",11:22 AM,GVGL,Ghani Value Glass Limited,"Transmission of Annual Report for the Year Ended June 30, 2026",https://dps.psx.com.pk/download/document/285045.pdf
"Oct 7, 2026",11:21 AM,LPGL,Leiner Pak Gelatine Limited,FINANCIAL RESULTS FOR THE YEAR ENDED 2026-06-30,https://dps.psx.com.pk/download/document/285044.pdf
"Oct 7, 2026",11:20 AM,OLPM,OLP Modaraba,"Transmission of Annual Report for the Year Ended June 30, 2026",https://dps.psx.com.pk/download/document/285043.pdf
"Oct 7, 2026",11:15 AM,CTM,Colony Textile Mills Limited,Postponement of Board of Directors Meeting and Consolidation of Upcoming Election of Directors with the Annual General Meeting (AGM),https://dps.psx.com.pk/download/document/285041.pdf
"Oct 7, 2026",11:10 AM,OLPM,OLP Modaraba,Notice of Annual Review Meeting,https://dps.psx.com.pk/download/document/285038.pdf
"Oct 7, 2026",11:08 AM,GHGL,Ghani Glass Limited,"Transmission of Annual Report for the Year Ended June 30, 2026",https://dps.psx.com.pk/download/document/285037.pdf
"Oct 7, 2026",11:07 AM,MACTER,Macter International Limited,"Transmission of Annual Report for the Year Ended June 30, 2026",https://dps.psx.com.pk/download/document/285036.pdf
"Oct 7, 2026",11:07 AM,KML,Kohinoor Mills Limited,Notice of Annual General Meeting / Annual Review Meeting 2026,https://dps.psx.com.pk/download/document/285035.pdf
"Oct 7, 2026",11:04 AM,AASM,Al-Abid Silk Mills Limited,Notice of Annual General Meeting,https://dps.psx.com.pk/download/document/285034.pdf
"Oct 7, 2026",11:02 AM,KOHC,Kohat Cement Company Limited,Material Information,https://dps.psx.com.pk/download/document/285032.pdf
"Oct 7, 2026",10:57 AM,CLOV,Clover Pakistan Limited,Notice of the 40th Annual General Meeting,https://dps.psx.com.pk/download/document/285030.pdf
"Oct 7, 2026",10:55 AM,DADX,Dadex Eternit Limited,Newspaper containing Notice of Annual General Meeting of Dadex Eternit Limited.,https://dps.psx.com.pk/download/document/285028.pdf
"Oct 7, 2026",10:53 AM,UBLTFC5,UBLTFC5,Book Closure for the Entitlement of 31st Quarterly Coupon Payments on Additional Tier 1 TFCs issued by United Bank Limited (UBL),https://dps.psx.com.pk/download/document/285027.pdf
"Oct 7, 2026",10:50 AM,SNBL,Soneri Bank Limited,"Disclosure of Interest by a Director CEO, or Executive of a listed company and their Spouses and the Substantial Shareholders u/c 5.6.1.(d) of PSX Regulations",https://dps.psx.com.pk/download/document/285026.pdf
"Oct 7, 2026",10:45 AM,SOYASUP,Agro Processors & Atmospheric Gases Ltd,Transmission of Annual Report for the Year Ended,https://dps.psx.com.pk/download/document/285025.pdf
"Oct 7, 2026",10:42 AM,POL,Pakistan Oilfields Limited,"Disclosure of Interest by a Director CEO, or Executive of a listed company and their Spouses and the Substantial Shareholders u/c 5.6.1.(d) of PSX Regulations",https://dps.psx.com.pk/download/document/285024.pdf
"Oct 7, 2026",10:39 AM,QTECH,Quantum Data Technologies Limited,"Transmission of Annual Report For the Year Ended June 30, 2026 REVISED",https://dps.psx.com.pk/download/document/285023.pdf
"Oct 7, 2026",10:38 AM,BAPL,Bawany Air Products Limited,Notice of Annual General Meeting,https://dps.psx.com.pk/download/document/285022.pdf
"Oct 7, 2026",10:38 AM,STJT,Shahtaj Textile Limited,Notice of Annual General Meeting,https://dps.psx.com.pk/download/document/285021.pdf
"Oct 7, 2026",10:32 AM,CCM,Crescent Cotton Mills Limited,Notice of Annual General Meeting,https://dps.psx.com.pk/download/document/285018.pdf
"Oct 7, 2026",10:27 AM,SSML,Saritow Spinning Mills Limited,Transmission of Annual Report for the Year Ended 30-06-2026,https://dps.psx.com.pk/download/document/285015.pdf
"Oct 7, 2026",10:27 AM,REWM,Reliance Weaving Mills Limited,Notice of AGM (Published in Newspapers),https://dps.psx.com.pk/download/document/285014.pdf
"Oct 7, 2026",10:27 AM,FCCL,Fauji Cement Company Limited,Credit of Final Cash Dividend,https://dps.psx.com.pk/download/document/285013.pdf
"Oct 7, 2026",10:26 AM,SGPL,S.G. Power Limited,Change of Registered Office,https://dps.psx.com.pk/download/document/285012.pdf
"Oct 7, 2026",10:25 AM,HUBC,The Hub Power Company Limited,Disclosure of Material Information,https://dps.psx.com.pk/download/document/285011.pdf
"Oct 7, 2026",10:25 AM,STJT,Shahtaj Textile Limited,Transmission of Annual Report for the Year Ended 30-6-2026,https://dps.psx.com.pk/download/document/285010.pdf
"Oct 7, 2026",10:25 AM,KHTC,Khyber Tobacco Company Limited,Notice of 71st Annual General Meeting 2026,https://dps.psx.com.pk/download/document/285009.pdf
"Oct 7, 2026",10:23 AM,CCM,Crescent Cotton Mills Limited,"Transmission of Annual Report for the Year Ended June 30, 2026",https://dps.psx.com.pk/download/document/285008.pdf
"Oct 7, 2026",10:21 AM,AWTX,Allawasaya Tex. & Finishing Mills Ltd,Notice of Annual General Meeting,https://dps.psx.com.pk/download/document/285006.pdf
"Oct 7, 2026",10:20 AM,ADMM,Artistic Denim Mills Limited,"Transmission of Annual Report for the year ended June 30, 2026",https://dps.psx.com.pk/download/document/285005.pdf
"Oct 7, 2026",10:18 AM,ISIL,Ismail Industries Limited,Notice of Annual General Meeting,https://dps.psx.com.pk/download/document/285004.pdf
"Oct 7, 2026",10:12 AM,PACE,Pace (Pakistan) Limited,Notice of Annual General Meeting,https://dps.psx.com.pk/download/document/285002.pdf
"Oct 7, 2026",10:11 AM,AASM,Al-Abid Silk Mills Limited,"Transmission of Annual Report for the Year ended on June 30, 2026",https://dps.psx.com.pk/download/document/285001.pdf
"Oct 7, 2026",10:09 AM,MDTL,Media Times Limited,Notice of Annual General Meeting,https://dps.psx.com.pk/download/document/285000.pdf
"Oct 7, 2026",10:05 AM,EPCL,Engro Polymer & Chemicals Limited,Board Meeting - Engro Polymer & Chemicals Limited,https://dps.psx.com.pk/download/document/284997.pdf
"Oct 7, 2026",10:05 AM,FCSC,First Capital Securities Corporation,Notice of Annual General Meeting,https://dps.psx.com.pk/download/document/284996.pdf
"Oct 7, 2026",10:00 AM,SINDM,Sindh Modaraba,Board Meeting,
"Oct 7, 2026",9:58 AM,KOSM,Kohinoor Spinning Mills Limited,"Transmission of Annual Report For The Year Ended June 30, 2026",https://dps.psx.com.pk/download/document/284993.pdf
"Oct 7, 2026",9:57 AM,FCEL,First Capital Equities Limited,Notice of Annual General Meeting,https://dps.psx.com.pk/download/document/284992.pdf
"Oct 7, 2026",9:57 AM,SEARL,The Searle Company Limited,"Disclosure of Interest by a Director CEO, or Executive of a listed company and their Spouses and the Substantial Shareholders u/c 5.6.1.(d) of PSX Regulations",
"Oct 7, 2026",9:50 AM,SSOM,S.S.Oil Mills Limited,Notice of Annual General Meeting,https://dps.psx.com.pk/download/document/284990.pdf
"Oct 7, 2026",9:49 AM,LUCK,Lucky Cement Limited,Material Information,https://dps.psx.com.pk/download/document/284989.pdf
"Oct 7, 2026",9:48 AM,CSAP,Crescent Steel & Allied Products Limited,"Transmission of Annual Report for the year ended June 30, 2026",https://dps.psx.com.pk/download/document/284988.pdf
"Oct 7, 2026",9:47 AM,DSFL,Dewan Salman Fibre Limited,"Transmission of Annual Report for the Year Ended June 30,2026",https://dps.psx.com.pk/download/document/284987.pdf
"Oct 7, 2026",9:43 AM,WAHDAT,Wahdat Poultry Farm Limited,"Disclosure of Interest by a Director CEO, or Executive of a listed company and their Spouses and the Substantial Shareholders u/c 5.6.1.(d) of PSX Regulations",
"Oct 7, 2026",9:38 AM,MARI,Mari Energies Limited,Dissemination Of Video Recording Of Corporate Briefing Session,
"Oct 7, 2026",9:38 AM,SERT,Service Industries Textiles Limited,Notice of Annual General Meeting,https://dps.psx.com.pk/download/document/284981.pdf
"Oct 7, 2026",9:35 AM,QTECH,Quantum Data Technologies Limited,Notice of Annual General Meeting,https://dps.psx.com.pk/download/document/284980.pdf
"Oct 7, 2026",9:32 AM,MUGHAL,Mughal Iron & Steel Industries Limited,"Transmission of Annual Report for the Year Ended June 30, 2026",https://dps.psx.com.pk/download/document/284978.pdf
"Oct 7, 2026",9:26 AM,QTECH,Quantum Data Technologies Limited,"Transmission of Annual Report For the Year Ended June 30, 2026 REVOKED",https://dps.psx.com.pk/download/document/284974.pdf
"Oct 7, 2026",9:19 AM,QTECH,Quantum Data Technologies Limited,"Financial Results for year Ended June 30, 2026",https://dps.psx.com.pk/download/document/284971.pdf
"Oct 7, 2026",9:14 AM,GUTM,Gulistan Textile Mills Limited,Notice of Annual general Meting,https://dps.psx.com.pk/download/document/284970.pdf
"Oct 7, 2026",9:12 AM,ZAL,Zarea Limited,"Successful Issuance of SUKUK - PKR 2,000,000,000/-",https://dps.psx.com.pk/download/document/284968.pdf
"Oct 7, 2026",9:10 AM,YOUW,Yousaf Weaving Mills Limited,Notice of Annual General Meeting,https://dps.psx.com.pk/download/document/284967.pdf
"Oct 7, 2026",9:10 AM,GUSM,Gulistan Spinning Mills Limited,Notice of Anual General Meeting,https://dps.psx.com.pk/download/document/284966.pdf
"Oct 7, 2026",9:07 AM,HTL,Hi-Tech Lubricants Limited,Transmission of Annual Report 2026,https://dps.psx.com.pk/download/document/284964.pdf
"Oct 7, 2026",9:06 AM,GAMON,Gammon Pakistan Limited,"Notice of Annual General Meeting scheduled on October 28, 2026",https://dps.psx.com.pk/download/document/284963.pdf
"Oct 7, 2026",9:06 AM,DIIL,Diamond Industries Limited,Transmission of Annual Financial Statements for the Year Ended 2026-06-30,https://dps.psx.com.pk/download/document/284962.pdf
"Oct 7, 2026",9:05 AM,ICCI,ICC Industries Limited,Notice of Annual General Meeting,https://dps.psx.com.pk/download/document/284960.pdf
"Oct 7, 2026",9:04 AM,PASM,Paramount Spinning Mills Limited,Notice Of Annual General Meeting,https://dps.psx.com.pk/download/document/284959.pdf
"Oct 7, 2026",9:03 AM,YOUW,Yousaf Weaving Mills Limited,"Transmission of Annual Report for the Year Ended June 30, 2026",https://dps.psx.com.pk/download/document/284958.pdf
"Oct 7, 2026",9:02 AM,ZTL,Zephyr Textiles Limited,TRANSMISSION OF ANNUAL FINANCIAL STATEMENT FOR THE YEAR ENDED 2026,https://dps.psx.com.pk/download/document/284957.pdf
"Oct 7, 2026",9:01 AM,PSX,Pakistan Stock Exchange Limited,Certified True Copy of Resolutions Passed at 79th Annual General Meeting,https://dps.psx.com.pk/download/document/284955.pdf
"Oct 7, 2026",9:00 AM,GEMNETS,Nets International Communication Limited,Notice of Annual General Meeting,https://dps.psx.com.pk/download/document/284954.pdf
"Oct 7, 2026",8:59 AM,JSMFETF,JS Momentum Factor Exchange Traded Fund,Rebalancing of JS Momentum Factor Exchange Traded Fund (JSMFETF).,https://dps.psx.com.pk/download/document/284952.pdf
"Oct 7, 2026",8:59 AM,GAMON,Gammon Pakistan Limited,"Financial Results for the Year Ended June 30, 2026",https://dps.psx.com.pk/download/document/284951.pdf
"Oct 7, 2026",8:58 AM,GSPM,Gulshan Spinning Mills Limited,Notice of Anual General Meeting,https://dps.psx.com.pk/download/document/284950.pdf
"Oct 7, 2026",8:58 AM,YOUW,Yousaf Weaving Mills Limited,"Financial Results for the Year Ended June 30, 2026",https://dps.psx.com.pk/download/document/284949.pdf
"Oct 7, 2026",8:56 AM,DSL,Dost Steels Limited,Change of Registered Office,https://dps.psx.com.pk/download/document/284947.pdf
"Oct 7, 2026",8:56 AM,ICCI,ICC Industries Limited,"Financial Results for the Year Ended June 30, 2026",https://dps.psx.com.pk/download/document/284945.pdf
"Oct 7, 2026",8:55 AM,SNGP,Sui Northern Gas Pipelines Limited,"APPLICATION FOR EXTENSION IN TIME FOR HOLDING OF ANNUAL GENERAL MEETING FOR THE YEAR ENDED JUNE 30, 2026, UNDER SECTION 132 READ WITH SECTION 223 OF THE COMPANIES ACT, 2017",https://dps.psx.com.pk/download/document/284944.pdf
"Oct 7, 2026",8:54 AM,PSO,Pakistan State Oil Company Limited,"Transmission of Annual Report for the year ended June 30, 2026",https://dps.psx.com.pk/download/document/284943.pdf
"Oct 7, 2026",8:53 AM,NSRM,The National Silk & Rayon Mills Limited,Transmission of Annual Report for the Year Ended 2026-06-30,https://dps.psx.com.pk/download/document/284941.pdf
"Oct 7, 2026",8:53 AM,MFL,Matco Foods Limited,Transmission of Annual Report for the Year Ended,https://dps.psx.com.pk/download/document/284940.pdf
"Oct 7, 2026",8:50 AM,NCML,Nazir Cotton Mills Limited,NOTICE OF ANNUAL GENERAL MEETING,https://dps.psx.com.pk/download/document/284939.pdf
"Oct 7, 2026",8:50 AM,MFL,Matco Foods Limited,Notice of Annual General Meeting,https://dps.psx.com.pk/download/document/284938.pdf
"Oct 7, 2026",8:46 AM,STYLERS,Stylers International Limited,Transmission of Annual Report for the Year Ended 30-06-2026,https://dps.psx.com.pk/download/document/284937.pdf
"Oct 7, 2026",8:39 AM,FEM,First Equity Modaraba,"Financial Result for the Year Ended June 30, 2026",https://dps.psx.com.pk/download/document/284936.pdf
"Oct 7, 2026",8:37 AM,KTML,Kohinoor Textile Mills Limited,Notice of Corporate Briefing Session,
"Oct 7, 2026",8:34 AM,UDLI,UDL International Limited,"Transmission of Annual Report for the Year Ended June 30,2026",https://dps.psx.com.pk/download/document/284934.pdf
"Oct 7, 2026",8:33 AM,MLCF,Maple Leaf Cement Factory Limited,Notice of Corporate Briefing Session,
"Oct 7, 2026",8:32 AM,ESBL,Escorts Investment Bank Limited,"Financial Results for the Year Ended June 30, 2026",https://dps.psx.com.pk/download/document/284932.pdf
"Oct 7, 2026",8:28 AM,TSPL,Tri-Star Power Limited,Financial Results - Regarding,https://dps.psx.com.pk/download/document/284931.pdf
"Oct 7, 2026",8:22 AM,TSMF,Tri-Star Mutual Fund Limited,Financial Results for the Year Ended 2026-06-30,https://dps.psx.com.pk/download/document/284930.pdf
"Oct 7, 2026",8:19 AM,LEUL,Leather Up Limited,Notice of Annual General Meeting,https://dps.psx.com.pk/download/document/284929.pdf
"Oct 7, 2026",8:17 AM,LEUL,Leather Up Limited,Financial Results for the Year Ended 30-June-2026,https://dps.psx.com.pk/download/document/284928.pdf
"Oct 7, 2026",8:12 AM,RPL,Roshan Packages Limited,"Transmission of the Annual Report for the year Ended 30 June, 2026",https://dps.psx.com.pk/download/document/284926.pdf
"Oct 7, 2026",8:09 AM,MEHT,Mehmood Textile Mills Limited,Financial Results for the year ended 30.6.2026 REVOKED,https://dps.psx.com.pk/download/document/284925.pdf
"Oct 7, 2026",8:07 AM,TOMCL,The Organic Meat Company Limited,Transmission of Annual Report for the Year Ended 30-06-2026,https://dps.psx.com.pk/download/document/284924.pdf
"Oct 7, 2026",8:06 AM,SNAI,Sana Industries Limited,"Transmission of Annual Report for the Year Ended June 30, 2026",https://dps.psx.com.pk/download/document/284923.pdf
"Oct 7, 2026",8:04 AM,MACTER,Macter International Limited,Notice of Annual General Meeting,https://dps.psx.com.pk/download/document/284922.pdf
"Oct 7, 2026",8:00 AM,ENGROH,Engro Holdings Limited,Reporting of shares purchased (buy-back) by Engro Holdings Limited,https://dps.psx.com.pk/download/document/284921.pdf
"Oct 7, 2026",8:00 AM,PGLC,Pak-Gulf Leasing Company Limited,"Transmission of Annual Report for the Year Ended June 30, 2026",https://dps.psx.com.pk/download/document/284920.pdf
"Oct 6, 2026",3:29 PM,GGGL,Ghani Global Glass Limited,"GGGL | Ghani Global Glass Limited Transmission of Financial Statements for the year ended June 30, 2026",https://dps.psx.com.pk/download/attachment/284910-1.pdf
"Oct 6, 2026",3:29 PM,MLCF,Maple Leaf Cement Factory Limited,MLCF | Maple Leaf Cement Factory Limited Corporate Briefing Session 2026,https://dps.psx.com.pk/download/attachment/284914-1.pdf
"Oct 6, 2026",3:29 PM,ZAHID,Zahidjee Textile Mills Limited,Notice of Annual General Meeting Published,https://dps.psx.com.pk/download/document/284909.pdf
"Oct 6, 2026",3:29 PM,MFL,Matco Foods Limited,"MFL | Matco Foods Limited Transmission of Annual Report for the Year Ended June 30, 2026 REVOKED",https://dps.psx.com.pk/download/attachment/284917-1.pdf
"Oct 6, 2026",3:29 PM,KTML,Kohinoor Textile Mills Limited,KTML | Kohinoor Textile Mills Limited Corporate Briefing Session 2026,https://dps.psx.com.pk/download/attachment/284913-1.pdf
"Oct 6, 2026",3:29 PM,STPL,Siddiqsons Tin Plate Limited,Board Meeting in Progress,
"Oct 6, 2026",3:29 PM,SZTM,Shahzad Textile Mills Limited,SZTM | Shahzad Textile Mills Limited NOTICE OF ANNAUL GENERAL MEETING,https://dps.psx.com.pk/download/attachment/284911-1.pdf
"Oct 6, 2026",3:29 PM,HTL,Hi-Tech Lubricants Limited,"HTL | Hi-Tech Lubricants Limited Transmission of Annual Report for the Year Ended June 30, 2026",https://dps.psx.com.pk/download/attachment/284912-1.pdf
"Oct 6, 2026",3:29 PM,RPL,Roshan Packages Limited,"RPL | Roshan Packages Limited Transmission of Annual Report for the Year Ended June 30, 2026",https://dps.psx.com.pk/download/attachment/284915-1.pdf
"Oct 6, 2026",3:28 PM,MFL,Matco Foods Limited,MFL | Matco Foods Limited NOTICE OF ANNAUL GENERAL MEETING REVOKED,https://dps.psx.com.pk/download/attachment/284916-1.pdf
"Oct 6, 2026",3:28 PM,PNSC,Pakistan National Shipping Corporation,PNSC - Notice of 48th Annual General Meeting,https://dps.psx.com.pk/download/document/284907.pdf
"Oct 6, 2026",3:27 PM,FZCM,Fazal Cloth Mills Limited,"Transmission of Financial Statements for the year ended June 30, 2026 REVOKED",https://dps.psx.com.pk/download/document/284906.pdf
"Oct 6, 2026",3:25 PM,GAMON,Gammon Pakistan Limited,"Financial Results for the Year Ended June 30, 2026",https://dps.psx.com.pk/download/document/284905.pdf
"Oct 6, 2026",3:23 PM,KHYT,Khyber Textile Mills Limited,Transmission of Annual Report for the Year Ended 30-06-2026,https://dps.psx.com.pk/download/document/284904.pdf
"Oct 6, 2026",3:23 PM,NML,Nishat Mills Limited,NOTICE OF ANNUAL GENERAL MEETING,https://dps.psx.com.pk/download/document/284903.pdf
"Oct 6, 2026",3:22 PM,TSPL,Tri-Star Power Limited,Board Meeting In Progress,
"Oct 6, 2026",3:21 PM,IML,Imperial Limited,Notice of Annual General Meeting,https://dps.psx.com.pk/download/document/284901.pdf
"Oct 6, 2026",3:21 PM,KOHP,Kohinoor Power Company Limited,"Transmission of Annual Report for the Year Ended June 30, 2026",https://dps.psx.com.pk/download/document/284900.pdf
"Oct 6, 2026",3:21 PM,GUTM,Gulistan Textile Mills Limited,Financial Results For the year Ended 2026-06-30,https://dps.psx.com.pk/download/document/284899.pdf
"Oct 6, 2026",3:20 PM,SSML,Saritow Spinning Mills Limited,Notice of Annual General Meeting dated 28-10-2026,https://dps.psx.com.pk/download/document/284898.pdf
"Oct 6, 2026",3:19 PM,FNEL,First National Equities Limited,Transmission of Annual Report for the Year Ended,https://dps.psx.com.pk/download/document/284897.pdf
"Oct 6, 2026",3:19 PM,MERIT,Merit Packaging Limited,NOTICE OF ANNUAL GENERAL MEETING,https://dps.psx.com.pk/download/document/284896.pdf
"Oct 6, 2026",3:18 PM,SMCPL,Safe Mix Concrete Limited,Transmission of Annual Report for the Year Ended 30-06-2026,https://dps.psx.com.pk/download/document/284894.pdf
"Oct 6, 2026",3:18 PM,BRRG,B.R.R Guardian Limited,"Transmission OF Annual Report for the year ended June 30, 2026 of BRR Guardian Limited",https://dps.psx.com.pk/download/document/284893.pdf
"Oct 6, 2026",3:18 PM,TSMF,Tri-Star Mutual Fund Limited,Board Meeting In Progress,
"Oct 6, 2026",3:18 PM,KOHP,Kohinoor Power Company Limited,Notice of Annual General Meeting,https://dps.psx.com.pk/download/document/284891.pdf
"Oct 6, 2026",3:18 PM,GSPM,Gulshan Spinning Mills Limited,Financial Results for the Year Ended 30-06-2026,https://dps.psx.com.pk/download/document/284890.pdf
"Oct 6, 2026",3:17 PM,BAPL,Bawany Air Products Limited,"Financial Results for the Year Ended June 30, 2026 REVOKED",https://dps.psx.com.pk/download/document/284889.pdf
"Oct 6, 2026",3:16 PM,FML,Feroze1888 Mills Limited,Publication of Notice of Annual General Meeting,https://dps.psx.com.pk/download/document/284887.pdf
"Oct 6, 2026",3:16 PM,TREET,Treet Corporation Limited,Transmission of Annual Report of Treet Corporation Limited for the Year Ended 30-06-2026,https://dps.psx.com.pk/download/document/284886.pdf
"Oct 6, 2026",3:16 PM,GCIL,Ghani Chemical Industries Limited,"Transmission of Annual Report for the Year Ended June 30, 2026 REVOKED",https://dps.psx.com.pk/download/document/284885.pdf
"Oct 6, 2026",3:16 PM,OML,Olympia Mills Limited,Transmission of Annual Report for the Year Ended 30 June 2026,https://dps.psx.com.pk/download/document/284884.pdf
"Oct 6, 2026",3:16 PM,AMTEX,Amtex Limited,"Financial Results for the Year Ended June 30, 2026",https://dps.psx.com.pk/download/document/284883.pdf
"Oct 6, 2026",3:15 PM,PNSC,Pakistan National Shipping Corporation,"Transmission of Annual Report for the Year Ended June 30, 2026",https://dps.psx.com.pk/download/document/284882.pdf
"Oct 6, 2026",3:15 PM,KOIL,Kohinoor Industries Limited,Transmission of Annual Report for the Year Ended 30-06-2026,https://dps.psx.com.pk/download/document/284881.pdf
"Oct 6, 2026",3:15 PM,CNERGY,Cnergyico PK Limited,Transmission of Annual Financial Statements for the Year Ended 30th June 2026,https://dps.psx.com.pk/download/document/284880.pdf
"Oct 6, 2026",3:14 PM,PASM,Paramount Spinning Mills Limited,Financial Results for the year Ended 30-10-2026,https://dps.psx.com.pk/download/document/284879.pdf
"Oct 6, 2026",3:13 PM,FIMM,First Imrooz Modaraba,Notice of Annual Review Meeting for the year ended 30-June-2026,https://dps.psx.com.pk/download/document/284878.pdf
"Oct 6, 2026",3:13 PM,STL,Supernet Technologies Limited,"Notice of 47th Annual General Meeting, Statement of Material Facts u/s 134(3) of the Companies Act, 2017 and Postal Ballot Paper REVOKED",https://dps.psx.com.pk/download/document/284877.pdf
"Oct 6, 2026",3:13 PM,SAPT,Sapphire Textile Mills Limited,Transmission of Annual Report for the Year Ended 30.06.2026,https://dps.psx.com.pk/download/document/284875.pdf
"Oct 6, 2026",3:13 PM,UBDL,United Brands Limited,"Transmission of Annual Report for the Year Ended June 30, 2026",https://dps.psx.com.pk/download/document/284874.pdf
"Oct 6, 2026",3:13 PM,ILP,Interloop Limited,"Notice u/s 159(4) of The Companies Act, 2017 Regarding Election of Directors",https://dps.psx.com.pk/download/document/284873.pdf
"Oct 6, 2026",3:11 PM,CNERGY,Cnergyico PK Limited,Notice of 32nd Annual General Meeting,https://dps.psx.com.pk/download/document/284872.pdf
"Oct 6, 2026",3:11 PM,MERIT,Merit Packaging Limited,"TRANSMISSION OF ANNUAL REPORT FOR THE YEAR ENDED JUNE 30, 2026 REVOKED",https://dps.psx.com.pk/download/document/284871.pdf
"Oct 6, 2026",3:11 PM,TOMCL,The Organic Meat Company Limited,Notice of Annual General Meeting,https://dps.psx.com.pk/download/document/284870.pdf
"Oct 6, 2026",3:10 PM,GUSM,Gulistan Spinning Mills Limited,Financial Result for the year Ended 2026-06-30,https://dps.psx.com.pk/download/document/284869.pdf
"Oct 6, 2026",3:09 PM,AHCL,Arif Habib Corporation Limited,Notice of Annual General Meeting,https://dps.psx.com.pk/download/document/284868.pdf
"Oct 6, 2026",3:09 PM,GVGL,Ghani Value Glass Limited,Notice of Annual General Meeting Ghani Value Glass Limited,https://dps.psx.com.pk/download/document/284867.pdf
"Oct 6, 2026",3:09 PM,BFAGRO,Barkat Frisian Agro Limited,Notice of Annual General Meeting,https://dps.psx.com.pk/download/document/284866.pdf
"Oct 6, 2026",3:09 PM,FML,Feroze1888 Mills Limited,Transmission of Annual Report for the Year Ended 30 June 2026,https://dps.psx.com.pk/download/document/284865.pdf
"Oct 6, 2026",3:07 PM,MACFL,MACPAC Films Limited,Transmission of Annual Report for the Year Ended 30 June 2026,https://dps.psx.com.pk/download/document/284864.pdf
"Oct 6, 2026",3:06 PM,FLYNG,Flying Cement Company Limited,Notice of Annual General Meeting,https://dps.psx.com.pk/download/document/284862.pdf
"Oct 6, 2026",3:06 PM,PICT,Pakistan International Container,Appointment of Chief Financial Officer,https://dps.psx.com.pk/download/document/284861.pdf
"Oct 6, 2026",3:05 PM,FML,Feroze1888 Mills Limited,Publication of Notice of Extraordinary General Meeting,https://dps.psx.com.pk/download/document/284859.pdf
"Oct 6, 2026",3:04 PM,SUTM,Sunrays Textile Mills Limited,Notice of Annual General Meeting Before Publication in Newspapers,https://dps.psx.com.pk/download/document/284858.pdf
"Oct 6, 2026",3:02 PM,CPHL,Citi Pharma Ltd.,Notice of Annual General Meeting (Prior to Publication),https://dps.psx.com.pk/download/document/284857.pdf
"Oct 6, 2026",3:01 PM,IDYM,Indus Dyeing & Manufacturing Co. Limited,Notice of Annual General Meeting Before Publication in Newspapers,https://dps.psx.com.pk/download/document/284856.pdf
"Oct 6, 2026",3:00 PM,TBL,Treet Battery Limited.,Transmission of Annual Report of Treet Battery Limited for the Year Ended 30-06-2026,https://dps.psx.com.pk/download/document/284855.pdf
"Oct 6, 2026",2:58 PM,GCWL,Ghani Chemworld Limited,"Transmission of Annual Report for the Year Ended June 30, 2026 - GHANI CHEMWORLD LIMITED",https://dps.psx.com.pk/download/document/284854.pdf
"Oct 6, 2026",2:57 PM,UBL,United Bank Limited,"Disclosure of Interest by a Director CEO, or Executive of a listed company and their Spouses and the Substantial Shareholders u/c 5.6.1.(d) of PSX Regulations",
"Oct 6, 2026",2:55 PM,ICCI,ICC Industries Limited,Board Meeting In Progress,
"Oct 6, 2026",2:52 PM,FTMM,First Treet Manufacturing Modaraba,Transmission of Annual Report of First Treet Manufacturing Modaraba for the Year Ended 30-06-2026,https://dps.psx.com.pk/download/document/284851.pdf
"Oct 6, 2026",2:50 PM,PSO,Pakistan State Oil Company Limited,Notice of Annual General Meeting,https://dps.psx.com.pk/download/document/284850.pdf
"Oct 6, 2026",2:50 PM,SPSL,Sitara Petroleum Service Limited,Notice of Annual General Meeting,https://dps.psx.com.pk/download/document/284849.pdf
"Oct 6, 2026",2:47 PM,CPPL,Cherat Packaging Limited,Notice of Corporate Briefing Session,https://dps.psx.com.pk/download/document/284848.pdf
"Oct 6, 2026",2:46 PM,FECM,First Elite Capital Modaraba,Publication of the Notice of Annual Review Meeting in Newspaper,https://dps.psx.com.pk/download/document/284847.pdf
"Oct 6, 2026",2:44 PM,SHEZ,Shezan International Limited,Notice of 63rd Annual General Meeting_Post Publication,https://dps.psx.com.pk/download/document/284846.pdf
"Oct 6, 2026",2:44 PM,TREET,Treet Corporation Limited,Notice of Annual General Meeting of Treet Corporation Limited,https://dps.psx.com.pk/download/document/284845.pdf
"Oct 6, 2026",2:44 PM,PCAL,Pakistan Cables Limited,"Certified True Copy of the Resolutions Passed in Annual General Meeting held on 6th October, 2026",https://dps.psx.com.pk/download/document/284844.pdf
"Oct 6, 2026",2:43 PM,KOIL,Kohinoor Industries Limited,Notice of Annual General Meeting dated 28-10-2026,https://dps.psx.com.pk/download/document/284843.pdf
"Oct 6, 2026",2:43 PM,UDLI,UDL International Limited,Notice of Annual General Meeting,https://dps.psx.com.pk/download/document/284842.pdf
"Oct 6, 2026",2:42 PM,ZUMA,Zuma Resources Limited,Notice of Annual General Meeting,https://dps.psx.com.pk/download/document/284841.pdf
"Oct 6, 2026",2:40 PM,AKDHL,AKD Hospitality Limited,Transmission of Annual Report for the Year Ended 30th June 2026,https://dps.psx.com.pk/download/document/284839.pdf
"Oct 6, 2026",2:36 PM,FSWL,Fateh Sports Wear Limited,QUARTERLY PROGRESS REPORT,https://dps.psx.com.pk/download/document/284836.pdf
"Oct 6, 2026",2:35 PM,RUPL,Rupali Polyester Limited,Transmission of Annual Report for the Year Ended 30.06.2026,https://dps.psx.com.pk/download/document/284835.pdf
"Oct 6, 2026",2:34 PM,RUBY,Ruby Textile Mills Limited,"Financial Results for the Year Ended June 30, 2026",https://dps.psx.com.pk/download/document/284834.pdf
"Oct 6, 2026",2:34 PM,SHDT,Shadab Textile Mills Limited,"Transmission of Annual Financial Statements for the Year Ended June 30, 2026",https://dps.psx.com.pk/download/document/284833.pdf
"Oct 6, 2026",2:33 PM,FEROZ,Ferozsons Laboratories Limited,Notice of Annual General Meeting prior to publication,https://dps.psx.com.pk/download/document/284832.pdf
"Oct 6, 2026",2:32 PM,BFBIO,BF Biosciences Limited,Notice of Annual General Meeting prior to publication,https://dps.psx.com.pk/download/document/284830.pdf
"Oct 6, 2026",2:30 PM,SZTM,Shahzad Textile Mills Limited,"FINANCIAL RESULTS FOR THE YEAR ENDED JUNE 30, 2026",https://dps.psx.com.pk/download/document/284829.pdf
"Oct 6, 2026",2:29 PM,HRPL,Habib Rice Product Limited.,Mandatory Shariah Disclosures for the Year Ended - 30 June 2026,https://dps.psx.com.pk/download/document/284828.pdf
"Oct 6, 2026",2:28 PM,CFL,Crescent Fibres Limited,"FINANCIAL RESULTS FOR THE YEAR ENDED JUNE 30, 2026",https://dps.psx.com.pk/download/document/284827.pdf
"Oct 6, 2026",2:26 PM,SMCPL,Safe Mix Concrete Limited,Notice of 20th Annual General Meeting of Safe Mix Concrete Limited,https://dps.psx.com.pk/download/document/284825.pdf
"Oct 6, 2026",2:21 PM,PECO,Pakistan Engineering Company Limited,"Transmission of Annual Report for the Year Ended June 30, 2026",https://dps.psx.com.pk/download/document/284824.pdf
"Oct 6, 2026",2:19 PM,SASML,Sindh Abadgars Sugar Mills Limited,"Disclosure of Interest by a Director CEO, or Executive of a listed company and their Spouses and the Substantial Shareholders u/c 5.6.1.(d) of PSX Regulations",
"Oct 6, 2026",2:18 PM,HRPL,Habib Rice Product Limited.,Transmission of Annual Report for the Year Ended - 30 June 2026,https://dps.psx.com.pk/download/document/284821.pdf
"Oct 6, 2026",2:15 PM,SERT,Service Industries Textiles Limited,"Financial Results for the Year Ended June 30,2026",https://dps.psx.com.pk/download/document/284820.pdf
"Oct 6, 2026",2:14 PM,OTSU,Otsuka Pakistan Limited,"Transmission of Annual Report for the Year Ended June 30, 2026",https://dps.psx.com.pk/download/document/284819.pdf
"Oct 6, 2026",2:07 PM,FATIMA,Fatima Fertilizer Company Limited,Appointment of Chairman and Chief Executive Officer,https://dps.psx.com.pk/download/document/284818.pdf
"Oct 6, 2026",2:07 PM,GHGL,Ghani Glass Limited,Notice of Annual General Meeting Ghani Glass Limited,https://dps.psx.com.pk/download/document/284817.pdf
"Oct 6, 2026",2:03 PM,SFL,Sapphire Fibres Limited,Transmission of Annual Report for the Year Ended 30-06-2026,https://dps.psx.com.pk/download/document/284816.pdf
"Oct 6, 2026",2:03 PM,NCML,Nazir Cotton Mills Limited,"FINANCIAL RESULTS FOR THE YEAR ENDED JUNE 30, 2026",https://dps.psx.com.pk/download/document/284815.pdf
"Oct 6, 2026",2:02 PM,RUBY,Ruby Textile Mills Limited,Notice of Annual General Meeting,https://dps.psx.com.pk/download/document/284814.pdf
"Oct 6, 2026",1:59 PM,HUSI,Husein Industries Limited,Financial Results for the Year Ended 30 June 2026,https://dps.psx.com.pk/download/document/284812.pdf
"Oct 6, 2026",1:55 PM,BNL,Bunnys Limited,Financial Results for the Year Ended,https://dps.psx.com.pk/download/document/284811.pdf
"Oct 6, 2026",1:47 PM,SZTM,Shahzad Textile Mills Limited,Change of Independent Director/Chairman of the Audit Committee,https://dps.psx.com.pk/download/document/284810.pdf
"Oct 6, 2026",1:46 PM,AKDHL,AKD Hospitality Limited,Notice of Annual General Meeting Post Publication,https://dps.psx.com.pk/download/document/284809.pdf
"Oct 6, 2026",1:45 PM,FTMM,First Treet Manufacturing Modaraba,Notice of Annual Review Meeting of First Treet Manufacturing Modaraba,https://dps.psx.com.pk/download/document/284808.pdf
"Oct 6, 2026",1:43 PM,TBL,Treet Battery Limited.,Notice of Annual General Meeting of Treet Battery Limited,https://dps.psx.com.pk/download/document/284807.pdf
"Oct 6, 2026",1:23 PM,CRTM,The Crescent Textile Mills Limited,Transmission of Annual Report for the Year Ended 2026-06-30,https://dps.psx.com.pk/download/document/284805.pdf
"Oct 6, 2026",1:17 PM,MCBIM-FUNDS,MCBIM-FUNDS,ALHAMRA DAILY DIVIDEND FUND (ALHDDF) Daily Dividend Distribution for 05-OCT-26,https://dps.psx.com.pk/download/document/284802.pdf
"Oct 6, 2026",1:16 PM,MCBIM-FUNDS,MCBIM-FUNDS,PAKISTAN CASH MANAGEMENT FUND (PCF) Daily Dividend Distribution for 05-OCT-26,https://dps.psx.com.pk/download/document/284801.pdf
"Oct 6, 2026",1:16 PM,MCBIM-FUNDS,MCBIM-FUNDS,ALHAMRA ISLAMIC MONEY MARKET FUND (ALHIMMF) Daily Dividend Distribution for 05-OCT-26,https://dps.psx.com.pk/download/document/284800.pdf
"Oct 6, 2026",1:11 PM,WASL,Wasl Mobility Modaraba,Notice of Annual Review Meeting -2026,https://dps.psx.com.pk/download/document/284799.pdf
"Oct 6, 2026",1:10 PM,FZCM,Fazal Cloth Mills Limited,"Notice of Annual General Meeting, Ballot Paper and Proxy Form",https://dps.psx.com.pk/download/document/284798.pdf
"Oct 6, 2026",1:09 PM,MUGHAL,Mughal Iron & Steel Industries Limited,Notice of Ultimate Beneficial Ownership,https://dps.psx.com.pk/download/document/284797.pdf
"Oct 6, 2026",1:06 PM,FIMM,First Imrooz Modaraba,Transmission of Annual Report of First Imrooz Modaraba for the year ended 30-June-2026,https://dps.psx.com.pk/download/document/284796.pdf
"Oct 6, 2026",1:06 PM,REDCO,Redco Textiles Limited,Notice of Annual General Meeting after Publication,https://dps.psx.com.pk/download/document/284795.pdf
"Oct 6, 2026",1:04 PM,INKL,International Knitwear Limited,Transmission of Annual Financial Statements for the Year Ended 30 June 2026,https://dps.psx.com.pk/download/document/284794.pdf
"Oct 6, 2026",1:03 PM,WASL,Wasl Mobility Modaraba,"Transmission of Annual Report for the Year Ended 30 June, 2026",https://dps.psx.com.pk/download/document/284793.pdf
"Oct 6, 2026",1:02 PM,DIIL,Diamond Industries Limited,Notice of Annual General Meeting,https://dps.psx.com.pk/download/document/284792.pdf
"Oct 6, 2026",1:01 PM,AHL,Arif Habib Limited,Notice of Extra Ordinary General Meeting 2026 - Arif Habib Limited,https://dps.psx.com.pk/download/document/284791.pdf
"Oct 6, 2026",12:58 PM,AHTM,Ahmad Hassan Textile Mills Limited,Notice of Annual General Meeting,https://dps.psx.com.pk/download/document/284790.pdf
"Oct 6, 2026",12:57 PM,KOHE,Kohinoor Energy Limited,"Transmission of Annual Report for the Year Ended June 30, 2026",https://dps.psx.com.pk/download/document/284789.pdf
"Oct 6, 2026",12:57 PM,ARUJ,Aruj Industries Limited,Financial Results for the Year Ended 30-06-2026,https://dps.psx.com.pk/download/document/284788.pdf
"Oct 6, 2026",12:54 PM,INKL,International Knitwear Limited,Notice of Annual General Meeting,https://dps.psx.com.pk/download/document/284787.pdf
"Oct 6, 2026",12:52 PM,SHFA,Shifa International Hospitals Limited,"Disclosure of Interest by a Director CEO, or Executive of a listed company and their Spouses and the Substantial Shareholders u/c 5.6.1.(d) of PSX Regulations",https://dps.psx.com.pk/download/document/284785.pdf
"Oct 6, 2026",12:47 PM,MDTL,Media Times Limited,Transmission of Annual Financial Statements for the Year Ended 30-06-2026,https://dps.psx.com.pk/download/document/284782.pdf
"Oct 6, 2026",12:47 PM,SHEZ,Shezan International Limited,Transmission of Annual Report for the Year Ended 30 June 2026,https://dps.psx.com.pk/download/document/284781.pdf
"Oct 6, 2026",12:45 PM,MCBIM,MCB Investment Management Limited.,Notice of 26th Annual General Meeting (Published),https://dps.psx.com.pk/download/document/284780.pdf
"Oct 6, 2026",12:44 PM,MUGHAL,Mughal Iron & Steel Industries Limited,Notice of Annual General Meeting - FY 2026,https://dps.psx.com.pk/download/document/284779.pdf
"Oct 6, 2026",12:43 PM,EFUL,EFU Life Assurance Limited,Credit of Unpaid Rights into CDS - EFUL,https://dps.psx.com.pk/download/document/284778.pdf
"Oct 6, 2026",12:43 PM,SSOM,S.S.Oil Mills Limited,"Financial Results for the Year Ended June 30, 2026",https://dps.psx.com.pk/download/document/284777.pdf
"Oct 6, 2026",12:42 PM,GEMPAPL,Pak Agro Packaging Limited(GEM),Transmission of Annual Report for the Year Ended 30 June 2026,https://dps.psx.com.pk/download/document/284776.pdf
"Oct 6, 2026",12:41 PM,TCORP,Tariq Corporation Limited,"Disclosure of Interest by a Director CEO, or Executive of a listed company and their Spouses and the Substantial Shareholders u/c 5.6.1.(d) of PSX Regulations",
"Oct 6, 2026",12:39 PM,RPL,Roshan Packages Limited,NOTICE OF ANNUAL GENERAL MEETING,https://dps.psx.com.pk/download/document/284773.pdf
"Oct 6, 2026",12:37 PM,INIL,International Industries Limited,Presentation of Corporate Briefing Session 2026,https://dps.psx.com.pk/download/document/284772.pdf
"Oct 6, 2026",12:36 PM,ACPL,Attock Cement Pakistan Limited,Addendum to notice of extraordinary general meeting,https://dps.psx.com.pk/download/document/284771.pdf
"Oct 6, 2026",12:30 PM,EFUL,EFU Life Assurance Limited,"Credit of Unpaid Right Shares into CDS in Book-Entry Form, Payment Procedure and Payment Schedule - Right Issue of EFU Life Assurance Limited",https://dps.psx.com.pk/download/document/284769.pdf
"Oct 6, 2026",12:30 PM,UBDL,United Brands Limited,Notice of Annual General Meeting REVISED,https://dps.psx.com.pk/download/document/284768.pdf
"Oct 6, 2026",12:24 PM,KOHE,Kohinoor Energy Limited,Notice of Annual General Meeting,https://dps.psx.com.pk/download/document/284765.pdf
"Oct 6, 2026",12:06 PM,EFUL,EFU Life Assurance Limited,Notice of Declaration of Letter of Rights of EFU Life Assurance Ltd. as CDS Eligible Security,https://dps.psx.com.pk/download/document/284763.pdf
"Oct 6, 2026",12:05 PM,SHCM,Shadman Cotton Mills Limited,Notice of Annual Genera Meeting prior its publication,https://dps.psx.com.pk/download/document/284762.pdf
"Oct 6, 2026",12:04 PM,NAGC,Nagina Cotton Mills Limited,Transmission of Annual Financial Statements for the Year Ended 30-06-2026,https://dps.psx.com.pk/download/document/284761.pdf
"Oct 6, 2026",12:04 PM,PIBTL,Pakistan International Bulk Terminal,"Transmission of Annual Report for the Year Ended June 30, 2026",https://dps.psx.com.pk/download/document/284760.pdf
"Oct 6, 2026",12:03 PM,IREIT,Image REIT,Transmission of Annual Report for the Year Ended 2026-06-30,https://dps.psx.com.pk/download/document/284758.pdf
"Oct 6, 2026",12:01 PM,HRPL,Habib Rice Product Limited.,Publication of Notice of Annual General Meeting,https://dps.psx.com.pk/download/document/284757.pdf
"Oct 6, 2026",11:57 AM,ELSM,Ellcot Spinning Mills Limited,Transmission of Annual Financial Statements for the Year Ended 30-06-2026,https://dps.psx.com.pk/download/document/284755.pdf
"Oct 6, 2026",11:57 AM,PIBTL,Pakistan International Bulk Terminal,"Notice of Annual General Meeting - October 27, 2026",https://dps.psx.com.pk/download/document/284754.pdf
"Oct 6, 2026",11:57 AM,STYLERS,Stylers International Limited,Notice of Annual General Meeting 30-06-2026,https://dps.psx.com.pk/download/document/284753.pdf
"Oct 6, 2026",11:55 AM,SWL,Standard Worldwide Limited,SUBMISSION OF MANDATORY SHARIAH DISCLOSURES,https://dps.psx.com.pk/download/document/284752.pdf
"Oct 6, 2026",11:54 AM,FTSM,First Tri-Star Modaraba,Transmission of Annual Report for the Year Ended 2026-06-30,https://dps.psx.com.pk/download/document/284751.pdf
"Oct 6, 2026",11:49 AM,PRWM,Prosperity Weaving Mills Limited,Transmission of Annual Financial Statements for the Year Ended 30-06-2026,https://dps.psx.com.pk/download/document/284749.pdf
"Oct 6, 2026",11:49 AM,FECM,First Elite Capital Modaraba,Notice Annual Review Meeting (ARM),https://dps.psx.com.pk/download/document/284748.pdf
"Oct 6, 2026",11:49 AM,SHCM,Shadman Cotton Mills Limited,Financial Results for the year ended 2026-06-30,https://dps.psx.com.pk/download/document/284747.pdf
"Oct 6, 2026",11:48 AM,KOSM,Kohinoor Spinning Mills Limited,Notice of Annual General Meeting,https://dps.psx.com.pk/download/document/284746.pdf
"Oct 6, 2026",11:48 AM,MSOT,Masood Textile Mills Limited,Transmission of Annual Report for the Year Ended 06-30-2026,https://dps.psx.com.pk/download/document/284744.pdf
"Oct 6, 2026",11:46 AM,SAZEW,Sazgar Engineering Works Limited,Production and Sales data regarding Four Wheelers and Three Wheelers for the months of August & September 2026,https://dps.psx.com.pk/download/document/284743.pdf
"Oct 6, 2026",11:42 AM,SHCI,Shaffi Chemical Industries Limited,Notice of Annual General Meeting,https://dps.psx.com.pk/download/document/284742.pdf
"Oct 6, 2026",11:42 AM,OML,Olympia Mills Limited,Notice of Annual General Meeting,https://dps.psx.com.pk/download/document/284741.pdf
"Oct 6, 2026",11:42 AM,SAZEW,Sazgar Engineering Works Limited,Material Information,https://dps.psx.com.pk/download/document/284740.pdf
"Oct 6, 2026",11:34 AM,PGLC,Pak-Gulf Leasing Company Limited,Notice of Annual General Meeting - Post Publication,https://dps.psx.com.pk/download/document/284736.pdf
"Oct 6, 2026",11:33 AM,KOSM,Kohinoor Spinning Mills Limited,"Financial Result for the year ended June 30, 2026",https://dps.psx.com.pk/download/document/284735.pdf
"Oct 6, 2026",11:33 AM,OML,Olympia Mills Limited,Financial Results for the Year Ended 30 June 2026,https://dps.psx.com.pk/download/document/284734.pdf
"Oct 6, 2026",11:33 AM,IBLHL,IBL HealthCare Limited,"Transmission of Annual Report for the Year Ended June 30, 2026",https://dps.psx.com.pk/download/document/284733.pdf
"Oct 6, 2026",11:31 AM,ZTL,Zephyr Textiles Limited,NOTICE OF ANNUAL GENERAL MEETING 2026,https://dps.psx.com.pk/download/document/284732.pdf
"Oct 6, 2026",11:30 AM,CSAP,Crescent Steel & Allied Products Limited,Notice of 42nd Annual General Meeting,https://dps.psx.com.pk/download/document/284731.pdf
"Oct 6, 2026",11:25 AM,SYM,Symmetry Group Limited,Post-Publication of Notice of 14th Annual General Meeting,https://dps.psx.com.pk/download/document/284727.pdf
"Oct 6, 2026",11:21 AM,BTL,Blessed Textiles Limited,Transmission of Annual Report for the Year Ended,https://dps.psx.com.pk/download/document/284726.pdf
"Oct 6, 2026",11:21 AM,IBLHL,IBL HealthCare Limited,Notice of Annual General Meeting June 2026,https://dps.psx.com.pk/download/document/284725.pdf
"Oct 6, 2026",11:20 AM,GATM,Gul Ahmed Textile Mills Limited,TRANSMISSION OF ANNUAL REPORT FOR THE YEAR ENDED 30-6-2026,https://dps.psx.com.pk/download/document/284724.pdf
"Oct 6, 2026",11:19 AM,FHAM,First Habib Modaraba,Presentation of Corporate Briefing Session 2025-26,https://dps.psx.com.pk/download/document/284721.pdf
"Oct 6, 2026",11:18 AM,FASM,Faisal Spinning Mills Limited,Transmission of Annual Report for the Year Ended,https://dps.psx.com.pk/download/document/284720.pdf
"Oct 6, 2026",11:18 AM,MUBT,Mubarak Textile Mills Limited,NOTICE OF ANNUAL GENERAL MEETING 2026,https://dps.psx.com.pk/download/document/284719.pdf
"Oct 6, 2026",11:17 AM,TPLP,TPL Properties Limited,Approval of Extension in Time for Holding the Annual General Meeting,https://dps.psx.com.pk/download/document/284718.pdf
"Oct 6, 2026",11:17 AM,REDCO,Redco Textiles Limited,"Transmission of Annual Report for the Year Ended June 30, 2026",https://dps.psx.com.pk/download/document/284717.pdf
"Oct 6, 2026",11:14 AM,EPQL,Engro Powergen Qadirpur Limited,"Board Meeting for the announcement of the financial results for the nine months ended September 30, 2026",https://dps.psx.com.pk/download/document/284714.pdf
"Oct 6, 2026",11:14 AM,BHAT,Bhanero Textile Mills Limited,Miscellaneous Information,https://dps.psx.com.pk/download/document/284713.pdf
"Oct 6, 2026",11:13 AM,BHAT,Bhanero Textile Mills Limited,Transmission of Annual Report for the Year Ended,https://dps.psx.com.pk/download/document/284712.pdf
"Oct 6, 2026",11:11 AM,RUPL,Rupali Polyester Limited,Notice of Annual General Meeting,https://dps.psx.com.pk/download/document/284711.pdf
"Oct 6, 2026",11:11 AM,MUBT,Mubarak Textile Mills Limited,TRANSMISSION OF ANNUAL FINANCIAL STATEMENTS 30.06.2026,https://dps.psx.com.pk/download/document/284710.pdf
"Oct 6, 2026",11:11 AM,FECM,First Elite Capital Modaraba,Transmission of Annual Report for the Year Ended 30-06-2026,https://dps.psx.com.pk/download/document/284709.pdf
"Oct 6, 2026",11:05 AM,IDEAL,Ideal Dynamics Limited,TRANSMISSION OF ANNUAL ACCOUNTS FOR THE PERIOD ENDED 10-30-2026,https://dps.psx.com.pk/download/document/284708.pdf
"Oct 6, 2026",11:01 AM,MSOTPS,Masood Textile (Pref),Notice of Annual General Meeting,https://dps.psx.com.pk/download/document/284707.pdf
"Oct 6, 2026",11:00 AM,SNAI,Sana Industries Limited,Notice of Annual General Meeting,https://dps.psx.com.pk/download/document/284705.pdf
"Oct 6, 2026",11:00 AM,TPL,TPL Corp Limited,Approval of Extension in Time for Holding the Annual General Meeting,https://dps.psx.com.pk/download/document/284704.pdf
"Oct 6, 2026",11:00 AM,TPLT,TPL Trakker Limited,Approval of Extension in Time for Holding the Annual General Meeting,https://dps.psx.com.pk/download/document/284703.pdf
"Oct 6, 2026",10:57 AM,SHCI,Shaffi Chemical Industries Limited,Transmission of Annual Report for the Year Ended 2026-06-30,https://dps.psx.com.pk/download/document/284701.pdf
"Oct 6, 2026",10:51 AM,UBDL,United Brands Limited,Notice of Annual General Meeting REVOKED,https://dps.psx.com.pk/download/document/284699.pdf
"Oct 6, 2026",10:50 AM,EPQL,Engro Powergen Qadirpur Limited,Resignation of Drirector,https://dps.psx.com.pk/download/document/284698.pdf
"Oct 6, 2026",10:49 AM,ICL,Ittehad Chemicals Limted,"Transmission of Annual Report for the Year Ended June 30, 2026",https://dps.psx.com.pk/download/document/284697.pdf
"Oct 6, 2026",10:45 AM,TSBL,Trust Securities & Brokerage Limited,"Transmission of Annual Report for the Year Ended June 30, 2026",https://dps.psx.com.pk/download/document/284696.pdf
"Oct 6, 2026",10:42 AM,MTL,Millat Tractors Limited,"Transmission of Annual report for year ended June 30, 2026",https://dps.psx.com.pk/download/document/284695.pdf
"Oct 6, 2026",10:41 AM,ADMM,Artistic Denim Mills Limited,Notice of Annual General Meeting,https://dps.psx.com.pk/download/document/284694.pdf
"Oct 6, 2026",10:40 AM,REWM,Reliance Weaving Mills Limited,Notice of Annual General Meeting (Prior to Publication),https://dps.psx.com.pk/download/document/284692.pdf
"Oct 6, 2026",10:39 AM,SAIF,Saif Textile Mills Limited,Transmission of Annual Report for the Year Ended 30.06.2026,https://dps.psx.com.pk/download/document/284691.pdf
"Oct 6, 2026",10:36 AM,FNEL,First National Equities Limited,Notice of Annual General Meeting,https://dps.psx.com.pk/download/document/284690.pdf
"Oct 6, 2026",10:35 AM,KOHTM,Kohat Textile Mills Limited,Transmission of Annual Report for the Year Ended 30.06.2026,https://dps.psx.com.pk/download/document/284688.pdf
"Oct 6, 2026",10:34 AM,SARC,Sardar Chemical Industries Limited,TRANSMISSION OF ANNUAL REPORT FOR THE YEAR ENDED 30-06-2026,https://dps.psx.com.pk/download/document/284687.pdf
"Oct 6, 2026",10:29 AM,SARC,Sardar Chemical Industries Limited,NOTICE OF AGM,https://dps.psx.com.pk/download/document/284686.pdf
"Oct 6, 2026",10:27 AM,ARMG,ARM Green Industries Limited,"Transmission of Annual Report for the Year Ended June 30, 2026",https://dps.psx.com.pk/download/document/284685.pdf
"Oct 6, 2026",9:50 AM,PIOC,Pioneer Cement Limited,Notice of Extraordinary General Meeting,https://dps.psx.com.pk/download/document/284678.pdf
"Oct 6, 2026",9:50 AM,HTL,Hi-Tech Lubricants Limited,Notice of Annual General Meeting,https://dps.psx.com.pk/download/document/284677.pdf
"Oct 6, 2026",9:48 AM,ARPAK,Arpak International Investments Ltd.,"Transmission of Annual Report for the year ended june 30, 2026",https://dps.psx.com.pk/download/document/284676.pdf
"Oct 6, 2026",9:46 AM,GEMPAPL,Pak Agro Packaging Limited(GEM),Notice of Annual General Meeting,https://dps.psx.com.pk/download/document/284675.pdf
"Oct 6, 2026",9:42 AM,GEMPAPL,Pak Agro Packaging Limited(GEM),Financial Results for the Year Ended 30 June 2026,https://dps.psx.com.pk/download/document/284672.pdf
"Oct 6, 2026",9:41 AM,PACE,Pace (Pakistan) Limited,Transmission of Annual Financial Statements for the Year Ended 06-30-2026,https://dps.psx.com.pk/download/document/284671.pdf
"Oct 6, 2026",9:38 AM,GIL,Good Luck Industries Ltd.,Transmission of Annual Report for the Year Ended 2026-06-30,https://dps.psx.com.pk/download/document/284670.pdf
"Oct 6, 2026",9:37 AM,FCSC,First Capital Securities Corporation,Transmission of Annual Financial Statements for the Year Ended 06-30-2026,https://dps.psx.com.pk/download/document/284669.pdf
"Oct 6, 2026",9:37 AM,AIRLINK,Air Link Communication Limited,"Transmission of Annual Report for the Year Ended June 30, 2026",https://dps.psx.com.pk/download/document/284668.pdf
"Oct 6, 2026",9:35 AM,SFL,Sapphire Fibres Limited,Notice of Annual General Meeting and Ballot Paper,https://dps.psx.com.pk/download/document/284667.pdf
"Oct 6, 2026",9:34 AM,AIRLINK,Air Link Communication Limited,Notice of 13th Annual General Meeting- Published,https://dps.psx.com.pk/download/document/284666.pdf
"Oct 6, 2026",9:34 AM,FCEL,First Capital Equities Limited,Transmission of Annual Financial Statements for the Year Ended 06-30-2026,https://dps.psx.com.pk/download/document/284665.pdf
"Oct 6, 2026",9:30 AM,AIRLINK,Air Link Communication Limited,Notice of 13th Annual General Meeting,https://dps.psx.com.pk/download/document/284664.pdf
"Oct 6, 2026",9:28 AM,PPL,Pakistan Petroleum Limited,Transmission of Annual Report for the Year Ended 30 June 2026,https://dps.psx.com.pk/download/document/284662.pdf
"Oct 6, 2026",9:25 AM,GEMPAPL,Pak Agro Packaging Limited(GEM),Notice of Annual General Meeting REVOKED,https://dps.psx.com.pk/download/document/284660.pdf
"Oct 6, 2026",9:25 AM,MTL,Millat Tractors Limited,Notice of Annual General Meeting,https://dps.psx.com.pk/download/document/284659.pdf
"Oct 6, 2026",9:23 AM,PIL,PICIC Insurance Limited,Quarterly Progress Report,https://dps.psx.com.pk/download/document/284658.pdf
"Oct 6, 2026",9:08 AM,GEMPAPL,Pak Agro Packaging Limited(GEM),Financial Results for the Year Ended 30 June 2026 REVOKED,https://dps.psx.com.pk/download/document/284655.pdf
"Oct 6, 2026",9:06 AM,ZAHID,Zahidjee Textile Mills Limited,FINANCIAL RESULTS FOR THE YEAR ENDED 30 JUNE 2026,https://dps.psx.com.pk/download/document/284654.pdf
"Oct 6, 2026",9:05 AM,ALTN,Altern Energy Limited,Notice of Annual General Meeting,https://dps.psx.com.pk/download/document/284653.pdf
"Oct 6, 2026",9:04 AM,ORM,Orient Rental Mod,"Transmission of Annual Report for the Year Ended June 30, 2026",https://dps.psx.com.pk/download/document/284652.pdf
"Oct 6, 2026",9:01 AM,ORM,Orient Rental Mod,Notice of Annual Review Meeting,https://dps.psx.com.pk/download/document/284651.pdf
"Oct 6, 2026",9:00 AM,SSML,Saritow Spinning Mills Limited,Financial Results for the Year Ended 30-06-2026,https://dps.psx.com.pk/download/document/284650.pdf
"Oct 6, 2026",8:58 AM,KHTC,Khyber Tobacco Company Limited,Financial Results for the Year Ended 30-06-2026,https://dps.psx.com.pk/download/document/284649.pdf
"Oct 6, 2026",8:57 AM,GEMNETS,Nets International Communication Limited,Financial Results for the Year Ended,https://dps.psx.com.pk/download/document/284648.pdf
"Oct 6, 2026",8:52 AM,BCL,Bolan Castings Limited,"Transmission of Annual Report for the Year Ended June 30, 2026",https://dps.psx.com.pk/download/document/284646.pdf
"Oct 6, 2026",8:42 AM,BCL,Bolan Castings Limited,Notice of Annual General Meeting,https://dps.psx.com.pk/download/document/284645.pdf
"Oct 6, 2026",8:37 AM,SAPT,Sapphire Textile Mills Limited,Notice of Annual General Meeting & Ballot Paper,https://dps.psx.com.pk/download/document/284644.pdf
"Oct 6, 2026",8:34 AM,IMAGE,Image Pakistan Limited,Financial Results for the Year Ended 2026-06-30,https://dps.psx.com.pk/download/document/284643.pdf
"Oct 6, 2026",8:19 AM,PECO,Pakistan Engineering Company Limited,Notice of 77th Annual General Meeting,https://dps.psx.com.pk/download/document/284642.pdf
"Oct 6, 2026",8:17 AM,SUHJ,Suhail Jute Mills Limited,Transmission of Annual Report for the Year Ended 30.06.2026,https://dps.psx.com.pk/download/document/284641.pdf
"Oct 6, 2026",8:14 AM,SUHJ,Suhail Jute Mills Limited,Notice of Annual General Meeting for period ended 30.06.2026,https://dps.psx.com.pk/download/document/284639.pdf
"Oct 6, 2026",8:09 AM,FPRM,First Paramount Modaraba,Board Meeting Rescheduled,https://dps.psx.com.pk/download/document/284638.pdf
"Oct 6, 2026",8:08 AM,LOTCHEM,Lotte Chemical Pakistan Limited,DISCLOSURE OF MATERIAL INFORMATION,https://dps.psx.com.pk/download/document/284637.pdf
"Oct 6, 2026",8:08 AM,MSCL,Metropolitan Steel Corporation Limited,Transmission of Annual Report for the Year Ended 30-06-2026,https://dps.psx.com.pk/download/document/284636.pdf
"Oct 6, 2026",8:07 AM,FPRM,First Paramount Modaraba,Applied for Extension for holding the ARM,https://dps.psx.com.pk/download/document/284635.pdf
"Oct 6, 2026",8:05 AM,SUHJ,Suhail Jute Mills Limited,Financial Results for the Year Ended 30.06.2026,https://dps.psx.com.pk/download/document/284634.pdf
"Oct 6, 2026",8:03 AM,NEXT,Next Capital Limited,Financial Results for the Year Ended June 30 2026,https://dps.psx.com.pk/download/document/284633.pdf
"Oct 6, 2026",8:01 AM,GEMBCEM,Burj Clean Energy Modaraba(GEM),"Transmission of Annual Report for the Year Ended June 30, 2026",https://dps.psx.com.pk/download/document/284631.pdf
"Oct 6, 2026",8:01 AM,ENGROH,Engro Holdings Limited,Reporting of shares purchased (buy-back) by Engro Holdings Limited,https://dps.psx.com.pk/download/document/284630.pdf
"Oct 6, 2026",8:00 AM,LCI,Lucky Core Industries Limited,Resignation of Director,https://dps.psx.com.pk/download/document/284628.pdf
"Oct 5, 2026",4:09 PM,GGL,Ghani Global Holdings Limited,GGL | Ghani Global Holdings Limited NOTICE OF ANNUAL GENERAL MEETING,https://dps.psx.com.pk/download/attachment/284622-1.pdf
"Oct 5, 2026",3:29 PM,GGGL,Ghani Global Glass Limited,Notice of Annual General Meeting - GHANI GLOBAL GLASS LIMITED,https://dps.psx.com.pk/download/document/284620.pdf
"Oct 5, 2026",3:29 PM,PQGTL,Pak Qatar General Takaful Limited,Emergent Board Meeting Other Than Financial Results,https://dps.psx.com.pk/download/document/284619.pdf
"Oct 5, 2026",3:29 PM,HUMNL,Hum Network Limited,HUMNL | Hum Network Limited Financial Results for the Year Ended 2026-06-30,https://dps.psx.com.pk/download/attachment/284621-1.pdf
"Oct 5, 2026",3:29 PM,KHTC,Khyber Tobacco Company Limited,Board Meeting in progress,https://dps.psx.com.pk/download/document/284618.pdf
"Oct 5, 2026",3:27 PM,LIVEN,Liven Pharma Limited,Correction Clarification Regarding Annual Report 2026,https://dps.psx.com.pk/download/document/284617.pdf
"Oct 5, 2026",3:27 PM,PAKQATAR,Pak Qatar Family Takaful Limited,Emergent Board Meeting Other Than Financial Results,https://dps.psx.com.pk/download/document/284616.pdf
"Oct 5, 2026",3:27 PM,MCBIM,MCB Investment Management Limited.,Notice of 26th Annual General Meeting,https://dps.psx.com.pk/download/document/284615.pdf
"Oct 5, 2026",3:27 PM,DMC,D.M. Corporation Limited.,Financial Results for the Year Ended 2026-06-30,https://dps.psx.com.pk/download/document/284614.pdf
"Oct 5, 2026",3:26 PM,UDPL,United Distributors Pakistan Limited,"Transmission of Annual Report for the Year ended June 30, 2026",https://dps.psx.com.pk/download/document/284609.pdf
"Oct 5, 2026",3:25 PM,TCORP,Tariq Corporation Limited,Issuance of Ordinary Shares of Tariq Corporation Limited in lieu of Tariq Corporation Limited Preference Shares,https://dps.psx.com.pk/download/document/284608.pdf
"Oct 5, 2026",3:23 PM,JKSM,J.K. Spinning Mills Limited,Presentation of Corporate Briefing Session,https://dps.psx.com.pk/download/document/284607.pdf
"Oct 5, 2026",3:23 PM,PGLC,Pak-Gulf Leasing Company Limited,Notice of Annual General Meeting,https://dps.psx.com.pk/download/document/284606.pdf
"Oct 5, 2026",3:22 PM,ANTM,AN Textile Mills Limited,Miscellaneous Information,https://dps.psx.com.pk/download/document/284605.pdf
"Oct 5, 2026",3:22 PM,LIVEN,Liven Pharma Limited,Notice of Annual General Meeting REVISED,https://dps.psx.com.pk/download/document/284604.pdf
"Oct 5, 2026",3:22 PM,MFFL,Mitchells Fruit Farms Limited,Transmission of the Annual Report for the Year ended June 2026,https://dps.psx.com.pk/download/document/284603.pdf
"Oct 5, 2026",3:21 PM,GEMNETS,Nets International Communication Limited,Board Meeting In Progress,
"Oct 5, 2026",3:21 PM,ACPL,Attock Cement Pakistan Limited,Addendum to notice of extraordinary general meeting (Pre-publication),https://dps.psx.com.pk/download/document/284601.pdf
"Oct 5, 2026",3:21 PM,RPL,Roshan Packages Limited,"Financial Results for the Year Ended 30 June, 2026",https://dps.psx.com.pk/download/document/284600.pdf
"Oct 5, 2026",3:20 PM,TOMCL,The Organic Meat Company Limited,NOTICE OF 16th ANNUAL GENERAL MEETING COMPANY PRIOR TO ITS PUBLICATION IN THE NEWSPAPERS,https://dps.psx.com.pk/download/document/284599.pdf
"Oct 5, 2026",3:20 PM,WAVES,Waves Corporation Limited,"Disclosure of Interest by a Director CEO, or Executive of a listed company and their Spouses and the Substantial Shareholders u/c 5.6.1.(d) of PSX Regulations",
"Oct 5, 2026",3:19 PM,ASHT,Ashfaq Textile Mills Limited,"Transmission of Annual Financial Statements for the Year Ended June 30, 2026",https://dps.psx.com.pk/download/document/284597.pdf
"Oct 5, 2026",3:19 PM,DEL,Dawood Equities Limited,Notice of Annual General Meeting,https://dps.psx.com.pk/download/document/284596.pdf
"Oct 5, 2026",3:18 PM,FML,Feroze1888 Mills Limited,Notice of Annual General Meeting,https://dps.psx.com.pk/download/document/284595.pdf
"Oct 5, 2026",3:18 PM,IPAK,International Packaging Films Limited,"Transmission of Annual Report for the Year Ended June 30, 2026",https://dps.psx.com.pk/download/document/284594.pdf
"Oct 5, 2026",3:17 PM,MFFL,Mitchells Fruit Farms Limited,Notice of AGM,https://dps.psx.com.pk/download/document/284593.pdf
"Oct 5, 2026",3:14 PM,CENI,Century Insurance Company Limited,Notice of Book Closure For Right Issue,https://dps.psx.com.pk/download/document/284591.pdf
"Oct 5, 2026",3:13 PM,PAKL,Pak Leather Crafts Limited,Notice of 39th Annual General Meeting,https://dps.psx.com.pk/download/document/284590.pdf
"Oct 5, 2026",3:12 PM,ARMG,ARM Green Industries Limited,Publication of Notice of Annual General Meeting,https://dps.psx.com.pk/download/document/284589.pdf
"Oct 5, 2026",3:11 PM,HTL,Hi-Tech Lubricants Limited,Pre-Published Notice of AGM,https://dps.psx.com.pk/download/document/284588.pdf
"Oct 5, 2026",3:10 PM,SHSML,Shahmurad Sugar Mills Limited,DISCLOSURE OF INTEREST BY AN ASSOCIATED COMPANY,https://dps.psx.com.pk/download/document/284586.pdf
"Oct 5, 2026",3:09 PM,DEL,Dawood Equities Limited,Transmission of Annual Report for the Year Ended June 30 2026,https://dps.psx.com.pk/download/document/284585.pdf
"Oct 5, 2026",3:09 PM,CNERGY,Cnergyico PK Limited,Notice of 32nd Annual General Meeting Prior to Publication,https://dps.psx.com.pk/download/document/284583.pdf
"Oct 5, 2026",3:08 PM,GEMBCEM,Burj Clean Energy Modaraba(GEM),Notice of Annual Review Meeting,https://dps.psx.com.pk/download/document/284582.pdf
"Oct 5, 2026",3:08 PM,BRRG,B.R.R Guardian Limited,"Notice of Annual General Meeting of BRR Guardian Limited For the Year Ended June 30, 2026",https://dps.psx.com.pk/download/document/284581.pdf
"Oct 5, 2026",3:06 PM,PAKL,Pak Leather Crafts Limited,Financial Results for the Year Ended 30th June 2026,https://dps.psx.com.pk/download/document/284580.pdf
"Oct 5, 2026",3:05 PM,AKGL,Al-Khair Gadoon Limited,Unclaimed Dividend,https://dps.psx.com.pk/download/document/284579.pdf
"Oct 5, 2026",3:05 PM,SHEZ,Shezan International Limited,Notice of 63rd Annual General Meeting,https://dps.psx.com.pk/download/document/284578.pdf
"Oct 5, 2026",3:04 PM,CENI,Century Insurance Company Limited,Notice of Book Closure,https://dps.psx.com.pk/download/document/284577.pdf
"Oct 5, 2026",3:04 PM,ASTL,Amreli Steels Limited,Transmission of Annual Report for the Year Ended 30 June 2026,https://dps.psx.com.pk/download/document/284575.pdf
"Oct 5, 2026",3:04 PM,KHYT,Khyber Textile Mills Limited,Notice of Annual General Meeting,https://dps.psx.com.pk/download/document/284574.pdf
"Oct 5, 2026",3:01 PM,PAKT,Pakistan Tobacco Company Limited,Resignation of Independent Director,https://dps.psx.com.pk/download/document/284572.pdf
"Oct 5, 2026",3:00 PM,GTYR,Ghandhara Tyre & Rubber Company Limited,"Transmission of Annual Financial Statements for the Year Ended June 30, 2026",https://dps.psx.com.pk/download/document/284571.pdf
"Oct 5, 2026",2:59 PM,GCWL,Ghani Chemworld Limited,Notice of Annual General Meeting - GHANI CHEMWORLD LIMITED,https://dps.psx.com.pk/download/document/284570.pdf
"Oct 5, 2026",2:55 PM,AKGL,Al-Khair Gadoon Limited,NEWSPAPER CLIPPINGS OF NOTICE OF ANNUAL GENERAL MEETING,https://dps.psx.com.pk/download/document/284569.pdf
"Oct 5, 2026",2:54 PM,MSOT,Masood Textile Mills Limited,Notice of Annual General Meeting,https://dps.psx.com.pk/download/document/284568.pdf
"Oct 5, 2026",2:53 PM,GCIL,Ghani Chemical Industries Limited,Notice of Annual General Meeting - GHANI CHEMICAL NDUSTRIES LIMITED,https://dps.psx.com.pk/download/document/284566.pdf
"Oct 5, 2026",2:52 PM,ARMG,ARM Green Industries Limited,Notice of Annual General Meeting,https://dps.psx.com.pk/download/document/284565.pdf
"Oct 5, 2026",2:52 PM,ANTM,AN Textile Mills Limited,Transmission of Annual Report for the Year Ended 2026-06-30,https://dps.psx.com.pk/download/document/284564.pdf
"Oct 5, 2026",2:52 PM,DGKC,D.G. Khan Cement Company Limited,Transmission of Annual Report,https://dps.psx.com.pk/download/document/284563.pdf
"Oct 5, 2026",2:51 PM,IDEAL,Ideal Dynamics Limited,NEWS PAPER CUTTINGS OF AGM NOTICE TO BE HELD ON 2026-10-28,https://dps.psx.com.pk/download/document/284562.pdf
"Oct 5, 2026",2:50 PM,SEARL,The Searle Company Limited,Transmission of Annual Financial Statements for the Year Ended 30 June 2026,https://dps.psx.com.pk/download/document/284561.pdf
"Oct 5, 2026",2:49 PM,CENI,Century Insurance Company Limited,Submission of Final Offer Documents of Right Issue REVOKED,https://dps.psx.com.pk/download/document/284560.pdf
"Oct 5, 2026",2:48 PM,ZAHID,Zahidjee Textile Mills Limited,Board Meeting in Progress,https://dps.psx.com.pk/download/document/284559.pdf
"Oct 5, 2026",2:43 PM,PSYL,Pakistan Synthetics Limited,"Transmission of Annual Report for the Year Ended June 30, 2026",https://dps.psx.com.pk/download/document/284557.pdf
"Oct 5, 2026",2:43 PM,GCIL,Ghani Chemical Industries Limited,DISCLOSURE OF MATERIAL INFORMATION,https://dps.psx.com.pk/download/document/284556.pdf
"Oct 5, 2026",2:43 PM,GATI,Gatron (Industries) Limited,Transmission of Annual Report for the Year Ended,https://dps.psx.com.pk/download/document/284555.pdf
"Oct 5, 2026",2:40 PM,GATI,Gatron (Industries) Limited,Notice of 46th Annual General Meeting,https://dps.psx.com.pk/download/document/284553.pdf
"Oct 5, 2026",2:40 PM,FDPL,First Dawood Properties Limited,"Transmission of Annual Report for the Year Ended June 30, 2026",https://dps.psx.com.pk/download/document/284552.pdf
"Oct 5, 2026",2:38 PM,ALTN,Altern Energy Limited,Transmission of Annual Report for the Year Ended,https://dps.psx.com.pk/download/document/284551.pdf
"Oct 5, 2026",2:37 PM,JLICL,Jubilee Life Insurance Company Limited,"Disclosure of Interest by a Director CEO, or Executive of a listed company and their Spouses and the Substantial Shareholders u/c 5.6.1.(d) of PSX Regulations",
"Oct 5, 2026",2:34 PM,WAHN,Wah Noble Chemicals Limited,Transmission of Annual Financial Statements for the year ended 2026-06-30,https://dps.psx.com.pk/download/document/284548.pdf
"Oct 5, 2026",2:32 PM,MACFL,MACPAC Films Limited,Notice of Annual General Meeting,https://dps.psx.com.pk/download/document/284547.pdf
"Oct 5, 2026",2:31 PM,ELSM,Ellcot Spinning Mills Limited,Notice of Annual General Meeting,https://dps.psx.com.pk/download/document/284546.pdf
"Oct 5, 2026",2:29 PM,CJPL,Crescent Jute Products Limited,"Transmission of Annual Report for the Year Ended June 30, 2026",https://dps.psx.com.pk/download/document/284545.pdf
"Oct 5, 2026",2:29 PM,ALTN,Altern Energy Limited,Notice of Annual General Meeting REVOKED,https://dps.psx.com.pk/download/document/284544.pdf
"Oct 5, 2026",2:29 PM,SOYASUP,Agro Processors & Atmospheric Gases Ltd,Notice of Annual General Meeting,https://dps.psx.com.pk/download/document/284543.pdf
"Oct 5, 2026",2:29 PM,PPL,Pakistan Petroleum Limited,Notice of Annual General Meeting 2026,https://dps.psx.com.pk/download/document/284542.pdf
"Oct 5, 2026",2:22 PM,FLYNG,Flying Cement Company Limited,Financial Results for the Year Ended 2026-06-30,https://dps.psx.com.pk/download/document/284539.pdf
"Oct 5, 2026",2:22 PM,ITTEFAQ,Ittefaq Iron Industries Limited,TRANSMISSION OF ANNUAL REPORT FOR THE YEAR ENDED 30.06.2026,https://dps.psx.com.pk/download/document/284538.pdf
"Oct 5, 2026",2:20 PM,PCAL,Pakistan Cables Limited,Presentation of Corporate Briefing Session,https://dps.psx.com.pk/download/document/284537.pdf
"Oct 5, 2026",2:19 PM,AKDHL,AKD Hospitality Limited,Notice of Annual General Meeting (Prior to Publication),https://dps.psx.com.pk/download/document/284536.pdf
"Oct 5, 2026",2:17 PM,ISL,International Steels Limited,"CERTIFIED COPY OF THE RESOLUTIONS PASSED AT THE 19th ANNUAL GENERAL MEETING HELD ON OCTOBER 5th, 2026",https://dps.psx.com.pk/download/document/284535.pdf
"Oct 5, 2026",2:17 PM,ITTEFAQ,Ittefaq Iron Industries Limited,NOTICE OF ANNUAL GENERAL MEETING,https://dps.psx.com.pk/download/document/284534.pdf
"Oct 5, 2026",2:14 PM,JLICL,Jubilee Life Insurance Company Limited,"Disclosure of Interest by a Director CEO, or Executive of a listed company and their Spouses and the Substantial Shareholders u/c 5.6.1.(d) of PSX Regulations",
"Oct 5, 2026",2:10 PM,DFSM,Dewan Farooque Spinning Mills Limited,"Transmission of Annual Report for the Year Ended June 30,2026",https://dps.psx.com.pk/download/document/284531.pdf
"Oct 5, 2026",2:03 PM,SPAC1,LSE SPAC-I Limited,Financial Results for the Year Ended June 30 2026,https://dps.psx.com.pk/download/document/284530.pdf
"Oct 5, 2026",2:00 PM,GEMPAPL,Pak Agro Packaging Limited(GEM),Board Meeting in Progress,
"Oct 5, 2026",1:59 PM,BFMOD,B.F. Modaraba,Financial Result for the Year Ended June-2026,https://dps.psx.com.pk/download/document/284528.pdf
"Oct 5, 2026",1:55 PM,FZCM,Fazal Cloth Mills Limited,Notice of Annual General Meeting Before Publication in Newspapers,https://dps.psx.com.pk/download/document/284526.pdf
"Oct 5, 2026",1:55 PM,GDL,Ghani Dairies Limited,"Transmission of Annual Report for the year ended June 30, 2026",https://dps.psx.com.pk/download/document/284525.pdf
"Oct 5, 2026",1:52 PM,IDRT,Idrees Textile Mills Limited,Applied for Extension for holding the Annual General Meeting,https://dps.psx.com.pk/download/document/284523.pdf
"Oct 5, 2026",1:42 PM,FCCL,Fauji Cement Company Limited,173 Board Meeting of FCCL - 27 October 2026,https://dps.psx.com.pk/download/document/284522.pdf
"Oct 5, 2026",1:35 PM,IDEAL,Ideal Dynamics Limited,NOTICE OF ANNUAL GENERAL MEETING,https://dps.psx.com.pk/download/document/284521.pdf
"Oct 5, 2026",1:32 PM,AHTM,Ahmad Hassan Textile Mills Limited,"Financial Results for the Year Ended June 30, 2026",https://dps.psx.com.pk/download/document/284519.pdf
"Oct 5, 2026",1:31 PM,GGL,Ghani Global Holdings Limited,DECISIONS OF THE BOARD - GHANI GLOBAL HOLDINGS LIMITED,https://dps.psx.com.pk/download/document/284518.pdf
"Oct 5, 2026",1:27 PM,FCCL,Fauji Cement Company Limited,Corporate Briefing Session,https://dps.psx.com.pk/download/document/284516.pdf
"Oct 5, 2026",1:19 PM,BAHL,Bank AL Habib Limited,"Disclosure of Interest by a Director CEO, or Executive of a listed company and their Spouses and the Substantial Shareholders u/c 5.6.1.(d) of PSX Regulations",
"Oct 5, 2026",1:19 PM,EMCO,Emco Industries Limited,"Notice of Annual General Meeting on 26.10.2026 for the Period Ended 30.06.2026, Newspaper Advertisement",https://dps.psx.com.pk/download/document/284514.pdf
"Oct 5, 2026",1:18 PM,ARPAK,Arpak International Investments Ltd.,Notice of AGM,https://dps.psx.com.pk/download/document/284513.pdf
"Oct 5, 2026",1:13 PM,ACPL,Attock Cement Pakistan Limited,Material Information,https://dps.psx.com.pk/download/document/284512.pdf
"Oct 5, 2026",1:10 PM,PSYL,Pakistan Synthetics Limited,Notice of Annual General Meeting,https://dps.psx.com.pk/download/document/284511.pdf
"Oct 5, 2026",1:10 PM,EMCO,Emco Industries Limited,Transmission of Annual Report for the Year Ended 30.06.2026,https://dps.psx.com.pk/download/document/284510.pdf
"Oct 5, 2026",1:08 PM,SITC,Sitara Chemical Industries Limited,POST BALLOT PAPER,https://dps.psx.com.pk/download/document/284509.pdf
"Oct 5, 2026",1:06 PM,WASL,Wasl Mobility Modaraba,FINANCIAL RESULTS FOR THE YEAR ENDED 30 JUNE 2026,https://dps.psx.com.pk/download/document/284507.pdf
"Oct 5, 2026",1:05 PM,ARCTM,Arctic Textile Mills Limited,Notice of 41st Annual General Meeting,https://dps.psx.com.pk/download/document/284506.pdf
"Oct 5, 2026",1:04 PM,PREMA,At-Tahur Limited,Notice of Annual General Meeting - News Paper Clipping,https://dps.psx.com.pk/download/document/284505.pdf
"Oct 5, 2026",1:03 PM,GCWL,Ghani Chemworld Limited,DECISION OF THE BOARD - GHANI CHEMWORLD LIMITED,https://dps.psx.com.pk/download/document/284504.pdf
"Oct 5, 2026",1:03 PM,ARCTM,Arctic Textile Mills Limited,"Transmission of Annual Report for the Year Ended June 30, 2026",https://dps.psx.com.pk/download/document/284503.pdf
"Oct 5, 2026",1:01 PM,CRTM,The Crescent Textile Mills Limited,Notice of Annual General Meeting,https://dps.psx.com.pk/download/document/284502.pdf
"Oct 5, 2026",12:59 PM,MCBIM-FUNDS,MCBIM-FUNDS,ALHAMRA ISLAMIC MONEY MARKET FUND (ALHIMMF) Daily Dividend Distribution for 04-OCT-26,https://dps.psx.com.pk/download/document/284501.pdf
"Oct 5, 2026",12:59 PM,KAPCO,Kot Addu Power Company Limited,"Transmission of Annual Report for the Year Ended June 30, 2026",https://dps.psx.com.pk/download/document/284500.pdf
"Oct 5, 2026",12:58 PM,SITC,Sitara Chemical Industries Limited,otice of Annual General Meeting,https://dps.psx.com.pk/download/document/284498.pdf
"Oct 5, 2026",12:57 PM,MCBIM-FUNDS,MCBIM-FUNDS,PAKISTAN CASH MANAGEMENT FUND (PCF) Daily Dividend Distribution for 04-OCT-26,https://dps.psx.com.pk/download/document/284497.pdf
"Oct 5, 2026",12:55 PM,MCBIM-FUNDS,MCBIM-FUNDS,ALHAMRA DAILY DIVIDEND FUND (ALHDDF) Daily Dividend Distribution for 04-OCT-26,https://dps.psx.com.pk/download/document/284495.pdf
"Oct 5, 2026",12:54 PM,MCBIM-FUNDS,MCBIM-FUNDS,PAKISTAN CASH MANAGEMENT FUND (PCF) Daily Dividend Distribution for 03-OCT-26,https://dps.psx.com.pk/download/document/284494.pdf
"Oct 5, 2026",12:53 PM,MCBIM-FUNDS,MCBIM-FUNDS,ALHAMRA DAILY DIVIDEND FUND (ALHDDF) Daily Dividend Distribution for 03-OCT-26,https://dps.psx.com.pk/download/document/284492.pdf
"Oct 5, 2026",12:52 PM,MCBIM-FUNDS,MCBIM-FUNDS,ALHAMRA ISLAMIC MONEY MARKET FUND (ALHIMMF) Daily Dividend Distribution for 03-OCT-26,https://dps.psx.com.pk/download/document/284491.pdf
"Oct 5, 2026",12:51 PM,MCBIM-FUNDS,MCBIM-FUNDS,ALHAMRA ISLAMIC MONEY MARKET FUND (ALHIMMF) Daily Dividend Distribution for 02-OCT-26,https://dps.psx.com.pk/download/document/284490.pdf
"Oct 5, 2026",12:51 PM,MCBIM-FUNDS,MCBIM-FUNDS,ALHAMRA DAILY DIVIDEND FUND (ALHDDF) Daily Dividend Distribution for 02-OCT-26,https://dps.psx.com.pk/download/document/284489.pdf
"Oct 5, 2026",12:50 PM,MCBIM-FUNDS,MCBIM-FUNDS,PAKISTAN CASH MANAGEMENT FUND (PCF) Daily Dividend Distribution for 02-OCT-26,https://dps.psx.com.pk/download/document/284488.pdf
"Oct 5, 2026",12:47 PM,ELCM,Elahi Cotton Mills Limited,Un usual movement of shares,https://dps.psx.com.pk/download/document/284486.pdf
"Oct 5, 2026",12:45 PM,PASL,Pervez Ahmed Consultancy Services Ltd.,Notice of Annual General Meeting,https://dps.psx.com.pk/download/document/284485.pdf
"Oct 5, 2026",12:44 PM,SITC,Sitara Chemical Industries Limited,Transmission of Annual Report for the Year Ended 30.06.2026,https://dps.psx.com.pk/download/document/284484.pdf
"Oct 5, 2026",12:43 PM,ASTL,Amreli Steels Limited,Notice of Annual General Meeting,https://dps.psx.com.pk/download/document/284483.pdf
"Oct 5, 2026",12:43 PM,DSFL,Dewan Salman Fibre Limited,Notice of Annual General Meeting,https://dps.psx.com.pk/download/document/284482.pdf
"Oct 5, 2026",12:43 PM,TOWL,Towellers Limited,Transmission of Annual Report for the Year Ended June 30 2026,https://dps.psx.com.pk/download/document/284481.pdf
"Oct 5, 2026",12:41 PM,DFSM,Dewan Farooque Spinning Mills Limited,Notice of Annual General Meeting,https://dps.psx.com.pk/download/document/284480.pdf
"Oct 5, 2026",12:39 PM,DWAE,Dewan Automotive Engineering Limited,Notice of Annual General Meeting,https://dps.psx.com.pk/download/document/284479.pdf
"Oct 5, 2026",12:39 PM,BTL,Blessed Textiles Limited,Notice of Annual General Meeting,https://dps.psx.com.pk/download/document/284478.pdf
"Oct 5, 2026",12:38 PM,PASL,Pervez Ahmed Consultancy Services Ltd.,"Financial Results for the Year Ended June 30, 2026",https://dps.psx.com.pk/download/document/284477.pdf
"Oct 5, 2026",12:37 PM,DCL,Dewan Cement Limited,Notice of Annual General Meeting,https://dps.psx.com.pk/download/document/284476.pdf
"Oct 5, 2026",12:35 PM,BWHL,Baluchistan Wheels Limited,Board Meeting,https://dps.psx.com.pk/download/document/284475.pdf
"Oct 5, 2026",12:25 PM,GATM,Gul Ahmed Textile Mills Limited,NOTICE OF ANNUAL GENERAL MEETING,https://dps.psx.com.pk/download/document/284474.pdf
"Oct 5, 2026",12:24 PM,ANTM,AN Textile Mills Limited,Notice of Annual General Meeting,https://dps.psx.com.pk/download/document/284473.pdf
"Oct 5, 2026",12:23 PM,FASM,Faisal Spinning Mills Limited,Notice of Annual General Meeting,https://dps.psx.com.pk/download/document/284472.pdf
"Oct 5, 2026",12:22 PM,HICL,Habib Insurance Company Limited,"Dispatch/Credit of Remaining Bonus Shares under Section 236Z of the Income Tax Ordinance, 2001",https://dps.psx.com.pk/download/document/284471.pdf
"Oct 5, 2026",12:18 PM,KOIL,Kohinoor Industries Limited,Financial Results for the Year Ended 30-06-2026,https://dps.psx.com.pk/download/document/284470.pdf
"Oct 5, 2026",12:18 PM,TGL,Tariq Glass Industries Limited,"Transmission of Annual Report for the Year Ended June 30, 2026",https://dps.psx.com.pk/download/document/284469.pdf
"Oct 5, 2026",12:18 PM,SLM,Service Long March Tyres Limited,Notice of Extraordinary General Meeting,https://dps.psx.com.pk/download/document/284468.pdf
"Oct 5, 2026",12:12 PM,KOHP,Kohinoor Power Company Limited,Financial Results for the Year Ended 30-06-2026,https://dps.psx.com.pk/download/document/284465.pdf
"Oct 5, 2026",12:11 PM,TGL,Tariq Glass Industries Limited,Notice of Annual General Meeting,https://dps.psx.com.pk/download/document/284464.pdf
"Oct 5, 2026",12:11 PM,BHAT,Bhanero Textile Mills Limited,Notice of Annual General Meeting,https://dps.psx.com.pk/download/document/284462.pdf
"Oct 5, 2026",12:06 PM,EFUL,EFU Life Assurance Limited,EFUL | EFU Life Assurance Limited -NCCPL Notice,https://dps.psx.com.pk/download/attachment/284461-1.pdf
"Oct 5, 2026",11:58 AM,TSBL,Trust Securities & Brokerage Limited,Publication Pertaining to Annual General Meeting (AGM) of TSBL,https://dps.psx.com.pk/download/document/284460.pdf
"Oct 5, 2026",11:56 AM,SHDT,Shadab Textile Mills Limited,Notice of Annual General Meeting,https://dps.psx.com.pk/download/document/284459.pdf
"Oct 5, 2026",11:53 AM,LSEFSL,LSE Financial Services Limited.,Declaration of Letter of Right of LSE Financial Services Limited as CDS Eligible Security,https://dps.psx.com.pk/download/document/284458.pdf
"Oct 5, 2026",11:52 AM,ZUMA,Zuma Resources Limited,Material Information,https://dps.psx.com.pk/download/document/284456.pdf
"Oct 5, 2026",11:51 AM,HRPL,Habib Rice Product Limited.,Notice of Annual General Meeting,https://dps.psx.com.pk/download/document/284455.pdf
"Oct 5, 2026",11:50 AM,HMIM,Haji Mohammad Ismail Mills Limited,TRANSMISSION OF ANNUAL REPORT FOR THE YEAR ENDED 30.06.2026,https://dps.psx.com.pk/download/document/284454.pdf
"Oct 5, 2026",11:50 AM,FDPL,First Dawood Properties Limited,Published Copies of AGM Notice,https://dps.psx.com.pk/download/document/284453.pdf
"Oct 5, 2026",11:49 AM,MARI,Mari Energies Limited,Results of Emergent Board Meeting,https://dps.psx.com.pk/download/document/284451.pdf
"Oct 5, 2026",11:46 AM,NSRM,The National Silk & Rayon Mills Limited,Financial Results for the Year Ended 2026-06-30,https://dps.psx.com.pk/download/document/284450.pdf
"Oct 5, 2026",11:39 AM,SAIF,Saif Textile Mills Limited,Notice of Annual General Meeting,https://dps.psx.com.pk/download/document/284449.pdf
"Oct 5, 2026",11:38 AM,NETSOL,NetSol Technologies Limited,Notice of Annual General Meeting (Prior to Publication),https://dps.psx.com.pk/download/document/284448.pdf
"Oct 5, 2026",11:34 AM,KOHTM,Kohat Textile Mills Limited,Notice of Annual General Meeting,https://dps.psx.com.pk/download/document/284445.pdf
"Oct 5, 2026",11:28 AM,KCL,Karam Ceramics Limited,Approval of Extension in Time for Holding the Annual General Meeting / Annual Review Meeting,https://dps.psx.com.pk/download/document/284444.pdf
"Oct 5, 2026",11:19 AM,NATF,National Foods Limited,Submission of Newspaper Publication Links - Notice of 55th Annual General Meeting and Ballot Paper - English and Urdu,https://dps.psx.com.pk/download/document/284443.pdf
"Oct 5, 2026",11:15 AM,LIVEN,Liven Pharma Limited,Notice of Annual General Meeting REVOKED,https://dps.psx.com.pk/download/document/284441.pdf
"Oct 5, 2026",11:12 AM,GIL,Good Luck Industries Ltd.,Published Copies of AGM Notice,https://dps.psx.com.pk/download/document/284440.pdf
"Oct 5, 2026",11:11 AM,GDL,Ghani Dairies Limited,Notice of Annual General Meeting,https://dps.psx.com.pk/download/document/284439.pdf
"Oct 5, 2026",11:07 AM,BBFL,Big Bird Foods Limited,"Transmission of Annual Report for the Year Ended June 30, 2026",https://dps.psx.com.pk/download/document/284438.pdf
"Oct 5, 2026",11:04 AM,JUBS,Jubilee Spinning & Weaving Mills Ltd.,Newspaper Publication Notice of 53rd Annual General Meeting,https://dps.psx.com.pk/download/document/284437.pdf
"Oct 5, 2026",11:03 AM,GFIL,Ghazi Fabrics International Limited,Transmission of Annual Report for the Year Ended 30-06-2026,https://dps.psx.com.pk/download/document/284436.pdf
"Oct 5, 2026",10:58 AM,PREMA,At-Tahur Limited,Notice of Annual General Meeting,https://dps.psx.com.pk/download/document/284435.pdf
"Oct 5, 2026",10:52 AM,NATF,National Foods Limited,Newspaper Publication of Notice of 55th Annual General Meeting,https://dps.psx.com.pk/download/document/284434.pdf
"Oct 5, 2026",10:49 AM,GTYR,Ghandhara Tyre & Rubber Company Limited,Notice of Annual General Meeting,https://dps.psx.com.pk/download/document/284433.pdf
"Oct 5, 2026",10:49 AM,ANL,Azgard Nine Limited,"Transmission of Annual Financial Statements for the Year Ended June 30, 2026",https://dps.psx.com.pk/download/document/284432.pdf
"Oct 5, 2026",10:48 AM,GFIL,Ghazi Fabrics International Limited,Notice of Annual General Meeting,https://dps.psx.com.pk/download/document/284431.pdf
"Oct 5, 2026",10:47 AM,TPLI,TPL Insurance Limited,RESULTS OF POLL AT EOGM OF TPL INSURANCE LIMITED,https://dps.psx.com.pk/download/document/284430.pdf
"Oct 5, 2026",10:44 AM,NATM,Nadeem Textile Mills Limited,Approval of Extension in Time for Holding the Annual General Meeting,https://dps.psx.com.pk/download/document/284429.pdf
"Oct 5, 2026",10:44 AM,BIFO,Biafo Industries Limited,Notice of Annual General Meeting - Newspaper Clippings,https://dps.psx.com.pk/download/document/284428.pdf
"Oct 5, 2026",10:32 AM,SEARL,The Searle Company Limited,"Disclosure of Interest by a Director CEO, or Executive of a listed company and their Spouses and the Substantial Shareholders u/c 5.6.1.(d) of PSX Regulations",
"Oct 5, 2026",10:32 AM,ZAHID,Zahidjee Textile Mills Limited,NOTICE OF ANNUAL GENERAL MEETING PRIOR TO PUBLICATION,https://dps.psx.com.pk/download/document/284425.pdf
"Oct 5, 2026",10:31 AM,PREMA,At-Tahur Limited,"Transmission of Annual Report for the Year Ended June 30, 2026",https://dps.psx.com.pk/download/document/284424.pdf
"Oct 5, 2026",10:28 AM,ASHT,Ashfaq Textile Mills Limited,Notice of Annual General Meeting,https://dps.psx.com.pk/download/document/284423.pdf
"Oct 5, 2026",10:18 AM,SELECT,Select Technologies Limited,"Transmission of Annual Report for the Year Ended June 30, 2026",https://dps.psx.com.pk/download/document/284421.pdf
"Oct 5, 2026",10:15 AM,NATF,National Foods Limited,"Transmission of Annual Financial Statements for the Year Ended June 30, 2026",https://dps.psx.com.pk/download/document/284419.pdf
"Oct 5, 2026",10:14 AM,SELECT,Select Technologies Limited,Notice of 5th Annual General Meeting - Published,https://dps.psx.com.pk/download/document/284418.pdf
"Oct 5, 2026",10:05 AM,FECTC,Fecto Cement Limited,"Transmission of Annual Report for the Year Ended June 30, 2026.",https://dps.psx.com.pk/download/document/284417.pdf
"Oct 5, 2026",10:04 AM,SELECT,Select Technologies Limited,Notice of 5th Annual General Meeting,https://dps.psx.com.pk/download/document/284416.pdf
"Oct 5, 2026",9:56 AM,ICIBL,Invest Capital Investment Bank Limited,NOTICE OF ANNUAL GENERAL MEETING-PUBLISHED,https://dps.psx.com.pk/download/document/284414.pdf
"Oct 5, 2026",9:49 AM,ICIBL,Invest Capital Investment Bank Limited,"TRANSMISSION OF ANNUAL REPORT FOR THE YEAR ENDED JUNE 30, 2026",https://dps.psx.com.pk/download/document/284412.pdf
"Oct 5, 2026",9:49 AM,DADX,Dadex Eternit Limited,"DRAFT NOTICE OF HOLDING ANNUAL GENERAL MEETING (AGM), SCHEDULED TO BE HELD ON TUESDAY 27TH OCTOBER 2026, AT 3:30 PM",https://dps.psx.com.pk/download/document/284411.pdf
"Oct 5, 2026",9:47 AM,BUXL,Buxly Paints Limited,Notice of Annual General Meeting,https://dps.psx.com.pk/download/document/284409.pdf
"Oct 5, 2026",9:40 AM,DYNO,Dynea Pakistan Limited,"Sustainability Report for the year ended June 30, 2026.",https://dps.psx.com.pk/download/document/284406.pdf
"Oct 5, 2026",9:34 AM,PAKD,Pak Datacom Limited,Extension for holding AGM of PAKD for June 2026 - Request Submitted to SECP,https://dps.psx.com.pk/download/document/284405.pdf
"Oct 5, 2026",9:32 AM,PIOC,Pioneer Cement Limited,Notice of Extraordinary General Meeting REVOKED,https://dps.psx.com.pk/download/document/284404.pdf
"Oct 5, 2026",9:20 AM,FZCM,Fazal Cloth Mills Limited,Submission of Notice of Annual General Meeting before Publication REVOKED,https://dps.psx.com.pk/download/document/284402.pdf
"Oct 5, 2026",9:14 AM,UDPL,United Distributors Pakistan Limited,Notice of Annual General Meeting and Postal Ballot Paper,https://dps.psx.com.pk/download/document/284401.pdf
"Oct 5, 2026",9:12 AM,NAGC,Nagina Cotton Mills Limited,Notice of Annual General Meeting,https://dps.psx.com.pk/download/document/284400.pdf
"Oct 5, 2026",9:10 AM,PRWM,Prosperity Weaving Mills Limited,Notice of Annual General Meeting,https://dps.psx.com.pk/download/document/284399.pdf
"Oct 5, 2026",9:04 AM,SNAI,Sana Industries Limited,"Financial Results for the year ended June 30, 2026",https://dps.psx.com.pk/download/document/284398.pdf
"Oct 5, 2026",8:59 AM,GIL,Good Luck Industries Ltd.,Notice of Annual General Meeting (Prior to Publication),https://dps.psx.com.pk/download/document/284397.pdf
"Oct 5, 2026",8:57 AM,GIL,Good Luck Industries Ltd.,Financial Results for the Year Ended 2026-06-30,https://dps.psx.com.pk/download/document/284396.pdf
"Oct 5, 2026",8:55 AM,COLG,Colgate-Palmolive (Pakistan) Limited,CREDIT OF FINAL CASH DIVIDEND,https://dps.psx.com.pk/download/document/284395.pdf
"Oct 5, 2026",8:39 AM,SEL,Sitara Energy Limited,Financial Results for the Year Ended 30.06.2026,https://dps.psx.com.pk/download/document/284394.pdf
"Oct 5, 2026",8:36 AM,TOMCL,The Organic Meat Company Limited,"Financial Results for the Year Ended June 30, 2026",https://dps.psx.com.pk/download/document/284393.pdf
"Oct 5, 2026",8:26 AM,GCWL,Ghani Chemworld Limited,EMERGENT (SHORT NOTICE) BOARD OF DIRECTORS MEETING OTHER THAN FINANCIAL RESULTS,https://dps.psx.com.pk/download/document/284392.pdf
"Oct 5, 2026",8:25 AM,GGL,Ghani Global Holdings Limited,Emergent Board Meeting Other Than Financial Results - GHANI GLOBAL HOLDINGS LIMITED,https://dps.psx.com.pk/download/document/284391.pdf
"Oct 5, 2026",8:19 AM,KSTM,Khalid Siraj Textile Mills Limited,Financial Results for the Year Ended 2026-06-30,https://dps.psx.com.pk/download/document/284390.pdf
"Oct 5, 2026",8:10 AM,AKDHL,AKD Hospitality Limited,Financial Results for the Year ended 30th June 2026,https://dps.psx.com.pk/download/document/284389.pdf
"Oct 5, 2026",8:04 AM,LIVEN,Liven Pharma Limited,"financial results for the Year Ended June 30, 2026",https://dps.psx.com.pk/download/document/284388.pdf
"Oct 5, 2026",8:04 AM,LIVEN,Liven Pharma Limited,Annual Free-Float Certificate duly verified by the Auditor REVOKED,https://dps.psx.com.pk/download/document/284387.pdf
"Oct 5, 2026",8:03 AM,LIVEN,Liven Pharma Limited,"Transmission of Annual Report for the Year Ended June 30, 2026",https://dps.psx.com.pk/download/document/284386.pdf
"Oct 5, 2026",8:03 AM,ZUMA,Zuma Resources Limited,Financial Results for the Year Ended June-2026,https://dps.psx.com.pk/download/document/284384.pdf
"Oct 5, 2026",8:02 AM,CPHL,Citi Pharma Ltd.,Financial Results for the Year Ended 30 June 2026,https://dps.psx.com.pk/download/document/284383.pdf
"Oct 5, 2026",8:00 AM,HAEL,Hala Enterprises Limited,"Financial Results for the Year Ended June 30,2026",https://dps.psx.com.pk/download/document/284382.pdf
"Oct 5, 2026",8:00 AM,GATI,Gatron (Industries) Limited,Notice of 46th Annual General Meeting REVOKED,https://dps.psx.com.pk/download/document/284381.pdf
"Oct 5, 2026",8:00 AM,ENGROH,Engro Holdings Limited,Reporting of shares purchased (buy-back) by Engro Holdings Limited,https://dps.psx.com.pk/download/document/284380.pdf
"Oct 5, 2026",8:00 AM,SHFA,Shifa International Hospitals Limited,Notice of Annual General Meeting - Newspaper Clippings,https://dps.psx.com.pk/download/document/284379.pdf
"Oct 5, 2026",8:00 AM,MSCL,Metropolitan Steel Corporation Limited,Notice of Annual General Meeting,https://dps.psx.com.pk/download/document/284378.pdf
"Oct 2, 2026",4:25 PM,WAVESAPP,Waves Home Appliances Limited,"Disclosure of Interest by a Director CEO, or Executive of a listed company and their Spouses and the Substantial Shareholders u/c 5.6.1.(d) of PSX Regulations",
"Oct 2, 2026",4:24 PM,DGKC,D.G. Khan Cement Company Limited,Notice of Annual General Meeting,https://dps.psx.com.pk/download/document/284364.pdf
"Oct 2, 2026",4:24 PM,PAKD,Pak Datacom Limited,"Applied for extension in holding AGM under section 132(1) of the Companies Act, 2017",https://dps.psx.com.pk/download/document/284363.pdf
"Oct 2, 2026",4:23 PM,SEL,Sitara Energy Limited,Board Meeting In Progress,
"Oct 2, 2026",4:23 PM,BBFL,Big Bird Foods Limited,Notice of Annual General Meeting BBFL,https://dps.psx.com.pk/download/document/284361.pdf
"Oct 2, 2026",4:23 PM,LIVEN,Liven Pharma Limited,Board meeting in Progress,
"Oct 2, 2026",4:22 PM,NSRM,The National Silk & Rayon Mills Limited,Appointment of New Independent Director,https://dps.psx.com.pk/download/document/284359.pdf
"Oct 2, 2026",4:16 PM,SYM,Symmetry Group Limited,"Transmission of Annual Report for the Year Ended June 30, 2026 REVOKED",https://dps.psx.com.pk/download/document/284357.pdf
"Oct 2, 2026",4:16 PM,GAMON,Gammon Pakistan Limited,"Quarterly Progress Report - Q1 2027, Ended September 30, 2026 - Gammon Pakistan Limited",https://dps.psx.com.pk/download/document/284356.pdf
"Oct 2, 2026",4:15 PM,ITANZ,Itanz Technologies Limited,"Transmission of Annual Report for the Year Ended June 30, 2026",https://dps.psx.com.pk/download/document/284355.pdf
"Oct 2, 2026",4:13 PM,SZTM,Shahzad Textile Mills Limited,"Disclosure of Interest by a Director CEO, or Executive of a listed company and their Spouses and the Substantial Shareholders u/c 5.6.1.(d) of PSX Regulations",https://dps.psx.com.pk/download/document/284354.pdf
"Oct 2, 2026",4:10 PM,DSL,Dost Steels Limited,Financial Results for the Year Ended 30-06-2026,https://dps.psx.com.pk/download/document/284353.pdf
"Oct 2, 2026",3:59 PM,BWHL,Baluchistan Wheels Limited,Credit of Final Cash Dividend,https://dps.psx.com.pk/download/document/284352.pdf
"Oct 2, 2026",3:56 PM,ICL,Ittehad Chemicals Limted,Notice of Annual General Meeting,https://dps.psx.com.pk/download/document/284351.pdf
"Oct 2, 2026",3:56 PM,BERG,Berger Paints Pakistan Limited,Transmission of Annual Report for the Year Ended 30 June 2026,https://dps.psx.com.pk/download/document/284350.pdf
"Oct 2, 2026",3:53 PM,JDMT,Janana De Malucho Textile Mills Limited,Transmission of Annual Report for the Year Ended June 30 2026,https://dps.psx.com.pk/download/document/284348.pdf
"Oct 2, 2026",3:50 PM,KOSM,Kohinoor Spinning Mills Limited,Clarification Regarding Fake News Circulating on Social Media,https://dps.psx.com.pk/download/document/284347.pdf
"Oct 2, 2026",3:48 PM,MCBIM-FUNDS,MCBIM-FUNDS,PAKISTAN CASH MANAGEMENT FUND (PCF) Daily Dividend Distribution for 01-OCT-26,https://dps.psx.com.pk/download/document/284346.pdf
"Oct 2, 2026",3:47 PM,SEARL,The Searle Company Limited,Notice of Annual General Meeting,https://dps.psx.com.pk/download/document/284345.pdf
"Oct 2, 2026",3:47 PM,MCBIM-FUNDS,MCBIM-FUNDS,ALHAMRA DAILY DIVIDEND FUND (ALHDDF) Daily Dividend Distribution for 01-OCT-26,https://dps.psx.com.pk/download/document/284344.pdf
"Oct 2, 2026",3:46 PM,ITANZ,Itanz Technologies Limited,"Notice of Annual General Meeting for the year ended June 30, 2026",https://dps.psx.com.pk/download/document/284343.pdf
"Oct 2, 2026",3:46 PM,MCBIM-FUNDS,MCBIM-FUNDS,ALHAMRA ISLAMIC MONEY MARKET FUND (ALHIMMF) Daily Dividend Distribution for 01-OCT-26,https://dps.psx.com.pk/download/document/284342.pdf
"Oct 2, 2026",3:41 PM,ASL,Aisha Steel Mills Limited,Transmission of Annual Report for the Year Ended 30 June 2026,https://dps.psx.com.pk/download/document/284341.pdf
"Oct 2, 2026",3:39 PM,TATM,Tata Textile Mills Limited,"Transmission of Annual Report for the Year Ended June 30, 2026",https://dps.psx.com.pk/download/document/284339.pdf
"Oct 2, 2026",3:36 PM,WAVESAPP,Waves Home Appliances Limited,ALLOTMENT OF UNSUBSCRIBED SHARES AND FULL SUBSCRIPTION OF RIGHTS ISSUE,https://dps.psx.com.pk/download/document/284338.pdf
"Oct 2, 2026",3:35 PM,FCIBL,First Credit and Investment Bank Limited,Transmission of Annual Accounts for the Year ended 2026-06-30,https://dps.psx.com.pk/download/document/284337.pdf
"Oct 2, 2026",3:34 PM,TATM,Tata Textile Mills Limited,Notice of Annual General Meeting - June 2026,https://dps.psx.com.pk/download/document/284336.pdf
"Oct 2, 2026",3:28 PM,ISL,International Steels Limited,General Meetings / Briefing Sessions,https://dps.psx.com.pk/download/document/284335.pdf
"Oct 2, 2026",3:24 PM,ISL,International Steels Limited,Notice of Corporate Briefing Session 2026,https://dps.psx.com.pk/download/document/284334.pdf
"Oct 2, 2026",3:22 PM,ASTL,Amreli Steels Limited,Prior Intimation of Publication of Notice of Annual General Meeting,https://dps.psx.com.pk/download/document/284333.pdf
"Oct 2, 2026",3:21 PM,ICL,Ittehad Chemicals Limted,Notice of Annual General Meeting REVOKED,https://dps.psx.com.pk/download/document/284332.pdf
"Oct 2, 2026",3:20 PM,ANL,Azgard Nine Limited,Notice of Annual General Meeting,https://dps.psx.com.pk/download/document/284331.pdf
"Oct 2, 2026",3:17 PM,PACE,Pace (Pakistan) Limited,Material Information,https://dps.psx.com.pk/download/document/284330.pdf
"Oct 2, 2026",3:17 PM,DIIL,Diamond Industries Limited,Financial Results for the Year Ended 2026-06-30,https://dps.psx.com.pk/download/document/284329.pdf
"Oct 2, 2026",3:17 PM,ALAC,Askari Life Assurance Company Limited,Change in the Board,https://dps.psx.com.pk/download/document/284328.pdf
"Oct 2, 2026",3:16 PM,IDYM,Indus Dyeing & Manufacturing Co. Limited,"Financial Results for the Year Ended June 30, 2026",https://dps.psx.com.pk/download/document/284327.pdf
"Oct 2, 2026",3:15 PM,SPL,Sitara Peroxide Limited,Annual Board Meeting,
"Oct 2, 2026",3:15 PM,PIM,Popular Islamic Modaraba,Notice of Annual Review Meeting,https://dps.psx.com.pk/download/document/284325.pdf
"Oct 2, 2026",3:13 PM,PIM,Popular Islamic Modaraba,"Transmission of Annual Report for the Year Ended June 30, 2026",https://dps.psx.com.pk/download/document/284323.pdf
"Oct 2, 2026",3:12 PM,INIL,International Industries Limited,Notice of Corporate Briefing Session 2026,https://dps.psx.com.pk/download/document/284321.pdf
"Oct 2, 2026",3:08 PM,LSEFSL,LSE Financial Services Limited.,LSEFSL | LSE Financial Services Limited - 58.89% Right Issue Rs.1/- Per Share (LSEFSL),https://dps.psx.com.pk/download/attachment/284320-1.pdf
"Oct 2, 2026",3:07 PM,OTSU,Otsuka Pakistan Limited,Notice of Corporate Briefing Session - 2026,https://dps.psx.com.pk/download/document/284318.pdf
"Oct 2, 2026",3:07 PM,FNBM,First National Bank Modaraba,"Quarterly Progress Report for the Quarter ended September 30, 2026",https://dps.psx.com.pk/download/document/284317.pdf
"Oct 2, 2026",3:04 PM,RUPL,Rupali Polyester Limited,Notice of Annual General Meeting,https://dps.psx.com.pk/download/document/284316.pdf
"Oct 2, 2026",3:04 PM,DSIL,D.S. Industries Limited,"Disclosure of Interest by a Director CEO, or Executive of a listed company and their Spouses and the Substantial Shareholders u/c 5.6.1.(d) of PSX Regulations",
"Oct 2, 2026",3:04 PM,FDPL,First Dawood Properties Limited,Notice of Annual General Meeting,https://dps.psx.com.pk/download/document/284314.pdf
"Oct 2, 2026",3:02 PM,GTYR,Ghandhara Tyre & Rubber Company Limited,Notice of Annual General Meeting (Pre-Publication),https://dps.psx.com.pk/download/document/284313.pdf
"Oct 2, 2026",3:01 PM,IML,Imperial Limited,"Financial Results for the Year Ended June 30, 2026",https://dps.psx.com.pk/download/document/284312.pdf
"Oct 2, 2026",2:59 PM,SUTM,Sunrays Textile Mills Limited,"Financial Results for the Year Ended June 30, 2026",https://dps.psx.com.pk/download/document/284311.pdf
"Oct 2, 2026",2:58 PM,INDU,Indus Motor Company Limited,"Credit of Final Cash Dividend (D-79) for the year ended June 30, 2026",https://dps.psx.com.pk/download/document/284309.pdf
"Oct 2, 2026",2:58 PM,CEPB,Century Paper & Board Mills Limited,"TRANSMISSION OF ANNUAL REPORT FOR THE YEAR ENDED JUNE 30, 2026",https://dps.psx.com.pk/download/document/284308.pdf
"Oct 2, 2026",2:57 PM,NATF,National Foods Limited,"Disclosure of Interest by a Director CEO, or Executive of a listed company and their Spouses and the Substantial Shareholders u/c 5.6.1.(d) of PSX Regulations",
"Oct 2, 2026",2:54 PM,SHCI,Shaffi Chemical Industries Limited,Financial Results for the Year Ended 2026-06-30,https://dps.psx.com.pk/download/document/284305.pdf
"Oct 2, 2026",2:54 PM,CEPB,Century Paper & Board Mills Limited,NOTICE OF ANNUAL GENERAL MEETING,https://dps.psx.com.pk/download/document/284304.pdf
"Oct 2, 2026",2:49 PM,FHAM,First Habib Modaraba,Corporate Briefing Session 2025-26,https://dps.psx.com.pk/download/document/284303.pdf
"Oct 2, 2026",2:48 PM,MCBIM,MCB Investment Management Limited.,"BOARD MEETING/ CLOSED PERIOD FOR THE QUARTER ENDED SEPTEMBER 30, 2026",https://dps.psx.com.pk/download/document/284302.pdf
"Oct 2, 2026",2:42 PM,OTSU,Otsuka Pakistan Limited,Notice of 38th Annual General Meeting of the Company,https://dps.psx.com.pk/download/document/284300.pdf
"Oct 2, 2026",2:38 PM,SHFA,Shifa International Hospitals Limited,Notice of 40th Annual General Meeting 2026,https://dps.psx.com.pk/download/document/284299.pdf
"Oct 2, 2026",2:35 PM,SHFA,Shifa International Hospitals Limited,Transmission of Annual Report for the Year Ended 30-06-2026,https://dps.psx.com.pk/download/document/284297.pdf
"Oct 2, 2026",2:19 PM,WAHDAT,Wahdat Poultry Farm Limited,Notice of Annual General Meeting,https://dps.psx.com.pk/download/document/284294.pdf
"Oct 2, 2026",2:05 PM,CJPL,Crescent Jute Products Limited,Notice of Annual General Meeting,https://dps.psx.com.pk/download/document/284293.pdf
"Oct 2, 2026",1:49 PM,BIFO,Biafo Industries Limited,"Disclosure of Interest by a Director CEO, or Executive of a listed company and their Spouses and the Substantial Shareholders u/c 5.6.1.(d) of PSX Regulations",
"Oct 2, 2026",1:40 PM,PECO,Pakistan Engineering Company Limited,PRIOR INTIMATION OF PUBLICATION OF NOTICE OF ANNUAL GENERAL MEETING IN NEWSPAPERS,https://dps.psx.com.pk/download/document/284290.pdf
"Oct 2, 2026",1:33 PM,ARPAK,Arpak International Investments Ltd.,"Financial Results for the year ended June 30, 2026",https://dps.psx.com.pk/download/document/284289.pdf
"Oct 2, 2026",1:18 PM,GEMPACRA,The Pakistan Credit Rating Agency Ltd,"Disclosure of Interest by a Director CEO, or Executive of a listed company and their Spouses and the Substantial Shareholders u/c 5.6.1.(d) of PSX Regulations",https://dps.psx.com.pk/download/document/284286.pdf
"Oct 2, 2026",12:58 PM,JKSM,J.K. Spinning Mills Limited,Notice of Corporate Briefing Session,https://dps.psx.com.pk/download/document/284284.pdf
"Oct 2, 2026",12:47 PM,PECO,Pakistan Engineering Company Limited,"Financial Results for the Year Ended June 30, 2026",https://dps.psx.com.pk/download/document/284279.pdf
"Oct 2, 2026",12:43 PM,KOHE,Kohinoor Energy Limited,"Financial Results for the Year Ended June 30, 2026",https://dps.psx.com.pk/download/document/284278.pdf
"Oct 2, 2026",12:41 PM,ICIBL,Invest Capital Investment Bank Limited,NOTICE OF ANNUAL GENERAL MEETING PRIOR TO PUBLICATION,https://dps.psx.com.pk/download/document/284277.pdf
"Oct 2, 2026",12:36 PM,LCI,Lucky Core Industries Limited,Corporate Briefing Session - Presentation,https://dps.psx.com.pk/download/document/284276.pdf
"Oct 2, 2026",12:36 PM,ICIBL,Invest Capital Investment Bank Limited,"FINANCIAL RESULTS FOR THE YEAR ENDED JUNE 30, 2026",https://dps.psx.com.pk/download/document/284275.pdf
"Oct 2, 2026",12:31 PM,FCEPL,Frieslandcampina Engro Pakistan Limited,RESIGNATION AND APPOINTMENT OF CHIEF FINANCIAL OFFICER.,https://dps.psx.com.pk/download/document/284274.pdf
"Oct 2, 2026",12:28 PM,REDCO,Redco Textiles Limited,Notice of Annual General Meeting,https://dps.psx.com.pk/download/document/284273.pdf
"Oct 2, 2026",12:23 PM,DWAE,Dewan Automotive Engineering Limited,"Transmission of Annual Report for the Year Ended June 30,2026",https://dps.psx.com.pk/download/document/284272.pdf
"Oct 2, 2026",12:21 PM,STML,Shams Textile Mills Limited,"Transmission of Annual Report for the Year Ended June 30, 2026",https://dps.psx.com.pk/download/document/284271.pdf
"Oct 2, 2026",12:21 PM,SEPL,Security Papers Limited,Payment of Final Cash Dividend (56-F),https://dps.psx.com.pk/download/document/284270.pdf
"Oct 2, 2026",12:18 PM,JKSM,J.K. Spinning Mills Limited,Notice of Corporate Briefing Session REVOKED,https://dps.psx.com.pk/download/document/284269.pdf
"Oct 2, 2026",12:18 PM,HMIM,Haji Mohammad Ismail Mills Limited,Financial Results for the year ended 30-06-2026,https://dps.psx.com.pk/download/document/284268.pdf
"Oct 2, 2026",12:16 PM,NCL,Nishat Chunian Limited,Transmission of Annual Report for the Year Ended 2026-06-30,https://dps.psx.com.pk/download/document/284267.pdf
"Oct 2, 2026",12:07 PM,NCL,Nishat Chunian Limited,Notice of Annual General Meeting,https://dps.psx.com.pk/download/document/284265.pdf
"Oct 2, 2026",12:05 PM,EFERT,Engro Fertilizers Limited,"BOARD MEETING FOR THE ANNOUNCEMENT OF THE FINANCIAL RESULTS FOR THE NINE MONTHS ENDED SEPTEMBER 30, 2026",https://dps.psx.com.pk/download/document/284264.pdf
"Oct 2, 2026",12:05 PM,FECTC,Fecto Cement Limited,Notice of Annual General Meeting (Post-Publication),https://dps.psx.com.pk/download/document/284263.pdf
"Oct 2, 2026",11:59 AM,CLOV,Clover Pakistan Limited,Clarification of Book Closure Dates Relating to Bonus Share Entitlements Announced Through PUCARS,https://dps.psx.com.pk/download/document/284261.pdf
"Oct 2, 2026",11:57 AM,ARMG,ARM Green Industries Limited,Financial Results for the Year Ended,https://dps.psx.com.pk/download/document/284260.pdf
"Oct 2, 2026",11:55 AM,TELE,Telecard Limited,Applied for Extension for Holding the Annual General Meeting,https://dps.psx.com.pk/download/document/284258.pdf
"Oct 2, 2026",11:51 AM,FCIBL,First Credit and Investment Bank Limited,Notice of Annual General Meeting,https://dps.psx.com.pk/download/document/284257.pdf
"Oct 2, 2026",11:49 AM,PCAL,Pakistan Cables Limited,Notice of Corporate Briefing Session,https://dps.psx.com.pk/download/document/284256.pdf
"Oct 2, 2026",11:49 AM,TSBL,Trust Securities & Brokerage Limited,Notice of Annual General Meeting (Prior to Publication),https://dps.psx.com.pk/download/document/284255.pdf
"Oct 2, 2026",11:32 AM,GADT,Gadoon Textile Mills Limited,Grant of Shariah Compliance Certificate,https://dps.psx.com.pk/download/document/284253.pdf
"Oct 2, 2026",11:30 AM,FTSM,First Tri-Star Modaraba,Financial Results for the Year Ended 2026-06-30,https://dps.psx.com.pk/download/document/284251.pdf
"Oct 2, 2026",11:30 AM,TPLI,TPL Insurance Limited,Certified True Copy of Special Resolutions Passed at Extraordinary General Meeting,https://dps.psx.com.pk/download/document/284250.pdf
"Oct 2, 2026",11:29 AM,REDCO,Redco Textiles Limited,"Financial Results for the Year Ended June 30, 2026",https://dps.psx.com.pk/download/document/284249.pdf
"Oct 2, 2026",11:27 AM,MUREB,Murree Brewery Company Limited,Notice of Annual General Meeting Published in the Newspapers,https://dps.psx.com.pk/download/document/284248.pdf
"Oct 2, 2026",11:26 AM,GUTM,Gulistan Textile Mills Limited,Board Meeting,https://dps.psx.com.pk/download/document/284247.pdf
"Oct 2, 2026",11:23 AM,SLYT,Sally Textile Mills Limited,Notice of Annual General Meeting,https://dps.psx.com.pk/download/document/284246.pdf
"Oct 2, 2026",11:06 AM,LSEFSL,LSE Financial Services Limited.,"Financial Results for the Year Ended June 30th, 2026",https://dps.psx.com.pk/download/document/284244.pdf
"Oct 2, 2026",11:06 AM,IPAK,International Packaging Films Limited,Notice of Annual General Meeting (Pre-Publication),https://dps.psx.com.pk/download/document/284243.pdf
"Oct 2, 2026",11:05 AM,UBL,United Bank Limited,"Disclosure of Interest by a Director CEO, or Executive of a listed company and their Spouses and the Substantial Shareholders u/c 5.6.1.(d) of PSX Regulations",
"Oct 2, 2026",11:03 AM,WAHDAT,Wahdat Poultry Farm Limited,Transmission of Annual Report for the Year Ended 30 June 2026,https://dps.psx.com.pk/download/document/284241.pdf
"Oct 2, 2026",10:59 AM,SYM,Symmetry Group Limited,Notice of Annual General Meeting,https://dps.psx.com.pk/download/document/284239.pdf
"Oct 2, 2026",10:57 AM,AHL,Arif Habib Limited,"Disclosure of Interest by a Director CEO, or Executive of a listed company and their Spouses and the Substantial Shareholders u/c 5.6.1.(d) of PSX Regulations",https://dps.psx.com.pk/download/document/284238.pdf
"Oct 2, 2026",10:53 AM,DAAG,Data Agro Limited,Board Meeting,
"Oct 2, 2026",10:53 AM,GRYL,Grays Leasing Limited,Transmission of annual financial statements,https://dps.psx.com.pk/download/document/284236.pdf
"Oct 2, 2026",10:52 AM,MZNPETF,Meezan Pakistan ETF,NOTICE OF BOARD MEETING,https://dps.psx.com.pk/download/document/284233.pdf
"Oct 2, 2026",10:49 AM,MEEZAN-FUNDS,MEEZAN-FUNDS,NOTICE OF BOARD MEETING,https://dps.psx.com.pk/download/document/284231.pdf
"Oct 2, 2026",10:44 AM,GOC,GOC (Pak) Limited.,"Notice Under Section 159(4) of the Companies Act, 2017",https://dps.psx.com.pk/download/document/284230.pdf
"Oct 2, 2026",10:42 AM,GRYL,Grays Leasing Limited,Notice of Annual General Meeting,https://dps.psx.com.pk/download/document/284229.pdf
"Oct 2, 2026",10:30 AM,SPCL,Saudi Pak Consultancy Company Limited,Corrigendum in Respect of 36th AGM to be held on Wenesday 21-10-2026,https://dps.psx.com.pk/download/document/284227.pdf
"Oct 2, 2026",10:25 AM,SEARL,The Searle Company Limited,"Disclosure of Interest by a Director CEO, or Executive of a listed company and their Spouses and the Substantial Shareholders u/c 5.6.1.(d) of PSX Regulations",
"Oct 2, 2026",10:18 AM,PPVC,Pakistan PVC Limited,"Transmission of Annual Financial Statements for the Year Ended June 30, 2026",https://dps.psx.com.pk/download/document/284225.pdf
"Oct 2, 2026",10:14 AM,PPVC,Pakistan PVC Limited,Notice of Annual General Meeting,https://dps.psx.com.pk/download/document/284224.pdf
"Oct 2, 2026",10:13 AM,LSECL,LSE Capital Limited.,Financial Results for the Year Ended June 30th 2026,https://dps.psx.com.pk/download/document/284223.pdf
"Oct 2, 2026",10:10 AM,BERG,Berger Paints Pakistan Limited,Notice of Annual General Meeting,https://dps.psx.com.pk/download/document/284222.pdf
"Oct 2, 2026",10:08 AM,ZTL,Zephyr Textiles Limited,BOOK CLOSURE FOR ANNUAL GENERAL MEETING 2026,https://dps.psx.com.pk/download/document/284221.pdf
"Oct 2, 2026",10:03 AM,BWCL,Bestway Cement Limited,General Meetings / Briefing Sessions,
"Oct 2, 2026",9:51 AM,WAHN,Wah Noble Chemicals Limited,Notice of Annual General Meeting,https://dps.psx.com.pk/download/document/284219.pdf
"Oct 2, 2026",9:25 AM,FCL,Fast Cables Limited,"Transmission of Annual report for the Year Ended June 30, 2026",https://dps.psx.com.pk/download/document/284218.pdf
"Oct 2, 2026",9:13 AM,KAPCO,Kot Addu Power Company Limited,Notice of 30th Annual General Meeting,https://dps.psx.com.pk/download/document/284217.pdf
"Oct 2, 2026",9:11 AM,SYS,Systems Limited,"Disclosure of Interest by a Director CEO, or Executive of a listed company and their Spouses and the Substantial Shareholders u/c 5.6.1.(d) of PSX Regulations",https://dps.psx.com.pk/download/document/284216.pdf
"Oct 2, 2026",8:59 AM,WAHN,Wah Noble Chemicals Limited,NOTICE OF ANNUAL GENERAL MEETING PRIOR TO ITS PUBLICATION,https://dps.psx.com.pk/download/document/284215.pdf
"Oct 2, 2026",8:47 AM,MARI,Mari Energies Limited,Notice of Emergent Board Meeting,https://dps.psx.com.pk/download/document/284214.pdf
"Oct 2, 2026",8:45 AM,DINT,Din Textile Mills Limited,Transmission of Annual Report for the Year Ended 30 June 2026,https://dps.psx.com.pk/download/document/284213.pdf
"Oct 2, 2026",8:07 AM,BFAGRO,Barkat Frisian Agro Limited,"Financial Results for the Year Ended June 30, 2026",https://dps.psx.com.pk/download/document/284212.pdf
"Oct 2, 2026",8:03 AM,DNCC,Dandot Cement Company Limited,Board Meeting,https://dps.psx.com.pk/download/document/284211.pdf
"Oct 2, 2026",8:00 AM,ENGROH,Engro Holdings Limited,Reporting of shares purchased (buy-back) by Engro Holdings Limited,https://dps.psx.com.pk/download/document/284210.pdf
"Oct 1, 2026",3:29 PM,DCR,Dolmen City REIT,DCR | Dolmen City REIT Board Meeting,https://dps.psx.com.pk/download/attachment/284206-1.pdf
"Oct 1, 2026",3:29 PM,NNAR,Naya Nazimabad Apartment REIT,NNAR | Naya Nazimabad Apartment REIT Board Meeting,https://dps.psx.com.pk/download/attachment/284204-1.pdf
"Oct 1, 2026",3:29 PM,SRR,Signature Residency REIT,SRR | Signature Residency REIT Board Meeting,https://dps.psx.com.pk/download/attachment/284205-1.pdf
"Oct 1, 2026",3:28 PM,DINT,Din Textile Mills Limited,Transmission of Annual Report for the Year Ended 30 June 2026 REVOKED,https://dps.psx.com.pk/download/document/284201.pdf
"Oct 1, 2026",3:26 PM,CLOV,Clover Pakistan Limited,Appointment of Director,https://dps.psx.com.pk/download/document/284200.pdf
"Oct 1, 2026",3:26 PM,SURC,Suraj Cotton Mills Limited,"Sustainability Report for the Year Ended June 30, 2026 of Suraj Cotton Mills Limited",https://dps.psx.com.pk/download/document/284199.pdf
"Oct 1, 2026",3:26 PM,BAHL,Bank AL Habib Limited,"Disclosure of Interest by a Director CEO, or Executive of a listed company and their Spouses and the Substantial Shareholders u/c 5.6.1.(d) of PSX Regulations",
"Oct 1, 2026",3:26 PM,FCL,Fast Cables Limited,FCL | Fast Cables Limited Transmission of Annual Report for the Year Ended 30 June 2026,https://dps.psx.com.pk/download/attachment/284207-1.pdf
"Oct 1, 2026",3:25 PM,SRR,Signature Residency REIT,Emergent Board Meeting / Closed Period REVOKED,https://dps.psx.com.pk/download/document/284197.pdf
"Oct 1, 2026",3:24 PM,DCR,Dolmen City REIT,Emergent Board Meeting / Closed Period REVOKED,https://dps.psx.com.pk/download/document/284196.pdf
"Oct 1, 2026",3:24 PM,SANE,Salman Noman Enterprises Limited,Applied for Extension for holding the AGM,https://dps.psx.com.pk/download/document/284195.pdf
"Oct 1, 2026",3:19 PM,MWMP,Mandviwala Mauser Plastic Industries,"Disclosure of Interest by a Director CEO, or Executive of a listed company and their Spouses and the Substantial Shareholders u/c 5.6.1.(d) of PSX Regulations",https://dps.psx.com.pk/download/document/284194.pdf
"Oct 1, 2026",3:13 PM,ASL,Aisha Steel Mills Limited,Notice of Annual General Meeting,https://dps.psx.com.pk/download/document/284191.pdf
"Oct 1, 2026",3:12 PM,DINT,Din Textile Mills Limited,Notice of Annual General Meeting,https://dps.psx.com.pk/download/document/284189.pdf
"Oct 1, 2026",3:10 PM,DAAG,Data Agro Limited,Board Meeting REVOKED,
"Oct 1, 2026",3:10 PM,NEXT,Next Capital Limited,Board Meeting Rescheduled,
"Oct 1, 2026",3:10 PM,SURC,Suraj Cotton Mills Limited,"Transmission of Annual Report for the Year Ended June 30, 2026",https://dps.psx.com.pk/download/document/284184.pdf
"Oct 1, 2026",3:06 PM,MARI,Mari Energies Limited,"Corporate Briefing Session Presentation - October 2, 2026",
"Oct 1, 2026",3:06 PM,ECOP,Ecopack Limited,Notice of the 35th Annual General Meeting of EcoPack Limited,https://dps.psx.com.pk/download/document/284182.pdf
"Oct 1, 2026",2:58 PM,ANSM,Ansari Sugar Mills Limited,"Disclosure of Interest by a Director CEO, or Executive of a listed company and their Spouses and the Substantial Shareholders u/c 5.6.1.(d) of PSX Regulations",https://dps.psx.com.pk/download/document/284181.pdf
"Oct 1, 2026",2:56 PM,FECTC,Fecto Cement Limited,Notice of Annual General Meeting (Pre-Publication),https://dps.psx.com.pk/download/document/284180.pdf
"Oct 1, 2026",2:53 PM,PREMA,At-Tahur Limited,"Book Closure of Rated, Listed, Secured & Privately Placed Short Term Sukuk III",https://dps.psx.com.pk/download/document/284179.pdf
"Oct 1, 2026",2:52 PM,MFFL,Mitchells Fruit Farms Limited,Financial Results for the Year ended June 30 2026,https://dps.psx.com.pk/download/document/284178.pdf
"Oct 1, 2026",2:48 PM,MUREB,Murree Brewery Company Limited,"Transmission of Annual Report for the Year Ended June 30, 2026",https://dps.psx.com.pk/download/document/284177.pdf
"Oct 1, 2026",2:42 PM,MUREB,Murree Brewery Company Limited,Notice of Annual General Meeting,https://dps.psx.com.pk/download/document/284176.pdf
"Oct 1, 2026",2:41 PM,STCL,Shabbir Tiles & Ceramics Limited,"Transmission of Annual Report for the Year Ended June 30, 2026",https://dps.psx.com.pk/download/document/284175.pdf
"Oct 1, 2026",2:37 PM,CHBL,Chenab Limited,"APPLIED FOR EXTENSION FOR HOLDING OF ANNUAL GENERAL MEETING FOR THE YEAR ENDED JUNE 30, 2026",https://dps.psx.com.pk/download/document/284174.pdf
"Oct 1, 2026",2:31 PM,KOHE,Kohinoor Energy Limited,Material Information,https://dps.psx.com.pk/download/document/284173.pdf
"Oct 1, 2026",2:31 PM,STML,Shams Textile Mills Limited,Notice of Annual General Meeting,https://dps.psx.com.pk/download/document/284172.pdf
"Oct 1, 2026",2:30 PM,ANL,Azgard Nine Limited,"Financial Results for the Year Ended June 30, 2026",https://dps.psx.com.pk/download/document/284171.pdf
"Oct 1, 2026",2:27 PM,ECOP,Ecopack Limited,Notice of the 35th Annual General Meeting of EcoPack Limited REVOKED,https://dps.psx.com.pk/download/document/284170.pdf
"Oct 1, 2026",2:27 PM,QUET,Quetta Textile Mills Limited,Applied for Extension for Holding Annual General Meeting / Annual Review,https://dps.psx.com.pk/download/document/284169.pdf
"Oct 1, 2026",2:26 PM,MSCL,Metropolitan Steel Corporation Limited,Financial Results for the Year Ended 30/06/2026,https://dps.psx.com.pk/download/document/284168.pdf
"Oct 1, 2026",2:24 PM,FCL,Fast Cables Limited,Notice of 18th Annual General Meeting of FCL,https://dps.psx.com.pk/download/document/284167.pdf
"Oct 1, 2026",2:20 PM,NBP-FUNDS,NBP-FUNDS,"Financial Results of NBP Stock Fund for the period ended June 30, 2026",https://dps.psx.com.pk/download/document/284166.pdf
"Oct 1, 2026",2:19 PM,NBP-FUNDS,NBP-FUNDS,"Financial Results of NBP Savings Fund for the period ended June 30, 2026",https://dps.psx.com.pk/download/document/284165.pdf
"Oct 1, 2026",2:18 PM,NBP-FUNDS,NBP-FUNDS,"Financial Results of NBP Sarmaya Izafa Fund for the period ended June 30, 2026",https://dps.psx.com.pk/download/document/284164.pdf
"Oct 1, 2026",2:15 PM,NBP-FUNDS,NBP-FUNDS,"Financial Results of NBP Pakistan Growth Exchange Traded Fund for the period ended June 30, 2026",https://dps.psx.com.pk/download/document/284163.pdf
"Oct 1, 2026",2:14 PM,NBP-FUNDS,NBP-FUNDS,"Financial Results of NBP Riba Free Savings Fund for the period ended June 30, 2026",https://dps.psx.com.pk/download/document/284162.pdf
"Oct 1, 2026",2:14 PM,AASM,Al-Abid Silk Mills Limited,"Financial Result for the Year ended June 30, 2026",https://dps.psx.com.pk/download/document/284161.pdf
"Oct 1, 2026",2:13 PM,HCAR,Honda Atlas Cars (Pakistan) Limited,Material Information,https://dps.psx.com.pk/download/document/284160.pdf
"Oct 1, 2026",2:12 PM,NBP-FUNDS,NBP-FUNDS,"Financial Results of NBP Mustahkam Fund for the period ended June 30, 2026",https://dps.psx.com.pk/download/document/284159.pdf
"Oct 1, 2026",2:10 PM,NBP-FUNDS,NBP-FUNDS,"Financial Results of NBP Mustahkam Fund - II for the period ended June 30, 2026",https://dps.psx.com.pk/download/document/284158.pdf
"Oct 1, 2026",2:07 PM,NBP-FUNDS,NBP-FUNDS,"Financial Results of NBP Money Market Fund for the period ended June 30, 2026",https://dps.psx.com.pk/download/document/284157.pdf
"Oct 1, 2026",2:05 PM,NBP-FUNDS,NBP-FUNDS,"Financial Results of NBP Mahana Amdani Fund for the period ended June 30, 2026",https://dps.psx.com.pk/download/document/284156.pdf
"Oct 1, 2026",2:05 PM,CLOV,Clover Pakistan Limited,Financial Results for the Year Ended 30 June 2026,https://dps.psx.com.pk/download/document/284155.pdf
"Oct 1, 2026",2:04 PM,NBP-FUNDS,NBP-FUNDS,"Financial Results of NBP Islamic Stock Fund for the period ended June 30, 2026",https://dps.psx.com.pk/download/document/284154.pdf
"Oct 1, 2026",2:02 PM,NBP-FUNDS,NBP-FUNDS,"Financial Results of NBP Islamic Savings Fund for the period ended June 30, 2026",https://dps.psx.com.pk/download/document/284152.pdf
"Oct 1, 2026",2:00 PM,NBP-FUNDS,NBP-FUNDS,"Financial Results of NBP Islamic Sarmaya Izafa Fund for the period ended June 30, 2026",https://dps.psx.com.pk/download/document/284150.pdf
"Oct 1, 2026",1:58 PM,NBP-FUNDS,NBP-FUNDS,"Financial Results of NBP Islamic Principal Protection Fund - I for the period ended June 30, 2026",https://dps.psx.com.pk/download/document/284149.pdf
"Oct 1, 2026",1:56 PM,NBP-FUNDS,NBP-FUNDS,"Financial Results of NBP Islamic Mustahkam Fund for the period ended June 30, 2026",https://dps.psx.com.pk/download/document/284148.pdf
"Oct 1, 2026",1:54 PM,NBP-FUNDS,NBP-FUNDS,"Financial Results of NBP Islamic Money Market Fund for the period ended June 30, 2026",https://dps.psx.com.pk/download/document/284147.pdf
"Oct 1, 2026",1:47 PM,NBP-FUNDS,NBP-FUNDS,"Financial Results of NBP Islamic Mahana Amdani Fund for the period ended June 30, 2026",https://dps.psx.com.pk/download/document/284146.pdf
"Oct 1, 2026",1:46 PM,NBP-FUNDS,NBP-FUNDS,"Financial Results of NBP Islamic Income Fund for the period ended June 30, 2026",https://dps.psx.com.pk/download/document/284145.pdf
"Oct 1, 2026",1:46 PM,NSRM,The National Silk & Rayon Mills Limited,Resignation of Independent Director,https://dps.psx.com.pk/download/document/284144.pdf
"Oct 1, 2026",1:45 PM,RUPL,Rupali Polyester Limited,Financial Results for the Year Ended 2026-06-30,https://dps.psx.com.pk/download/document/284143.pdf
"Oct 1, 2026",1:44 PM,FNEL,First National Equities Limited,Board Meeting Other Than Financial Results,
"Oct 1, 2026",1:44 PM,NBP-FUNDS,NBP-FUNDS,"Financial Results of NBP Islamic Government Securities Fund - I for the period ended June 30, 2026",https://dps.psx.com.pk/download/document/284141.pdf
"Oct 1, 2026",1:42 PM,NBP-FUNDS,NBP-FUNDS,"Financial Results of NBP Islamic Gold Fund for the period ended June 30, 2026",https://dps.psx.com.pk/download/document/284140.pdf
"Oct 1, 2026",1:40 PM,NATF,National Foods Limited,Prior Publication Notice of 55th Annual General Meeting (AGM) and Ballot Paper,https://dps.psx.com.pk/download/document/284139.pdf
"Oct 1, 2026",1:40 PM,NBP-FUNDS,NBP-FUNDS,"Financial Results of NBP Islamic Energy Fund for the period ended June 30, 2026",https://dps.psx.com.pk/download/document/284138.pdf
"Oct 1, 2026",1:39 PM,NBP-FUNDS,NBP-FUNDS,"Financial Results of NBP Islamic Daily Dividend Fund for the period ended June 30, 2026",https://dps.psx.com.pk/download/document/284137.pdf
"Oct 1, 2026",1:38 PM,NBP-FUNDS,NBP-FUNDS,"Financial Results of NBP Income Opportunity Fund for the period ended June 30, 2026",https://dps.psx.com.pk/download/document/284136.pdf
"Oct 1, 2026",1:36 PM,NBP-FUNDS,NBP-FUNDS,"Financial Results of NBP Income Fund of Fund for the period ended June 30, 2026",https://dps.psx.com.pk/download/document/284135.pdf
"Oct 1, 2026",1:34 PM,NBP-FUNDS,NBP-FUNDS,"Financial Results of NBP Government Securities Savings Fund for the period ended June 30, 2026",https://dps.psx.com.pk/download/document/284134.pdf
"Oct 1, 2026",1:33 PM,NBP-FUNDS,NBP-FUNDS,"Financial Results of NBP Government Securities Liquid Fund for the period ended June 30, 2026",https://dps.psx.com.pk/download/document/284133.pdf
"Oct 1, 2026",1:25 PM,NBP-FUNDS,NBP-FUNDS,"Financial Results of for NBP Government Securities Fund - II the period ended June 30, 2026",https://dps.psx.com.pk/download/document/284131.pdf
"Oct 1, 2026",1:23 PM,NBP-FUNDS,NBP-FUNDS,"Financial Results of NBP Government Securities Fund - I for the period ended June 30, 2026",https://dps.psx.com.pk/download/document/284130.pdf
"Oct 1, 2026",1:21 PM,NBP-FUNDS,NBP-FUNDS,"Financial Results of NBP Financial Sector Income Plus Fund for the period ended June 30, 2026",https://dps.psx.com.pk/download/document/284129.pdf
"Oct 1, 2026",1:20 PM,GCIL,Ghani Chemical Industries Limited,Newspaper Cuttings - GHANI CHEMICAL INDUSTRIES LIMITED,https://dps.psx.com.pk/download/document/284128.pdf
"Oct 1, 2026",1:17 PM,NBP-FUNDS,NBP-FUNDS,"Financial Results of NBP Financial Sector Income Fund for the period ended June 30, 2026",https://dps.psx.com.pk/download/document/284127.pdf
"Oct 1, 2026",1:15 PM,NBP-FUNDS,NBP-FUNDS,"Financial Results of NBP Financial Sector Fund for the period ended June 30, 2026",https://dps.psx.com.pk/download/document/284126.pdf
"Oct 1, 2026",1:13 PM,NBP-FUNDS,NBP-FUNDS,"Financial Results of NBP Balanced Fund for the period ended June 30, 2026",https://dps.psx.com.pk/download/document/284125.pdf
"Oct 1, 2026",1:12 PM,MSOT,Masood Textile Mills Limited,Mandatory Shariah Disclosures for the Year Ended 2026-06-30,https://dps.psx.com.pk/download/document/284124.pdf
"Oct 1, 2026",1:07 PM,SGPL,S.G. Power Limited,Resignation of Chief Financial Officer,
"Oct 1, 2026",1:02 PM,JUBS,Jubilee Spinning & Weaving Mills Ltd.,"Transmission of Annual Report for the Year Ended June 30, 2026",https://dps.psx.com.pk/download/document/284119.pdf
"Oct 1, 2026",1:00 PM,SGPL,S.G. Power Limited,Appointment of Company Secretary,
"Oct 1, 2026",12:59 PM,PPP,Pakistan Paper Products Limited,Disclosure of Interest by Director,https://dps.psx.com.pk/download/document/284117.pdf
"Oct 1, 2026",12:49 PM,DBCI,Dadabhoy Cement Industries Limited,DBCI | Dadabhoy Cement Industries Limited Board Meeting,https://dps.psx.com.pk/download/attachment/284113-1.pdf
"Oct 1, 2026",12:49 PM,DBSL,Dadabhoy Sack Limited,DBSL | Dadabhoy Sack Limited Board Meeting,https://dps.psx.com.pk/download/attachment/284112-1.pdf
"Oct 1, 2026",12:47 PM,TCORP,Tariq Corporation Limited,Change of Head of Internal Audit,https://dps.psx.com.pk/download/document/284111.pdf
"Oct 1, 2026",12:34 PM,LSEFSL,LSE Financial Services Limited.,Notice of Closure of Share Transfer Books For Right Issue,
"Oct 1, 2026",12:22 PM,PHDL,Pakistan Hotels Developers Limited,"Transmission of Annual Financial Statements for the Year Ended June 30, 2026",https://dps.psx.com.pk/download/document/284109.pdf
"Oct 1, 2026",12:21 PM,JDMT,Janana De Malucho Textile Mills Limited,"Notice of Annual General Meeting, Alongwith Postal Ballot Paper, Published in Newpapers",https://dps.psx.com.pk/download/document/284108.pdf
"Oct 1, 2026",12:13 PM,SPAC1,LSE SPAC-I Limited,Closed Period for Material Decision Through Resolution by Circular,https://dps.psx.com.pk/download/document/284107.pdf
"Oct 1, 2026",12:03 PM,HAFL,Hafiz Limited,"Notice of 75th Annual General Meeting on 22nd October, 2026",https://dps.psx.com.pk/download/document/284105.pdf
"Oct 1, 2026",11:56 AM,TOWL,Towellers Limited,Notice of Annual General Meeting 2026,https://dps.psx.com.pk/download/document/284102.pdf
"Oct 1, 2026",11:53 AM,BUXL,Buxly Paints Limited,Transmission of Annual Financial Statements for the Year Ended 2026-06-30,https://dps.psx.com.pk/download/document/284101.pdf
"Oct 1, 2026",11:51 AM,AATM,Ali Asghar Textile Mills Limited,Board Meeting,https://dps.psx.com.pk/download/document/284100.pdf
"Oct 1, 2026",11:41 AM,THCCL,Thatta Cement Company Limited,Company Secretary,https://dps.psx.com.pk/download/document/284098.pdf
"Oct 1, 2026",11:37 AM,EFUL,EFU Life Assurance Limited,EFUL | EFU Life Assurance Limited Right Issue 42.86% at Par Value Rs.10/- Per Ordinary Shares,https://dps.psx.com.pk/download/attachment/284096-1.pdf
"Oct 1, 2026",11:25 AM,BNWM,Bannu Woollen Mills Limited,"Transmission of Annual Report for the Year Ended June 30, 2026",https://dps.psx.com.pk/download/document/284094.pdf
"Oct 1, 2026",11:20 AM,NBP,National Bank of Pakistan,Notice of Extraordinary General Meeting,https://dps.psx.com.pk/download/document/284093.pdf
"Oct 1, 2026",11:19 AM,BNWM,Bannu Woollen Mills Limited,"Notice of Annual General Meeting for the year ended June 30, 2026",https://dps.psx.com.pk/download/document/284092.pdf
"Oct 1, 2026",11:19 AM,PAKD,Pak Datacom Limited,Board Meeting Rescheduled REVOKED,https://dps.psx.com.pk/download/document/284091.pdf
"Oct 1, 2026",11:14 AM,KOHC,Kohat Cement Company Limited,KCCL-Notice of Annual General Meeting published in English and Urdu Newspapers (Nationwide),https://dps.psx.com.pk/download/document/284088.pdf
"Oct 1, 2026",11:14 AM,MCBIM-FUNDS,MCBIM-FUNDS,ALHAMRA ISLAMIC MONEY MARKET FUND (ALHIMMF) Daily Dividend Distribution for 30-SEP-26,https://dps.psx.com.pk/download/document/284087.pdf
"Oct 1, 2026",11:13 AM,MCBIM-FUNDS,MCBIM-FUNDS,PAKISTAN CASH MANAGEMENT FUND (PCF) Daily Dividend Distribution for 30-SEP-26,https://dps.psx.com.pk/download/document/284086.pdf
"Oct 1, 2026",11:12 AM,NPL,Nishat Power Limited,"Transmission of Annual Report for the year ended June 30, 2026",https://dps.psx.com.pk/download/document/284085.pdf
"Oct 1, 2026",11:12 AM,MWMP,Mandviwala Mauser Plastic Industries,Board Meeting,https://dps.psx.com.pk/download/document/284084.pdf
"Oct 1, 2026",11:12 AM,MCBIM-FUNDS,MCBIM-FUNDS,ALHAMRA DAILY DIVIDEND FUND (ALHDDF) Daily Dividend Distribution for 30-SEP-26,https://dps.psx.com.pk/download/document/284083.pdf
"Oct 1, 2026",11:11 AM,MERIT,Merit Packaging Limited,NOTICE & BALLOT PAPER OF ANNUAL GENERAL MEETING,https://dps.psx.com.pk/download/document/284082.pdf
"Oct 1, 2026",11:03 AM,FFL,Fauji Foods Limited,"Disclosure of Interest by a Director CEO, or Executive of a listed company and their Spouses and the Substantial Shareholders u/c 5.6.1.(d) of PSX Regulations",https://dps.psx.com.pk/download/document/284081.pdf
"Oct 1, 2026",11:01 AM,CEPB,Century Paper & Board Mills Limited,NOTICE & BALLOT PAPER OF ANNUAL GENERAL MEETING,https://dps.psx.com.pk/download/document/284080.pdf
"Oct 1, 2026",10:55 AM,NPL,Nishat Power Limited,Notice of Annual General Meeting,https://dps.psx.com.pk/download/document/284077.pdf
"Oct 1, 2026",10:45 AM,JUBS,Jubilee Spinning & Weaving Mills Ltd.,Final Notice of Annual General Meeting 2026,https://dps.psx.com.pk/download/document/284076.pdf
"Oct 1, 2026",10:40 AM,STCL,Shabbir Tiles & Ceramics Limited,Notice Of The 48th Annual General Meeting,https://dps.psx.com.pk/download/document/284075.pdf
"Oct 1, 2026",10:34 AM,OLPL,OLP Financial Services Pakistan Limited,Notice of 40th Annual General Meeting,https://dps.psx.com.pk/download/document/284074.pdf
"Oct 1, 2026",10:26 AM,SSGC,Sui Southern Gas Company Limited,Applied for Extension for holding the AGM,https://dps.psx.com.pk/download/document/284072.pdf
"Oct 1, 2026",10:21 AM,THCCL,Thatta Cement Company Limited,Company Secretary,
"Oct 1, 2026",10:19 AM,IMS,Intermarket Securities Limited,"Transmission of Annual Financial Statement for the Year Ended June 30, 2026",https://dps.psx.com.pk/download/document/284068.pdf
"Oct 1, 2026",10:18 AM,SLYT,Sally Textile Mills Limited,Transmission of Annual report for the Year Ended 30-06-2026,https://dps.psx.com.pk/download/document/284067.pdf
"Oct 1, 2026",10:17 AM,IMS,Intermarket Securities Limited,Notice of Annual General Meeting along with Newspaper Cutting,https://dps.psx.com.pk/download/document/284066.pdf
"Oct 1, 2026",10:14 AM,AGIC,Askari General Insurance Company Limited,Material Information - Re-composition of Board of Directors,https://dps.psx.com.pk/download/document/284065.pdf
"Oct 1, 2026",10:12 AM,MIIETF,Mahaana Islamic Index ETF,"MIIETF | Mahaana Islamic Index ETF FINANCIAL RESULTS FOR THE YEAR ENDED JUNE 30, 2026",https://dps.psx.com.pk/download/attachment/284064-1.pdf
"Oct 1, 2026",10:09 AM,KOHC,Kohat Cement Company Limited,"TRANSMISSION OF ANNUAL REPORT FOR THE YEAR ENDED JUNE 30, 2026",https://dps.psx.com.pk/download/document/284063.pdf
"Oct 1, 2026",9:52 AM,DSIL,D.S. Industries Limited,Board Meeting,
"Oct 1, 2026",9:49 AM,OPENFUND,OPENFUND,"OPEN FUND HBL Asset Manangement Limited TRANSMISSION OF ANNUAL REPORT FOR THE YEAR ENDED JUNE 30, 2026-Islamic Funds",https://dps.psx.com.pk/download/attachment/284060-1.pdf
"Oct 1, 2026",9:48 AM,OPENFUND,OPENFUND,"OPEN FUND HBL Asset Manangement Limited TRANSMISSION OF ANNUAL REPORT FOR THE YEAR ENDED JUNE 30, 2026-Conventional Funds",https://dps.psx.com.pk/download/attachment/284059-1.pdf
"Oct 1, 2026",9:47 AM,PREMA,At-Tahur Limited,Notice of Annual General Meeting - (Pre-Publication),https://dps.psx.com.pk/download/document/284058.pdf
"Oct 1, 2026",9:43 AM,NCPL,Nishat Chunian Power Limited,"TRANSMISSION OF ANNUAL REPORT FOR THE YEAR ENDED JUNE 30, 2026",https://dps.psx.com.pk/download/document/284057.pdf
"Oct 1, 2026",9:42 AM,TRSM,Trust Modaraba,Notice of Annual Review Meeting for the Certificate Holders of Trust Modaraba 2026.,https://dps.psx.com.pk/download/document/284056.pdf
"Oct 1, 2026",9:18 AM,KOHC,Kohat Cement Company Limited,ransmission of Annual Report for the Year Ended REVOKED,https://dps.psx.com.pk/download/document/284050.pdf
"Oct 1, 2026",9:15 AM,SGPL,S.G. Power Limited,Financial Results for the Year Ended 30-Jun-2026,https://dps.psx.com.pk/download/document/284048.pdf
"Oct 1, 2026",9:09 AM,SOYASUP,Agro Processors & Atmospheric Gases Ltd,"FINANCIAL RESULTS FOR THE YEAR ENDED JUNE 30, 2026",https://dps.psx.com.pk/download/document/284047.pdf
"Oct 1, 2026",9:09 AM,KOHC,Kohat Cement Company Limited,Notice of Annual General Meeting,https://dps.psx.com.pk/download/document/284046.pdf
"Oct 1, 2026",9:07 AM,FCL,Fast Cables Limited,Publication of the Notice of Annual General Meeting of FCL in Newspaper,https://dps.psx.com.pk/download/document/284045.pdf
"Oct 1, 2026",8:56 AM,DCL,Dewan Cement Limited,"Transmission of Annual Report for the Year Ended June 30,2026",https://dps.psx.com.pk/download/document/284044.pdf
"Oct 1, 2026",8:47 AM,TPLT,TPL Trakker Limited,"Disclosure of Interest by a Director CEO, or Executive of a listed company and their Spouses and the Substantial Shareholders u/c 5.6.1.(d) of PSX Regulations",
"Oct 1, 2026",8:45 AM,FZCM,Fazal Cloth Mills Limited,Financial Results,https://dps.psx.com.pk/download/document/284041.pdf
"Oct 1, 2026",8:34 AM,TISL,Tasdeeq Information Services Limited,Material Information,https://dps.psx.com.pk/download/document/284040.pdf
"Oct 1, 2026",8:23 AM,TRSM,Trust Modaraba,"Transmission of Annual Financial Statements for the year ended June 30, 2026.",https://dps.psx.com.pk/download/document/284038.pdf
"Oct 1, 2026",8:23 AM,ENGROH,Engro Holdings Limited,Reporting of shares purchased (buy-back) by Engro Holdings Limited,https://dps.psx.com.pk/download/document/284037.pdf
"Oct 1, 2026",8:22 AM,SAIF,Saif Textile Mills Limited,Financial Results for the Year Ended 30.06.2026,https://dps.psx.com.pk/download/document/284036.pdf
"Oct 1, 2026",8:20 AM,KOHTM,Kohat Textile Mills Limited,Financial Results for the Year Ended 30.06.2026,https://dps.psx.com.pk/download/document/284035.pdf
"Oct 1, 2026",8:18 AM,AKDSL,AKD Securities Limited,"Financial Results for the Year Ended June 30, 2026",https://dps.psx.com.pk/download/document/284034.pdf
"Oct 1, 2026",8:09 AM,TOMCL,The Organic Meat Company Limited,Adjournment of Board Meeting,https://dps.psx.com.pk/download/document/284033.pdf
"Oct 1, 2026",8:04 AM,SMCPL,Safe Mix Concrete Limited,Financial Results for the Year Ended 30-06-2026,https://dps.psx.com.pk/download/document/284032.pdf
"Oct 1, 2026",8:00 AM,BRRG,B.R.R Guardian Limited,"Financial Results of BRR Guardian Limited For the Year Ended June 30, 2026",https://dps.psx.com.pk/download/document/284031.pdf
"Oct 1, 2026",8:00 AM,SMCPL,Safe Mix Concrete Limited,Financial Results for the year ended 30 June 2026 REVOKED,https://dps.psx.com.pk/download/document/284029.pdf
"Oct 1, 2026",8:00 AM,KEL,K-Electric Limited,Board Meeting Other Than Financial Results,
"Sep 30, 2026",3:39 PM,OPENFUND,OPENFUND,"OPEN FUND 786 Smart Fund and Transmission of Annual Report for the Year Ended June 30, 2026",https://dps.psx.com.pk/download/attachment/284023-1.pdf
"Sep 30, 2026",3:38 PM,OPENFUND,OPENFUND,"OPEN FUND 786 Islamic Money Market Fund Transmission of Annual Report for the Year Ended June 30, 2026",https://dps.psx.com.pk/download/attachment/284022-1.pdf
"Sep 30, 2026",3:29 PM,FZCM,Fazal Cloth Mills Limited,FZCM | Fazal Cloth Mills Limited Meeting in progress,https://dps.psx.com.pk/download/attachment/284024-1.pdf
"Sep 30, 2026",3:26 PM,ASC,Al Shaheer Corporation Limited,Resignation of Company Secretary,
"Sep 30, 2026",3:26 PM,LCI,Lucky Core Industries Limited,Notice of Corporate Briefing Session,https://dps.psx.com.pk/download/document/284019.pdf
"Sep 30, 2026",3:26 PM,SOYASUP,Agro Processors & Atmospheric Gases Ltd,Board Meeting In Progress,https://dps.psx.com.pk/download/document/284018.pdf
"Sep 30, 2026",3:24 PM,NCPL,Nishat Chunian Power Limited,Notice of Annual General Meeting,https://dps.psx.com.pk/download/document/284017.pdf
"Sep 30, 2026",3:21 PM,ACPL,Attock Cement Pakistan Limited,Material Information,https://dps.psx.com.pk/download/document/284016.pdf
"Sep 30, 2026",3:21 PM,IGIHL,IGI Holdings Limited,Material Information,https://dps.psx.com.pk/download/document/284015.pdf
"Sep 30, 2026",3:21 PM,IGIHL,IGI Holdings Limited,"Disclosure of Interest by a Director CEO, or Executive of a listed company and their Spouses and the Substantial Shareholders u/c 5.6.1.(d) of PSX Regulations",
"Sep 30, 2026",3:20 PM,MEEZAN-FUNDS,MEEZAN-FUNDS,"Annual Report of the Meezan Tahaffuz Pension Fund under management of Al Meezan Investment Management Ltd for the year ended June 30, 2026",https://dps.psx.com.pk/download/document/284013.pdf
"Sep 30, 2026",3:18 PM,MEEZAN-FUNDS,MEEZAN-FUNDS,"Annual Report of the Meezan Strategic Allocation Fund under management of Al Meezan Investment Management Ltd for the year ended June 30, 2026",https://dps.psx.com.pk/download/document/284011.pdf
"Sep 30, 2026",3:16 PM,PKGS,Packages Limited,"Disclosure of Interest by a Director CEO, or Executive of a listed company and their Spouses and the Substantial Shareholders u/c 5.6.1.(d) of PSX Regulations",
"Sep 30, 2026",3:16 PM,MEEZAN-FUNDS,MEEZAN-FUNDS,"Annual Report of the Meezan Rozana Amdani Fund under management of Al Meezan Investment Management Ltd for the year ended June 30, 2026",https://dps.psx.com.pk/download/document/284008.pdf
"Sep 30, 2026",3:14 PM,MEEZAN-FUNDS,MEEZAN-FUNDS,"Annual Report of the Meezan Islamic Asaan Cash Fund under management of Al Meezan Investment Management Ltd for the year ended June 30, 2026",https://dps.psx.com.pk/download/document/284007.pdf
"Sep 30, 2026",3:14 PM,TPLRF1,TPL REIT Fund I,"Disclosure of Interest by a Director CEO, or Executive of a listed company and their Spouses and the Substantial Shareholders u/c 5.6.1.(d) of PSX Regulations",
"Sep 30, 2026",3:13 PM,TISL,Tasdeeq Information Services Limited,Board Meeting In Progress,
"Sep 30, 2026",3:13 PM,ZAL,Zarea Limited,"Financial Results for the Year Ended June 30, 2026.",https://dps.psx.com.pk/download/document/284004.pdf
"Sep 30, 2026",3:13 PM,MEEZAN-FUNDS,MEEZAN-FUNDS,"Annual Report of the Meezan Fixed Term Fund under management of Al Meezan Investment Management Ltd for the year ended June 30, 2026",https://dps.psx.com.pk/download/document/284003.pdf
"Sep 30, 2026",3:12 PM,IDEAL,Ideal Dynamics Limited,FINANCIAL RESULTS FOR THE YEAR ENDED 2026-06-30,https://dps.psx.com.pk/download/document/284002.pdf
"Sep 30, 2026",3:11 PM,SMCPL,Safe Mix Concrete Limited,77th Board Meeting in Progress,https://dps.psx.com.pk/download/document/284000.pdf
"Sep 30, 2026",3:11 PM,MEEZAN-FUNDS,MEEZAN-FUNDS,"Annual Report of the Meezan Financial Planning Fund of Fund under management of Al Meezan Investment Management Ltd for the year ended June 30, 2026",https://dps.psx.com.pk/download/document/283999.pdf
"Sep 30, 2026",3:09 PM,MEEZAN-FUNDS,MEEZAN-FUNDS,"Annual Report of the Meezan Islamic Fund and Al Meezan Mutual Fund under management of Al Meezan Investment Management Ltd for the year ended June 30, 2026",https://dps.psx.com.pk/download/document/283997.pdf
"Sep 30, 2026",3:08 PM,MEEZAN-FUNDS,MEEZAN-FUNDS,"Annual Report of the Meezan GOKP Pension Fund and Meezan Islamic Government of Punjab Pension Fund under management of Al Meezan Investment Management Ltd for the year ended June 30, 2026",https://dps.psx.com.pk/download/document/283996.pdf
"Sep 30, 2026",3:07 PM,MEEZAN-FUNDS,MEEZAN-FUNDS,"Annual Report of the Meezan Pakistan Exchange Traded Fund and Meezan Gold Fund under management of Al Meezan Investment Management Ltd for the year ended June 30, 2026.",https://dps.psx.com.pk/download/document/283995.pdf
"Sep 30, 2026",3:06 PM,BECO,Beco Steel Limited,Board Meeting,https://dps.psx.com.pk/download/document/283994.pdf
"Sep 30, 2026",3:05 PM,MEEZAN-FUNDS,MEEZAN-FUNDS,"Annual Report of the Meezan Islamic Income Fund and Meezan Sovereign Fund under management of Al Meezan Investment Management Ltd for the year ended June 30, 2026",https://dps.psx.com.pk/download/document/283993.pdf
"Sep 30, 2026",3:05 PM,TPL,TPL Corp Limited,"Disclosure of Interest by a Director CEO, or Executive of a listed company and their Spouses and the Substantial Shareholders u/c 5.6.1.(d) of PSX Regulations",
"Sep 30, 2026",3:04 PM,MEEZAN-FUNDS,MEEZAN-FUNDS,"Annual Report of the Meezan Capital Protected Fund III under management of Al Meezan Investment Management Ltd for the year ended June 30, 2026",https://dps.psx.com.pk/download/document/283991.pdf
"Sep 30, 2026",3:04 PM,SURC,Suraj Cotton Mills Limited,Notice of Annual General Meeting,https://dps.psx.com.pk/download/document/283990.pdf
"Sep 30, 2026",3:03 PM,TOMCL,The Organic Meat Company Limited,Board Meeting In Progress,https://dps.psx.com.pk/download/document/283989.pdf
"Sep 30, 2026",3:03 PM,MEEZAN-FUNDS,MEEZAN-FUNDS,"Annual Report of the Meezan Cash Fund under management of Al Meezan Investment Management Ltd for the year ended June 30, 2026",https://dps.psx.com.pk/download/document/283988.pdf
"Sep 30, 2026",3:02 PM,MEEZAN-FUNDS,MEEZAN-FUNDS,"Annual Report of the KSE-Meezan Index Fund and Meezan Balanced Fund under management of Al Meezan Investment Management Ltd for the year ended June 30, 2026",https://dps.psx.com.pk/download/document/283987.pdf
"Sep 30, 2026",3:02 PM,AHL,Arif Habib Limited,Credit of Final Cash Dividend,https://dps.psx.com.pk/download/document/283986.pdf
"Sep 30, 2026",3:00 PM,MEEZAN-FUNDS,MEEZAN-FUNDS,"Annual Report of the Meezan Daily Income Fund under management of Al Meezan Investment Management Ltd for the year ended June 30, 2026",https://dps.psx.com.pk/download/document/283985.pdf
"Sep 30, 2026",2:59 PM,MEEZAN-FUNDS,MEEZAN-FUNDS,"Annual Report of the Dedicated Equity and Energy Funds under management of Al Meezan Investment Management Ltd for the year ended June 30, 2026",https://dps.psx.com.pk/download/document/283984.pdf
"Sep 30, 2026",2:58 PM,MEEZAN-FUNDS,MEEZAN-FUNDS,"Annual Report of the Asset Allocation and Dynamic Asset Allocation Funds under management of Al Meezan Investment Management Ltd for the year ended June 30, 2026",https://dps.psx.com.pk/download/document/283983.pdf
"Sep 30, 2026",2:57 PM,SPCL,Saudi Pak Consultancy Company Limited,Notice of 36th Annual General Meeting,https://dps.psx.com.pk/download/document/283982.pdf
"Sep 30, 2026",2:57 PM,SEPL,Security Papers Limited,DISCLOSURE OF MATERIAL INFORMATION REGARDING SUCCESSFUL COMPLETION OF PM-2 UPGRADE PROJECT AND RESUMPTION OF PRODUCTION,https://dps.psx.com.pk/download/document/283981.pdf
"Sep 30, 2026",2:55 PM,MEEZAN-FUNDS,MEEZAN-FUNDS,"Corporate information of the funds under management of Al Meezan Investment Management Ltd for the year ended June 30, 2026",https://dps.psx.com.pk/download/document/283980.pdf
"Sep 30, 2026",2:54 PM,FRCL,Frontier Ceramics Limited,Board Meeting,https://dps.psx.com.pk/download/document/283979.pdf
"Sep 30, 2026",2:52 PM,MZNPETF,Meezan Pakistan ETF,"Annual Report of the Meezan Pakistan Exchange Traded Fund for the year ended June 30, 2026",https://dps.psx.com.pk/download/document/283978.pdf
"Sep 30, 2026",2:52 PM,TPLRF1,TPL REIT Fund I,"Disclosure of Interest by a Director CEO, or Executive of a listed company and their Spouses and the Substantial Shareholders u/c 5.6.1.(d) of PSX Regulations",
"Sep 30, 2026",2:49 PM,TPLP,TPL Properties Limited,"Disclosure of Interest by a Director CEO, or Executive of a listed company and their Spouses and the Substantial Shareholders u/c 5.6.1.(d) of PSX Regulations",
"Sep 30, 2026",2:48 PM,BGL,Baluchistan Glass Limited,"Transmission of Annual Report for the Year Ended June 30, 2026",https://dps.psx.com.pk/download/document/283975.pdf
"Sep 30, 2026",2:47 PM,ABL-FUNDS,ABL-FUNDS,"ABL Islamic Financial Planning Fund- Financial Statements for the Year ended June 30, 2026.",https://dps.psx.com.pk/download/document/283974.pdf
"Sep 30, 2026",2:46 PM,ALFALAH-FUNDS,ALFALAH-FUNDS,"Transmission of Annual Report for the Year Ended June 30, 2026 - Islamic - 5",https://dps.psx.com.pk/download/document/283973.pdf
"Sep 30, 2026",2:45 PM,ABL-FUNDS,ABL-FUNDS,"ABL Special Savings Fund- Financial Statements for the year ended June 30, 2026.",https://dps.psx.com.pk/download/document/283972.pdf
"Sep 30, 2026",2:44 PM,ABL-FUNDS,ABL-FUNDS,"ABL Optimal Asset Allocation Fund-Finacial Statements for the Period From September 04, 2025 to June 30, 2026.",https://dps.psx.com.pk/download/document/283971.pdf
"Sep 30, 2026",2:43 PM,CLVL,Cordoba Logistics & Ventures Limited,Board Meeting,https://dps.psx.com.pk/download/document/283970.pdf
"Sep 30, 2026",2:42 PM,AWT-FUNDS,AWT-FUNDS,"Transmission of Annual Report for the year ended June 30, 2026",https://dps.psx.com.pk/download/document/283969.pdf
"Sep 30, 2026",2:41 PM,ALFALAH-FUNDS,ALFALAH-FUNDS,"Transmission of Annual Report for the Year Ended June 30, 2026 - Islamic - 4",https://dps.psx.com.pk/download/document/283968.pdf
"Sep 30, 2026",2:40 PM,ALFALAH-FUNDS,ALFALAH-FUNDS,"Transmission of Annual Report for the Year Ended June 30, 2026 - Islamic - 3",https://dps.psx.com.pk/download/document/283967.pdf
"Sep 30, 2026",2:40 PM,ABL-FUNDS,ABL-FUNDS,"ABL Islamic Fixed Term Fund- Financial Statements for the Period From September 19, 2025 to June 30, 2026.",https://dps.psx.com.pk/download/document/283966.pdf
"Sep 30, 2026",2:38 PM,ALFALAH-FUNDS,ALFALAH-FUNDS,"Transmission of Annual Report for the Year Ended June 30, 2026 - Islamic - 2",https://dps.psx.com.pk/download/document/283965.pdf
"Sep 30, 2026",2:37 PM,ABL-FUNDS,ABL-FUNDS,"ABL Islamic Sovereign Fund-Financial Statements for the Year ended June 30, 2026.",https://dps.psx.com.pk/download/document/283964.pdf
"Sep 30, 2026",2:37 PM,ALFALAH-FUNDS,ALFALAH-FUNDS,"Transmission of Annual Report for the Year Ended June 30, 2026 - Islamic - 1",https://dps.psx.com.pk/download/document/283963.pdf
"Sep 30, 2026",2:36 PM,ZTL,Zephyr Textiles Limited,"Financial Results For The Year Ended 30th June, 2026",https://dps.psx.com.pk/download/document/283962.pdf
"Sep 30, 2026",2:34 PM,ABL-FUNDS,ABL-FUNDS,"ABL Stock Fund- Financial Statements for the Year ended June 30, 2026.",https://dps.psx.com.pk/download/document/283961.pdf
"Sep 30, 2026",2:33 PM,GEMPACRA,The Pakistan Credit Rating Agency Ltd,"Board Meeting Oct 07, 2026",https://dps.psx.com.pk/download/document/283960.pdf
"Sep 30, 2026",2:33 PM,ALFALAH-FUNDS,ALFALAH-FUNDS,"Transmission of Annual Report for the Year Ended June 30, 2026 - Conventional - 8",https://dps.psx.com.pk/download/document/283959.pdf
"Sep 30, 2026",2:31 PM,ALFALAH-FUNDS,ALFALAH-FUNDS,"Transmission of Annual Report for the Year Ended June 30, 2026 - Conventional - 7",https://dps.psx.com.pk/download/document/283958.pdf
"Sep 30, 2026",2:30 PM,ALFALAH-FUNDS,ALFALAH-FUNDS,"Transmission of Annual Report for the Year Ended June 30, 2026 - Conventional - 6",https://dps.psx.com.pk/download/document/283957.pdf
"Sep 30, 2026",2:30 PM,TREET,Treet Corporation Limited,Financial Results for the Year Ended 30-06-2026,https://dps.psx.com.pk/download/document/283956.pdf
"Sep 30, 2026",2:30 PM,ICCI,ICC Industries Limited,Board Meeting,
"Sep 30, 2026",2:29 PM,ALFALAH-FUNDS,ALFALAH-FUNDS,"Transmission of Annual Report for the Year Ended June 30, 2026 - Conventional - 5",https://dps.psx.com.pk/download/document/283954.pdf
"Sep 30, 2026",2:28 PM,ALFALAH-FUNDS,ALFALAH-FUNDS,"Transmission of Annual Report for the Year Ended June 30, 2026 - Conventional - 4",https://dps.psx.com.pk/download/document/283953.pdf
"Sep 30, 2026",2:27 PM,PSX,Pakistan Stock Exchange Limited,Submission of Mandatory Shariah Disclosures,https://dps.psx.com.pk/download/document/283952.pdf
"Sep 30, 2026",2:27 PM,ALFALAH-FUNDS,ALFALAH-FUNDS,"Transmission of Annual Report for the Year Ended June 30, 2026 - Conventional - 3",https://dps.psx.com.pk/download/document/283951.pdf
"Sep 30, 2026",2:26 PM,ABL-FUNDS,ABL-FUNDS,"ABL Money Market Fund-Financial Statements for the Year ended June 30, 2026.",https://dps.psx.com.pk/download/document/283950.pdf
"Sep 30, 2026",2:26 PM,NML,Nishat Mills Limited,"FINANCIAL RESULTS FOR THE YEAR ENDED JUNE 30, 2026",https://dps.psx.com.pk/download/document/283949.pdf
"Sep 30, 2026",2:26 PM,ALFALAH-FUNDS,ALFALAH-FUNDS,"Transmission of Annual Report for the Year Ended June 30, 2026 - Conventional - 2",https://dps.psx.com.pk/download/document/283948.pdf
"Sep 30, 2026",2:25 PM,TATM,Tata Textile Mills Limited,"Disclosure of Interest by a Director CEO, or Executive of a listed company and their Spouses and the Substantial Shareholders u/c 5.6.1.(d) of PSX Regulations",
"Sep 30, 2026",2:25 PM,ALFALAH-FUNDS,ALFALAH-FUNDS,"Transmission of Annual Report for the Year Ended June 30, 2026 - Conventional - 1",https://dps.psx.com.pk/download/document/283946.pdf
"Sep 30, 2026",2:24 PM,ABL-FUNDS,ABL-FUNDS,"ABL Islamic Stock Fund- Financial Statements for the Year ended June 30, 2026.",https://dps.psx.com.pk/download/document/283945.pdf
"Sep 30, 2026",2:24 PM,BGL,Baluchistan Glass Limited,Notice of Annual General Meeting,https://dps.psx.com.pk/download/document/283944.pdf
"Sep 30, 2026",2:21 PM,LSEFSL,LSE Financial Services Limited.,Notice of Book Closure for Right Issue,https://dps.psx.com.pk/download/document/283942.pdf
"Sep 30, 2026",2:21 PM,ABL-FUNDS,ABL-FUNDS,"ABL Islamic Money Market Fund- Financial Statements for the Year ended June 30, 2026.",https://dps.psx.com.pk/download/document/283941.pdf
"Sep 30, 2026",2:19 PM,AWTX,Allawasaya Tex. & Finishing Mills Ltd,Financial Resulta for the Year Ended 30th June 2026,https://dps.psx.com.pk/download/document/283940.pdf
"Sep 30, 2026",2:18 PM,ABL-FUNDS,ABL-FUNDS,"ABL Islamic Income Fund-Financial Statements for the Year ended June 30, 2026.",https://dps.psx.com.pk/download/document/283939.pdf
"Sep 30, 2026",2:17 PM,JDMT,Janana De Malucho Textile Mills Limited,Notice of Annual General Meeting,https://dps.psx.com.pk/download/document/283938.pdf
"Sep 30, 2026",2:15 PM,OLPL,OLP Financial Services Pakistan Limited,NOTICE OF 40TH ANNUAL GENERAL MEETING (PRE-PUBLICATION),https://dps.psx.com.pk/download/document/283936.pdf
"Sep 30, 2026",2:14 PM,BIFO,Biafo Industries Limited,Transmission of Annual Report for the Year Ended 30 June 2026,https://dps.psx.com.pk/download/document/283935.pdf
"Sep 30, 2026",2:11 PM,ABL-FUNDS,ABL-FUNDS,"ABL Islamic Dedicated Stock Fund-Financial Statements for the Year ended June 30, 2026.",https://dps.psx.com.pk/download/document/283934.pdf
"Sep 30, 2026",2:09 PM,ABL-FUNDS,ABL-FUNDS,"ABL Islamic Cash Fund- Financial Statements for the Year ended June 30, 2026.",https://dps.psx.com.pk/download/document/283933.pdf
"Sep 30, 2026",2:06 PM,ABL-FUNDS,ABL-FUNDS,"ABL Islamic Asset Allocation Fund-Financial Statements for the Year ended June 30, 2026.",https://dps.psx.com.pk/download/document/283931.pdf
"Sep 30, 2026",2:06 PM,PECO,Pakistan Engineering Company Limited,ADJOURNMENT OF BOARD MEETING,https://dps.psx.com.pk/download/document/283930.pdf
"Sep 30, 2026",2:03 PM,ABL-FUNDS,ABL-FUNDS,"ABL Income Fund- Financial Statements for the Year ended June 30, 2026.",https://dps.psx.com.pk/download/document/283929.pdf
"Sep 30, 2026",1:58 PM,ABL-FUNDS,ABL-FUNDS,"ABL Government Securities Fund- Financial Statements for the year ended June 30, 2026.",https://dps.psx.com.pk/download/document/283928.pdf
"Sep 30, 2026",1:54 PM,ABL-FUNDS,ABL-FUNDS,"Allied Finergy Fund-Financial Statements for the Year ended June 30, 2026.",https://dps.psx.com.pk/download/document/283927.pdf
"Sep 30, 2026",1:52 PM,ABL-FUNDS,ABL-FUNDS,"ABL Financial Sector Fund- Financial Statements for the Year ended June 30, 2026.",https://dps.psx.com.pk/download/document/283926.pdf
"Sep 30, 2026",1:49 PM,ABL-FUNDS,ABL-FUNDS,"ABL Cash Fund-Financial Statements for the Year ended June 30, 2026.",https://dps.psx.com.pk/download/document/283925.pdf
"Sep 30, 2026",1:48 PM,KHYT,Khyber Textile Mills Limited,Financial Results for the Year Ended 2026-06-30,https://dps.psx.com.pk/download/document/283924.pdf
"Sep 30, 2026",1:41 PM,PIM,Popular Islamic Modaraba,"Financial Results for the Year Ended June 30, 2026",https://dps.psx.com.pk/download/document/283923.pdf
"Sep 30, 2026",1:32 PM,786,786 Investments Limited,"Transmission of Annual Report for the year ended June 30, 2026",https://dps.psx.com.pk/download/document/283921.pdf
"Sep 30, 2026",1:29 PM,MSOT,Masood Textile Mills Limited,Financial Results for the Year Ended 2026-06-30,https://dps.psx.com.pk/download/document/283920.pdf
"Sep 30, 2026",1:28 PM,SPCL,Saudi Pak Consultancy Company Limited,Transmission of the Annual Report FY Ended June 30th 2026,https://dps.psx.com.pk/download/document/283919.pdf
"Sep 30, 2026",1:25 PM,MCBIM-FUNDS,MCBIM-FUNDS,MCB DCF Income Fund (MCB DCF IF) Annual Report for the year ended 30-06-2026,https://dps.psx.com.pk/download/document/283918.pdf
"Sep 30, 2026",1:23 PM,MCBIM-FUNDS,MCBIM-FUNDS,Pakistan Income Fund (PIF) Annual Report for the year ended 30-06-2026,https://dps.psx.com.pk/download/document/283917.pdf
"Sep 30, 2026",1:21 PM,NBP,National Bank of Pakistan,"NOTICE OF EXTRAORDINARY GENERAL MEETING OF NATIONAL BANK OF PAKISTAN SCHEDULED TO BE HELD ON OCTOBER 22, 2026 (PRIOR TO PUBLICATION)",https://dps.psx.com.pk/download/document/283916.pdf
"Sep 30, 2026",1:20 PM,MCBIM-FUNDS,MCBIM-FUNDS,MCB Pakistan Sovereign Fund (PSF) Annual Report for the year ended 30-06-2026,https://dps.psx.com.pk/download/document/283915.pdf
"Sep 30, 2026",1:16 PM,PPP,Pakistan Paper Products Limited,"Publication of Notice of Annual General Meeting for the Year Ended June 30, 2026",https://dps.psx.com.pk/download/document/283914.pdf
"Sep 30, 2026",1:16 PM,MCBIM-FUNDS,MCBIM-FUNDS,Pakistan Income Enhancement Fund (PIEF) Annual Report for the year ended 30-06-2026,https://dps.psx.com.pk/download/document/283913.pdf
"Sep 30, 2026",1:12 PM,KCL,Karam Ceramics Limited,Applied for Extension for holding the AGM,https://dps.psx.com.pk/download/document/283912.pdf
"Sep 30, 2026",1:12 PM,MCBIM-FUNDS,MCBIM-FUNDS,MCB Cash Management Optimizer (MCB CMOP) Annual Report for the year ended 30-06-2026,https://dps.psx.com.pk/download/document/283911.pdf
"Sep 30, 2026",1:10 PM,PPP,Pakistan Paper Products Limited,"Transmission of Annual Report for the Year Ended June 30, 2026",https://dps.psx.com.pk/download/document/283910.pdf
"Sep 30, 2026",1:08 PM,MCBIM-FUNDS,MCBIM-FUNDS,Pakistan Cash Management Fund (PCF) Annual Report for the year ended 30-06-2026,https://dps.psx.com.pk/download/document/283909.pdf
"Sep 30, 2026",1:06 PM,HAFL,Hafiz Limited,"HAFIZ LIMITED - TRANSMISSION OF ANNUAL REPORT FOR THE YEAR ENDED 30TH JUNE, 2026",https://dps.psx.com.pk/download/document/283907.pdf
"Sep 30, 2026",1:06 PM,DYNO,Dynea Pakistan Limited,Notice of Annual General Meeting,https://dps.psx.com.pk/download/document/283906.pdf
"Sep 30, 2026",1:04 PM,MCBIM-FUNDS,MCBIM-FUNDS,MCB Pakistan Stock Market Fund (PSF) Annual Report for the year ended 30-06-2026,https://dps.psx.com.pk/download/document/283905.pdf
"Sep 30, 2026",1:03 PM,AHCL,Arif Habib Corporation Limited,Announcement - Financial Results for the Year Ended 30th June 2026,https://dps.psx.com.pk/download/document/283904.pdf
"Sep 30, 2026",1:03 PM,PPP,Pakistan Paper Products Limited,Notice of Annual General Meeting,https://dps.psx.com.pk/download/document/283903.pdf
"Sep 30, 2026",1:03 PM,DYNO,Dynea Pakistan Limited,Transmission of Annual Report for the Year Ended,https://dps.psx.com.pk/download/document/283902.pdf
"Sep 30, 2026",1:00 PM,MCBIM-FUNDS,MCBIM-FUNDS,Alhamra Islamic Stock Fund (ALHISF) Annual Report for the year ended 30-06-2026,https://dps.psx.com.pk/download/document/283900.pdf
"Sep 30, 2026",12:57 PM,FASM,Faisal Spinning Mills Limited,Financial Results for the Year Ended,https://dps.psx.com.pk/download/document/283898.pdf
"Sep 30, 2026",12:55 PM,MCBIM-FUNDS,MCBIM-FUNDS,MCB Pakistan Asset Allocation Fund (MCB PAAF) Annual Report for the year ended 30-06-2026,https://dps.psx.com.pk/download/document/283896.pdf
"Sep 30, 2026",12:50 PM,HAFL,Hafiz Limited,Financial Results for the Year Ended 30-06-2026,https://dps.psx.com.pk/download/document/283895.pdf
"Sep 30, 2026",12:50 PM,MCBIM-FUNDS,MCBIM-FUNDS,Pakistan Capital Market Fund (PCM) Annual Report for the year ended 30-06-2026,https://dps.psx.com.pk/download/document/283894.pdf
"Sep 30, 2026",12:49 PM,MCBIM-FUNDS,MCBIM-FUNDS,Alhamra Islamic Asset Allocation Fund (ALHIAAF) Annual Report for the year ended 30-06-2026,https://dps.psx.com.pk/download/document/283893.pdf
"Sep 30, 2026",12:46 PM,MCBIM-FUNDS,MCBIM-FUNDS,Alhamra Islamic Income Fund (ALHIIF) Annual Report for the year ended 30-06-2026,https://dps.psx.com.pk/download/document/283891.pdf
"Sep 30, 2026",12:41 PM,MCBIM-FUNDS,MCBIM-FUNDS,Alhamra Islamic Active Allocation Fund (ALH IAAF) Annual Report for the year ended 30-06-2026,https://dps.psx.com.pk/download/document/283890.pdf
"Sep 30, 2026",12:40 PM,SML,Shakarganj Limited,Board Meeting other than Financial Results,https://dps.psx.com.pk/download/document/283889.pdf
"Sep 30, 2026",12:40 PM,MCBIM-FUNDS,MCBIM-FUNDS,Alhamra Islamic Money Market Fund (ALHIMMF) Annual Report for the year ended 30-06-2026,https://dps.psx.com.pk/download/document/283888.pdf
"Sep 30, 2026",12:38 PM,MCBIM-FUNDS,MCBIM-FUNDS,Alhamra Daily Dividend Fund (ALHDDF) Annual Report for the year ended 30-06-2026,https://dps.psx.com.pk/download/document/283887.pdf
"Sep 30, 2026",12:38 PM,ASHT,Ashfaq Textile Mills Limited,"Financial Results for the Year Ended June 30, 2026",https://dps.psx.com.pk/download/document/283886.pdf
"Sep 30, 2026",12:37 PM,ELCM,Elahi Cotton Mills Limited,Draft Notice of Annual General Meeting,https://dps.psx.com.pk/download/document/283885.pdf
"Sep 30, 2026",12:36 PM,BTL,Blessed Textiles Limited,Financial Results for the Year Ended,https://dps.psx.com.pk/download/document/283884.pdf
"Sep 30, 2026",12:35 PM,MCBIM-FUNDS,MCBIM-FUNDS,Alhamra Wada Fund (ALHWP) Annual Report for the year ended 30-06-2026,https://dps.psx.com.pk/download/document/283883.pdf
"Sep 30, 2026",12:28 PM,MCBIM-FUNDS,MCBIM-FUNDS,MCB Pakistan Fixed Return Fund (MCBPFRP) Annual Report for the year ended 30-06-2026,https://dps.psx.com.pk/download/document/283882.pdf
"Sep 30, 2026",12:28 PM,OLPL,OLP Financial Services Pakistan Limited,"Transmission of Annual Report for the Year Ended June 30, 2026",https://dps.psx.com.pk/download/document/283881.pdf
"Sep 30, 2026",12:27 PM,AKGL,Al-Khair Gadoon Limited,Transmission of Annual Report for the Year Ended 06/30/2026,https://dps.psx.com.pk/download/document/283880.pdf
"Sep 30, 2026",12:23 PM,MCBIM-FUNDS,MCBIM-FUNDS,MCB Pakistan Opportunity Fund (MCB PDYP) Annual Report for the year ended 30-06-2026,https://dps.psx.com.pk/download/document/283879.pdf
"Sep 30, 2026",12:21 PM,MCBIM-FUNDS,MCBIM-FUNDS,Alhamra Cash Management Optimizer (ALH CMOP) Annual Report for the year ended 30-06-2026,https://dps.psx.com.pk/download/document/283878.pdf
"Sep 30, 2026",12:17 PM,MCBIM-FUNDS,MCBIM-FUNDS,Alhamra Opportunity Fund (ALH OPDSP) Annual Report for the year ended 30-06-2026,https://dps.psx.com.pk/download/document/283876.pdf
"Sep 30, 2026",12:13 PM,MCBIM-FUNDS,MCBIM-FUNDS,PAKISTAN CASH MANAGEMENT FUND (PCF) Daily Dividend Distribution for 29-SEP-26,https://dps.psx.com.pk/download/document/283875.pdf
"Sep 30, 2026",12:13 PM,MCBIM-FUNDS,MCBIM-FUNDS,ALHAMRA ISLAMIC MONEY MARKET FUND (ALHIMMF) Daily Dividend Distribution for 29-SEP-26,https://dps.psx.com.pk/download/document/283873.pdf
"Sep 30, 2026",12:12 PM,MCBIM-FUNDS,MCBIM-FUNDS,ALHAMRA DAILY DIVIDEND FUND (ALHDDF) Daily Dividend Distribution for 29-SEP-26,https://dps.psx.com.pk/download/document/283872.pdf
"Sep 30, 2026",12:11 PM,MCBIM,MCB Investment Management Limited.,"Transmission of Annual Report for the Year Ended June 30, 2026",https://dps.psx.com.pk/download/document/283871.pdf
"Sep 30, 2026",12:04 PM,LSEFSL,LSE Financial Services Limited.,"Final Right Offer Document of LSEFSL Circular u/s 83 of Companies Act, 2017",https://dps.psx.com.pk/download/document/283868.pdf
"Sep 30, 2026",11:59 AM,UBLPETF,UBLPakistan Enterprise ETF,Financial Statements of UBL Exchange Traded fund June 2026,https://dps.psx.com.pk/download/document/283867.pdf
"Sep 30, 2026",11:54 AM,UBL-FUNDS,UBL-FUNDS,Financial Statement for the Year Ended June 30 2026 -UBL-ETF,https://dps.psx.com.pk/download/document/283866.pdf
"Sep 30, 2026",11:50 AM,CJPL,Crescent Jute Products Limited,"Financial Results for the Year Ended June 30, 2026",https://dps.psx.com.pk/download/document/283865.pdf
"Sep 30, 2026",11:46 AM,RUBY,Ruby Textile Mills Limited,Board Meeting,
"Sep 30, 2026",11:45 AM,CCM,Crescent Cotton Mills Limited,"Financial Results for the Year Ended June 30, 2026",https://dps.psx.com.pk/download/document/283863.pdf
"Sep 30, 2026",11:34 AM,ELCM,Elahi Cotton Mills Limited,Transmission of Annual Report for the Year Ended 30.06.2026,https://dps.psx.com.pk/download/document/283862.pdf
"Sep 30, 2026",11:33 AM,CLOV,Clover Pakistan Limited,Resignation of Director,https://dps.psx.com.pk/download/document/283861.pdf
"Sep 30, 2026",11:18 AM,RUBY,Ruby Textile Mills Limited,"Progress Report for the quarter ended September 30, 2026",https://dps.psx.com.pk/download/document/283858.pdf
"Sep 30, 2026",11:13 AM,JSIL-FUNDS,JSIL-FUNDS,"Transmission of Annual Report for the Year Ended June 30,2026 ( Part 3 )",https://dps.psx.com.pk/download/document/283855.pdf
"Sep 30, 2026",11:09 AM,JSIL-FUNDS,JSIL-FUNDS,"Transmission of Annual Report for the Year Ended June 30,2026 ( Part 2 )",https://dps.psx.com.pk/download/document/283853.pdf
"Sep 30, 2026",11:07 AM,JSIL-FUNDS,JSIL-FUNDS,"Transmission of Annual Report for the Year Ended June 30,2026 ( Part 1 )",https://dps.psx.com.pk/download/document/283850.pdf
"Sep 30, 2026",11:03 AM,FAYSAL-FUNDS,FAYSAL-FUNDS,"Directors Report for the year ended June 30, 2026",https://dps.psx.com.pk/download/document/283849.pdf
"Sep 30, 2026",11:00 AM,FAYSAL-FUNDS,FAYSAL-FUNDS,"Transmission of Annual Financial Statements for the year ended June 30, 2026 (Part 2)",https://dps.psx.com.pk/download/document/283847.pdf
"Sep 30, 2026",10:57 AM,FAYSAL-FUNDS,FAYSAL-FUNDS,"Transmission of Annual Financial Statements for the year ended June 30, 2026 (Part 1)",https://dps.psx.com.pk/download/document/283846.pdf
"Sep 30, 2026",10:51 AM,ESBL,Escorts Investment Bank Limited,Board Meeting,
"Sep 30, 2026",10:37 AM,SEARL,The Searle Company Limited,"Disclosure of Interest by a Director CEO, or Executive of a listed company and their Spouses and the Substantial Shareholders u/c 5.6.1.(d) of PSX Regulations",
"Sep 30, 2026",10:36 AM,UBL,United Bank Limited,"Disclosure of Interest by a Director CEO, or Executive of a listed company and their Spouses and the Substantial Shareholders u/c 5.6.1.(d) of PSX Regulations",
"Sep 30, 2026",10:28 AM,THCCL,Thatta Cement Company Limited,"Applied for Extension of Time for Holding AGM for the Year Ended June 30, 2026",https://dps.psx.com.pk/download/document/283841.pdf
"Sep 30, 2026",10:18 AM,CTM,Colony Textile Mills Limited,Board Meeting,
"Sep 30, 2026",10:10 AM,UBL-FUNDS,UBL-FUNDS,Financial Statement for the year ended 30 June 2026 - UGIF-ULPF-USSP-II-UFSF-UIOF,https://dps.psx.com.pk/download/document/283837.pdf
"Sep 30, 2026",10:09 AM,AGIC,Askari General Insurance Company Limited,"Disclosure of Interest by a Director CEO, or Executive of a listed company and their Spouses and the Substantial Shareholders u/c 5.6.1.(d) of PSX Regulations",https://dps.psx.com.pk/download/document/283836.pdf
"Sep 30, 2026",10:01 AM,DYNO,Dynea Pakistan Limited,"Transmission of Annual Report for the Year Ended June 30, 2026. REVOKED",https://dps.psx.com.pk/download/document/283835.pdf
"Sep 30, 2026",9:55 AM,IREIT,Image REIT,Credit of Interim Cash Dividend,
"Sep 30, 2026",9:53 AM,IREIT,Image REIT,Credit of Final Cash Dividend,
"Sep 30, 2026",9:52 AM,SSOM,S.S.Oil Mills Limited,Board Meeting,
"Sep 30, 2026",9:35 AM,SGABL,SG.Allied Businesses Limited,Board Meeting,https://dps.psx.com.pk/download/document/283830.pdf
"Sep 30, 2026",9:25 AM,QUICE,Quice Food Industries Limited,Financial Results Year Ended,https://dps.psx.com.pk/download/document/283829.pdf
"Sep 30, 2026",9:03 AM,TSPL,Tri-Star Power Limited,Board Meeting,
"Sep 30, 2026",9:03 AM,MERIT,Merit Packaging Limited,"FINANCIAL RESULTS FOR THE YEAR ENDED JUNE 30, 2026",https://dps.psx.com.pk/download/document/283827.pdf
"Sep 30, 2026",8:59 AM,TSMF,Tri-Star Mutual Fund Limited,Board Meeting,
"Sep 30, 2026",8:42 AM,WAHDAT,Wahdat Poultry Farm Limited,Financial Results for the Year Ended 30-06-2026,https://dps.psx.com.pk/download/document/283825.pdf
"Sep 30, 2026",8:40 AM,SYM,Symmetry Group Limited,Financial Results for the Year Ended 30 June 2026,https://dps.psx.com.pk/download/document/283824.pdf
"Sep 30, 2026",8:31 AM,UBL-FUNDS,UBL-FUNDS,Financial Statement for the year ended 30 June 2026 - AIAIF,https://dps.psx.com.pk/download/document/283823.pdf
"Sep 30, 2026",8:30 AM,UBL-FUNDS,UBL-FUNDS,Financial Statement for the year ended 30 June 2026 - ASF,https://dps.psx.com.pk/download/document/283822.pdf
"Sep 30, 2026",8:29 AM,UBL-FUNDS,UBL-FUNDS,Financial Statement for the year ended 30 June 2026 - AIEF,https://dps.psx.com.pk/download/document/283821.pdf
"Sep 30, 2026",8:28 AM,UBL-FUNDS,UBL-FUNDS,Financial Statement for the year ended 30 June 2026 - AIAAF,https://dps.psx.com.pk/download/document/283820.pdf
"Sep 30, 2026",8:00 AM,GAMON,Gammon Pakistan Limited,"Board Meeting Q4 / Annual Ended June 30, 2026",https://dps.psx.com.pk/download/document/283818.pdf
"Sep 30, 2026",8:00 AM,ENGROH,Engro Holdings Limited,Reporting of shares purchased (buy-back) by Engro Holdings Limited,https://dps.psx.com.pk/download/document/283817.pdf
"Sep 30, 2026",8:00 AM,PSYL,Pakistan Synthetics Limited,"Financial Results for the Year Ended June 30, 2026",https://dps.psx.com.pk/download/document/283816.pdf
"Sep 29, 2026",3:28 PM,ASC,Al Shaheer Corporation Limited,Applied for Extension for Holding Annual General Meeting for the Year Ended 06/30/2026,https://dps.psx.com.pk/download/document/283814.pdf
"Sep 29, 2026",3:27 PM,BWCL,Bestway Cement Limited,Presentation of Corporate Briefing Session 2026,https://dps.psx.com.pk/download/document/283813.pdf
"Sep 29, 2026",3:27 PM,ACPL,Attock Cement Pakistan Limited,Notice of EOGM - Published in Business Recorder & Nawaiwaqt,https://dps.psx.com.pk/download/document/283812.pdf
"Sep 29, 2026",3:27 PM,GGL,Ghani Global Holdings Limited,"FINANCIAL RESULTS FOR THE YEAR ENDED JUNE 30, 2026 - GHANI GLOBAL HOLDINGS LIMITED",https://dps.psx.com.pk/download/document/283811.pdf
"Sep 29, 2026",3:23 PM,SOYASUP,Agro Processors & Atmospheric Gases Ltd,"Disclosure of Interest by a Director CEO, or Executive of a listed company and their Spouses and the Substantial Shareholders u/c 5.6.1.(d) of PSX Regulations",https://dps.psx.com.pk/download/document/283810.pdf
"Sep 29, 2026",3:20 PM,PIAHCLA,PIA Holding Company Limited,Corporate Briefing Session For FY 2025,
"Sep 29, 2026",3:19 PM,IGIHL,IGI Holdings Limited,"Disclosure of Interest by a Director CEO, or Executive of a listed company and their Spouses and the Substantial Shareholders u/c 5.6.1.(d) of PSX Regulations",
"Sep 29, 2026",3:17 PM,SAZEW,Sazgar Engineering Works Limited,DISSEMINATION OF VIDEO RECORDING OF CORPORATE BRIEFING SESSION (CBS),https://dps.psx.com.pk/download/document/283807.pdf
"Sep 29, 2026",3:17 PM,STPL,Siddiqsons Tin Plate Limited,Notice of 102 Board Meeting,https://dps.psx.com.pk/download/document/283806.pdf
"Sep 29, 2026",3:16 PM,PINL,Premier Insurance Limited,Right Issue drat offer document,https://dps.psx.com.pk/download/document/283805.pdf
"Sep 29, 2026",3:15 PM,786,786 Investments Limited,Notice of 35th Annual General Meeting,https://dps.psx.com.pk/download/document/283804.pdf
"Sep 29, 2026",3:12 PM,FASM,Faisal Spinning Mills Limited,Board Meeting In Progress,
"Sep 29, 2026",3:09 PM,MARI,Mari Energies Limited,Notice of Corporate Briefing Session,https://dps.psx.com.pk/download/document/283802.pdf
"Sep 29, 2026",3:08 PM,BIFO,Biafo Industries Limited,Notice of Annual General Meeting,https://dps.psx.com.pk/download/document/283801.pdf
"Sep 29, 2026",3:08 PM,FTMM,First Treet Manufacturing Modaraba,Financial Results for the Year Ended 30-06-2026,https://dps.psx.com.pk/download/document/283800.pdf
"Sep 29, 2026",3:03 PM,UDLI,UDL International Limited,"Financial Results for the Year Ended June 30,2026",https://dps.psx.com.pk/download/document/283799.pdf
"Sep 29, 2026",2:59 PM,QUICE,Quice Food Industries Limited,Board Meeting In Progress,
"Sep 29, 2026",2:58 PM,EFERT,Engro Fertilizers Limited,APPOINTMENT OF DIRECTOR,https://dps.psx.com.pk/download/document/283796.pdf
"Sep 29, 2026",2:58 PM,IML,Imperial Limited,Board Meeting Rescheduled,
"Sep 29, 2026",2:57 PM,CPPL,Cherat Packaging Limited,ELECTION OF DIRECTORS,https://dps.psx.com.pk/download/document/283794.pdf
"Sep 29, 2026",2:57 PM,DEL,Dawood Equities Limited,"Financial Results for the Year Ended June 30, 2026",https://dps.psx.com.pk/download/document/283793.pdf
"Sep 29, 2026",2:55 PM,POWER,Power Cement Limited,"Transmission of Annual Report for the Year Ended June 30, 2026",https://dps.psx.com.pk/download/document/283792.pdf
"Sep 29, 2026",2:50 PM,AWT-FUNDS,AWT-FUNDS,"Financial results for the year ended June 30, 2026",https://dps.psx.com.pk/download/document/283790.pdf
"Sep 29, 2026",2:46 PM,PTL,Panther Tyres Ltd.,Transmission of Annual Report for the Year Ended 30-06-2026,https://dps.psx.com.pk/download/document/283789.pdf
"Sep 29, 2026",2:39 PM,ARUJ,Aruj Industries Limited,BOARD MEETING 30-06-2026,https://dps.psx.com.pk/download/document/283787.pdf
"Sep 29, 2026",2:38 PM,FPRM,First Paramount Modaraba,Board Meeting for the year ended 30 June 2026,https://dps.psx.com.pk/download/document/283786.pdf
"Sep 29, 2026",2:32 PM,PRL,Pakistan Refinery Limited,Revised Notice of Annual General Meeting,https://dps.psx.com.pk/download/document/283785.pdf
"Sep 29, 2026",2:28 PM,SLGL,Secure Logistics-Trax Group Limited,Shariah Disclosure,https://dps.psx.com.pk/download/document/283784.pdf
"Sep 29, 2026",2:27 PM,LOADS,Loads Limited,Notice of Annual General Meeting - Post Publication,https://dps.psx.com.pk/download/document/283783.pdf
"Sep 29, 2026",2:27 PM,CRTM,The Crescent Textile Mills Limited,"Financial Results for the Year ended June 30, 2026",https://dps.psx.com.pk/download/document/283782.pdf
"Sep 29, 2026",2:21 PM,LOADS,Loads Limited,Transmission of Annual Report for the year ended 30 June 2026,https://dps.psx.com.pk/download/document/283780.pdf
"Sep 29, 2026",2:21 PM,BAPL,Bawany Air Products Limited,Board Meeting,https://dps.psx.com.pk/download/document/283779.pdf
"Sep 29, 2026",2:19 PM,LUCK,Lucky Cement Limited,"Disclosure of Interest by a Director CEO, or Executive of a listed company and their Spouses and the Substantial Shareholders u/c 5.6.1.(d) of PSX Regulations",
"Sep 29, 2026",2:13 PM,GAL,Ghandhara Automobiles Limited,Transmission of Annual Report for the Year Ended 30-06-2026,https://dps.psx.com.pk/download/document/283777.pdf
"Sep 29, 2026",2:02 PM,FEROZ,Ferozsons Laboratories Limited,Financial Results for the Year Ended 2026-06-30,https://dps.psx.com.pk/download/document/283774.pdf
"Sep 29, 2026",1:56 PM,NAGC,Nagina Cotton Mills Limited,Financial Results for the Year Ended 2026-06-30,https://dps.psx.com.pk/download/document/283772.pdf
"Sep 29, 2026",1:49 PM,BATA,Bata Pakistan Limited,Reappointment of Chairperson and Chief Executive,https://dps.psx.com.pk/download/document/283771.pdf
"Sep 29, 2026",1:43 PM,PRWM,Prosperity Weaving Mills Limited,Financial Results for the Year Ended 2026-09-30,https://dps.psx.com.pk/download/document/283769.pdf
"Sep 29, 2026",1:43 PM,EMCO,Emco Industries Limited,"Financial Results for the Year Ended June 30, 2026",https://dps.psx.com.pk/download/document/283768.pdf
"Sep 29, 2026",1:39 PM,ECOP,Ecopack Limited,Transmission of Annual Financial Statements for the Year Ended 2026-06-30,https://dps.psx.com.pk/download/document/283767.pdf
"Sep 29, 2026",1:38 PM,ECOP,Ecopack Limited,Notice of the 35th Annual General Meeting of EcoPack Limited REVOKED,https://dps.psx.com.pk/download/document/283766.pdf
"Sep 29, 2026",1:34 PM,BHAT,Bhanero Textile Mills Limited,Financial Results for the Year Ended,https://dps.psx.com.pk/download/document/283764.pdf
"Sep 29, 2026",1:31 PM,SINDM,Sindh Modaraba,"Transmission of Annual Report for the Year Ended June 30, 2026",https://dps.psx.com.pk/download/document/283763.pdf
"Sep 29, 2026",1:28 PM,ELSM,Ellcot Spinning Mills Limited,Financial Results for the Year Ended 2026-06-30,https://dps.psx.com.pk/download/document/283762.pdf
"Sep 29, 2026",1:20 PM,ITTEFAQ,Ittefaq Iron Industries Limited,"FINANCIAL RESULTS FOR THE YEAR ENDED JUNE 30,2026",https://dps.psx.com.pk/download/document/283761.pdf
"Sep 29, 2026",1:13 PM,GDL,Ghani Dairies Limited,"Financial Results for the year ended June 30, 2026",https://dps.psx.com.pk/download/document/283759.pdf
"Sep 29, 2026",1:12 PM,ARCTM,Arctic Textile Mills Limited,Disclosure of Material Information,https://dps.psx.com.pk/download/document/283757.pdf
"Sep 29, 2026",1:11 PM,ATLAS-FUNDS,ATLAS-FUNDS,"Transmission of Annual Report for the Year/Period Ended June 30, 2026",https://dps.psx.com.pk/download/document/283756.pdf
"Sep 29, 2026",1:11 PM,ARCTM,Arctic Textile Mills Limited,"Financial Results for the Year Ended June 30, 2026",https://dps.psx.com.pk/download/document/283755.pdf
"Sep 29, 2026",1:09 PM,MEHT,Mehmood Textile Mills Limited,Board Meeting,https://dps.psx.com.pk/download/document/283754.pdf
"Sep 29, 2026",1:06 PM,AIRLINK,Air Link Communication Limited,"Financial Results for the Year Ended June 30, 2026.",https://dps.psx.com.pk/download/document/283753.pdf
"Sep 29, 2026",1:05 PM,SHCM,Shadman Cotton Mills Limited,Notice of BOD Meeting to consider Annual Accounts for 30.06.2026,https://dps.psx.com.pk/download/document/283752.pdf
"Sep 29, 2026",12:56 PM,GGGL,Ghani Global Glass Limited,"FINANCIAL RESULTS FOR THE YEAR ENDED JUNE 30, 2026 - GHANI GLOBAL GLASS LIMITED",https://dps.psx.com.pk/download/document/283751.pdf
"Sep 29, 2026",12:54 PM,FEM,First Equity Modaraba,Board Meeting,
"Sep 29, 2026",12:44 PM,ELSM,Ellcot Spinning Mills Limited,Financial Results for the Year Ended 2026-06-30 REVOKED,https://dps.psx.com.pk/download/document/283749.pdf
"Sep 29, 2026",12:38 PM,TPLRF1,TPL REIT Fund I,"Disclosure of Interest by a Director CEO, or Executive of a listed company and their Spouses and the Substantial Shareholders u/c 5.6.1.(d) of PSX Regulations",
"Sep 29, 2026",12:34 PM,TPLP,TPL Properties Limited,"Disclosure of Interest by a Director CEO, or Executive of a listed company and their Spouses and the Substantial Shareholders u/c 5.6.1.(d) of PSX Regulations",
"Sep 29, 2026",12:31 PM,PREMA,At-Tahur Limited,"Financial Results for the Year Ended June 30, 2026",https://dps.psx.com.pk/download/document/283745.pdf
"Sep 29, 2026",12:27 PM,TPL,TPL Corp Limited,"Disclosure of Interest by a Director CEO, or Executive of a listed company and their Spouses and the Substantial Shareholders u/c 5.6.1.(d) of PSX Regulations",
"Sep 29, 2026",12:25 PM,DOL,Descon Oxychem Limited,Transmission of Annual Report for the Year Ended 30-06-2026,https://dps.psx.com.pk/download/document/283743.pdf
"Sep 29, 2026",12:15 PM,CTM,Colony Textile Mills Limited,Board Meeting Other Than Financial Results,
"Sep 29, 2026",12:12 PM,ATBA,Atlas Battery Limited,RESOLUTIONS PASSED AT THE 60th ANNUAL GENERAL MEETING,https://dps.psx.com.pk/download/document/283741.pdf
"Sep 29, 2026",12:06 PM,MCBIM-FUNDS,MCBIM-FUNDS,ALHAMRA ISLAMIC MONEY MARKET FUND (ALHIMMF) Daily Dividend Distribution for 28-SEP-26,https://dps.psx.com.pk/download/document/283740.pdf
"Sep 29, 2026",12:06 PM,MCBIM-FUNDS,MCBIM-FUNDS,ALHAMRA DAILY DIVIDEND FUND (ALHDDF) Daily Dividend Distribution for 28-SEP-26,https://dps.psx.com.pk/download/document/283739.pdf
"Sep 29, 2026",12:04 PM,MCBIM-FUNDS,MCBIM-FUNDS,PAKISTAN CASH MANAGEMENT FUND (PCF) Daily Dividend Distribution for 28-SEP-26,https://dps.psx.com.pk/download/document/283738.pdf
"Sep 29, 2026",12:01 PM,SBL,Samba Bank Limited,APPOINTMENT OF DIRECTOR - SAMBA BANK LIMITED,https://dps.psx.com.pk/download/document/283732.pdf
"Sep 29, 2026",11:55 AM,GUTM,Gulistan Textile Mills Limited,Board Meeting,https://dps.psx.com.pk/download/document/283731.pdf
"Sep 29, 2026",11:51 AM,GUSM,Gulistan Spinning Mills Limited,Board Meeting,https://dps.psx.com.pk/download/document/283730.pdf
"Sep 29, 2026",11:48 AM,PASM,Paramount Spinning Mills Limited,Board Meeting,https://dps.psx.com.pk/download/document/283728.pdf
"Sep 29, 2026",11:45 AM,ALHAML-FUNDS,ALHAML-FUNDS,"Transmission of annual report for the year ended June 30,2026",https://dps.psx.com.pk/download/document/283727.pdf
"Sep 29, 2026",11:41 AM,GSPM,Gulshan Spinning Mills Limited,Board Meeting,https://dps.psx.com.pk/download/document/283726.pdf
"Sep 29, 2026",11:35 AM,SINDM,Sindh Modaraba,Notice of Annual Review Meeting,https://dps.psx.com.pk/download/document/283725.pdf
"Sep 29, 2026",11:30 AM,SASML,Sindh Abadgars Sugar Mills Limited,"Disclosure of Interest by a Director CEO, or Executive of a listed company and their Spouses and the Substantial Shareholders u/c 5.6.1.(d) of PSX Regulations",
"Sep 29, 2026",11:19 AM,NCML,Nazir Cotton Mills Limited,BOARD MEETING,https://dps.psx.com.pk/download/document/283718.pdf
"Sep 29, 2026",11:14 AM,SZTM,Shahzad Textile Mills Limited,BOARD MEETING,https://dps.psx.com.pk/download/document/283717.pdf
"Sep 29, 2026",11:05 AM,GEMMEL,Mughal Energy Limited(GEM),Notice of Ultimate Beneficial Ownership,https://dps.psx.com.pk/download/document/283716.pdf
"Sep 29, 2026",10:45 AM,SEARL,The Searle Company Limited,"Disclosure of Interest by a Director CEO, or Executive of a listed company and their Spouses and the Substantial Shareholders u/c 5.6.1.(d) of PSX Regulations",
"Sep 29, 2026",10:40 AM,UBL-FUNDS,UBL-FUNDS,Financial Statement for the Year Ended June 30 2026 - AIAIF REVOKED,https://dps.psx.com.pk/download/document/283713.pdf
"Sep 29, 2026",10:27 AM,SERT,Service Industries Textiles Limited,Board Meeting,https://dps.psx.com.pk/download/document/283708.pdf
"Sep 29, 2026",10:26 AM,GEMMEL,Mughal Energy Limited(GEM),Notice of Annual General Meeting - FY 2026,https://dps.psx.com.pk/download/document/283707.pdf
"Sep 29, 2026",10:25 AM,GEMMEL,Mughal Energy Limited(GEM),Transmission of Annual Report for the Year Ended 2026,https://dps.psx.com.pk/download/document/283706.pdf
"Sep 29, 2026",10:25 AM,UBL-FUNDS,UBL-FUNDS,Financial Statement for the Year Ended June 30 2026 -UGIF REVOKED,https://dps.psx.com.pk/download/document/283705.pdf
"Sep 29, 2026",10:18 AM,UBL-FUNDS,UBL-FUNDS,Financial Statement for the Year Ended June 30 2026 -ULPF REVOKED,https://dps.psx.com.pk/download/document/283702.pdf
"Sep 29, 2026",10:13 AM,UBL-FUNDS,UBL-FUNDS,Financial Statement for the Year Ended June 30 2026 -AIEF REVOKED,https://dps.psx.com.pk/download/document/283701.pdf
"Sep 29, 2026",10:10 AM,BPL,Burshane LPG (Pakistan) Limited,"Transmission of Annual Report for the Year Ended June 30, 2026",https://dps.psx.com.pk/download/document/283700.pdf
"Sep 29, 2026",10:00 AM,ASTM,Asim Textile Mills Limited,Board Meeting,https://dps.psx.com.pk/download/document/283697.pdf
"Sep 29, 2026",9:55 AM,JATM,J.A. Textile Mills Limited,Board Meeting,https://dps.psx.com.pk/download/document/283696.pdf
"Sep 29, 2026",9:50 AM,PTL,Panther Tyres Ltd.,Notice of Annual General Meeting,https://dps.psx.com.pk/download/document/283695.pdf
"Sep 29, 2026",9:44 AM,POWER,Power Cement Limited,Notice of Annual General Meeting,https://dps.psx.com.pk/download/document/283694.pdf
"Sep 29, 2026",9:33 AM,HUSI,Husein Industries Limited,Board Meeting,
"Sep 29, 2026",9:19 AM,NETSOL,NetSol Technologies Limited,Change of Chief Financial Officer,https://dps.psx.com.pk/download/document/283690.pdf
"Sep 29, 2026",9:16 AM,HUSI,Husein Industries Limited,Board Meeting Other Than Financial Results,
"Sep 29, 2026",9:08 AM,FCCL,Fauji Cement Company Limited,Extract of Resolutions Adopted in 34th Annual General Meeting,https://dps.psx.com.pk/download/document/283688.pdf
"Sep 29, 2026",9:04 AM,NETSOL,NetSol Technologies Limited,Financial Results for the Year Ended 2026-06-30,https://dps.psx.com.pk/download/document/283687.pdf
"Sep 29, 2026",8:57 AM,UDPL,United Distributors Pakistan Limited,"FINANCIAL RESULTS FOR THE YEAR ENDED JUNE 30, 2026",https://dps.psx.com.pk/download/document/283686.pdf
"Sep 29, 2026",8:46 AM,DSFL,Dewan Salman Fibre Limited,"Financial Results for the Year Ended June 30,2026",https://dps.psx.com.pk/download/document/283685.pdf
"Sep 29, 2026",8:44 AM,DWAE,Dewan Automotive Engineering Limited,"Financial Results for the Year Ended June 30,2026",https://dps.psx.com.pk/download/document/283684.pdf
"Sep 29, 2026",8:43 AM,DFSM,Dewan Farooque Spinning Mills Limited,"Financial Results for the Year Ended June 30,2026",https://dps.psx.com.pk/download/document/283683.pdf
"Sep 29, 2026",8:41 AM,DCL,Dewan Cement Limited,"Financial Results for the Year Ended June 30,2026",https://dps.psx.com.pk/download/document/283682.pdf
"Sep 29, 2026",8:41 AM,IMAGE,Image Pakistan Limited,Board Meeting,
"Sep 29, 2026",8:33 AM,PGLC,Pak-Gulf Leasing Company Limited,Proposed Increase in Authorized Share Capital and Amendment in Memorandum and Articles of Association,
"Sep 29, 2026",8:33 AM,ICIBL,Invest Capital Investment Bank Limited,MATERIAL INFORMATION,https://dps.psx.com.pk/download/document/283679.pdf
"Sep 29, 2026",8:19 AM,THALL,Thal Limited,"Transmission of Annual Report for the Year Ended June 30, 2026",https://dps.psx.com.pk/download/document/283678.pdf
"Sep 29, 2026",8:17 AM,THALL,Thal Limited,Notice of Annual General Meeting,https://dps.psx.com.pk/download/document/283677.pdf
"Sep 29, 2026",8:04 AM,GEMBCEM,Burj Clean Energy Modaraba(GEM),"Financial Results for the Year Ended June 30, 2026",https://dps.psx.com.pk/download/document/283675.pdf
"Sep 29, 2026",8:03 AM,SITC,Sitara Chemical Industries Limited,Financial Results for the Year Ended 30.06.2026,https://dps.psx.com.pk/download/document/283674.pdf
"Sep 29, 2026",8:01 AM,PGLC,Pak-Gulf Leasing Company Limited,"Financial Results for the Year Ended June 30, 2026",https://dps.psx.com.pk/download/document/283673.pdf
"Sep 29, 2026",8:00 AM,UBDL,United Brands Limited,"Financial Results for the Year Ended June 30, 2026",https://dps.psx.com.pk/download/document/283672.pdf
"Sep 29, 2026",8:00 AM,ENGROH,Engro Holdings Limited,Reporting of shares purchased (buy-back) by Engro Holdings Limited,https://dps.psx.com.pk/download/document/283671.pdf
"Sep 29, 2026",8:00 AM,BFBIO,BF Biosciences Limited,Financial Results for the Year Ended 2026-06-30,https://dps.psx.com.pk/download/document/283670.pdf
"Sep 29, 2026",8:00 AM,POL,Pakistan Oilfields Limited,"Transmission of Annual Report for the year ended June 30, 2026",https://dps.psx.com.pk/download/document/283669.pdf
"Sep 28, 2026",3:28 PM,PIAHCLA,PIA Holding Company Limited,CERTIFIED RESOLUTIONS PASSED IN SECOND ANNUAL GENERAL MEETING OF PIA HOLDING COMPANY LIMITED SHAREHOLDERS,https://dps.psx.com.pk/download/document/283667.pdf
"Sep 28, 2026",3:26 PM,FNBM,First National Bank Modaraba,Notice of Annual Review Meeting,https://dps.psx.com.pk/download/document/283666.pdf
"Sep 28, 2026",3:26 PM,PGLC,Pak-Gulf Leasing Company Limited,Board Meeting In Progress,https://dps.psx.com.pk/download/document/283665.pdf
"Sep 28, 2026",3:25 PM,ACPL,Attock Cement Pakistan Limited,Presentation of CBS 2026,https://dps.psx.com.pk/download/document/283664.pdf
"Sep 28, 2026",3:25 PM,WAVESAPP,Waves Home Appliances Limited,Status of Subscribtion of Right Shares,https://dps.psx.com.pk/download/document/283663.pdf
"Sep 28, 2026",3:23 PM,KML,Kohinoor Mills Limited,"KML - Financial results for the year ended June 30, 2026",https://dps.psx.com.pk/download/document/283661.pdf
"Sep 28, 2026",3:22 PM,NETSOL,NetSol Technologies Limited,Board Meeting In Progress,
"Sep 28, 2026",3:21 PM,AHTM,Ahmad Hassan Textile Mills Limited,Board Meeting,https://dps.psx.com.pk/download/document/283658.pdf
"Sep 28, 2026",3:20 PM,MIRKS,Mirpurkhas Sugar Mills Limited,BOARD MEETING OTHER THAN FINANCIAL RESULTS,https://dps.psx.com.pk/download/document/283657.pdf
"Sep 28, 2026",3:18 PM,UDPL,United Distributors Pakistan Limited,Board Meeting In Progress,
"Sep 28, 2026",3:17 PM,INDU,Indus Motor Company Limited,CERTIFIED TRUE COPY OF THE RESOLUTION OF THE MINUTES OF 37TH ANNUAL GENERAL MEETING OF INDUS MOTOR COMPANY LIMITED,https://dps.psx.com.pk/download/document/283653.pdf
"Sep 28, 2026",3:17 PM,SURC,Suraj Cotton Mills Limited,"Financial Results for the Year Ended June 30, 2026",https://dps.psx.com.pk/download/document/283652.pdf
"Sep 28, 2026",3:17 PM,TPLT,TPL Trakker Limited,"Disclosure of Interest by a Director CEO, or Executive of a listed company and their Spouses and the Substantial Shareholders u/c 5.6.1.(d) of PSX Regulations",
"Sep 28, 2026",3:13 PM,UBLPETF,UBLPakistan Enterprise ETF,Financial Statements of UBL Exchange Traded fund June 2026 REVOKED,https://dps.psx.com.pk/download/document/283650.pdf
"Sep 28, 2026",3:11 PM,IGIHL,IGI Holdings Limited,"Disclosure of Interest by a Director CEO, or Executive of a listed company and their Spouses and the Substantial Shareholders u/c 5.6.1.(d) of PSX Regulations",
"Sep 28, 2026",3:10 PM,SLM,Service Long March Tyres Limited,Sad Demise of Director,https://dps.psx.com.pk/download/document/283648.pdf
"Sep 28, 2026",3:08 PM,ILP,Interloop Limited,"Disclosure of Interest by a Director CEO, or Executive of a listed company and their Spouses and the Substantial Shareholders u/c 5.6.1.(d) of PSX Regulations",
"Sep 28, 2026",3:07 PM,BML,Bank Makramah Limited,Board Meeting Other Than Financial Results,https://dps.psx.com.pk/download/document/283646.pdf
"Sep 28, 2026",3:06 PM,UBL-FUNDS,UBL-FUNDS,Financial Statement for the Year Ended June 30 2026 -UBL-ETF REVOKED,https://dps.psx.com.pk/download/document/283645.pdf
"Sep 28, 2026",3:05 PM,REWM,Reliance Weaving Mills Limited,"Financial Results For The Year Ended June 30, 2026",https://dps.psx.com.pk/download/document/283644.pdf
"Sep 28, 2026",3:04 PM,UBL-FUNDS,UBL-FUNDS,Financial Statement for the Year Ended June 30 2026 -UIOF REVOKED,https://dps.psx.com.pk/download/document/283643.pdf
"Sep 28, 2026",3:00 PM,NATF,National Foods Limited,"Disclosure of Interest by a Director CEO, or Executive of a listed company and their Spouses and the Substantial Shareholders u/c 5.6.1.(d) of PSX Regulations",
"Sep 28, 2026",3:00 PM,FNBM,First National Bank Modaraba,Transmission of Annual Report for the Year Ended 30-06-2026,https://dps.psx.com.pk/download/document/283641.pdf
"Sep 28, 2026",2:59 PM,FLYNG,Flying Cement Company Limited,Board Meeting,https://dps.psx.com.pk/download/document/283640.pdf
"Sep 28, 2026",2:57 PM,KEL,K-Electric Limited,Change of Director.,https://dps.psx.com.pk/download/document/283639.pdf
"Sep 28, 2026",2:56 PM,FDPL,First Dawood Properties Limited,"Financial Results for the Year Ended June 30, 2026",https://dps.psx.com.pk/download/document/283638.pdf
"Sep 28, 2026",2:51 PM,BIPL,BankIslami Pakistan Limited,Appointment of President & Chief Executive Officer,https://dps.psx.com.pk/download/document/283635.pdf
"Sep 28, 2026",2:49 PM,OBOY,Oilboy Energy Limited,change of Auditors,
"Sep 28, 2026",2:48 PM,PASL,Pervez Ahmed Consultancy Services Ltd.,Board Meeting,
"Sep 28, 2026",2:46 PM,AMTEX,Amtex Limited,Board Meeting,
"Sep 28, 2026",2:44 PM,SHEZ,Shezan International Limited,Financial Results for the Year Ended 30 June 2026,https://dps.psx.com.pk/download/document/283629.pdf
"Sep 28, 2026",2:35 PM,PAKL,Pak Leather Crafts Limited,Board Meeting,https://dps.psx.com.pk/download/document/283628.pdf
"Sep 28, 2026",2:35 PM,NCPL,Nishat Chunian Power Limited,"FINANCIAL RESULTS FOR THE YEAR ENDED JUNE 30, 2026",https://dps.psx.com.pk/download/document/283627.pdf
"Sep 28, 2026",2:33 PM,BNL,Bunnys Limited,Board Meeting,https://dps.psx.com.pk/download/document/283626.pdf
"Sep 28, 2026",2:30 PM,MCBIM-FUNDS,MCBIM-FUNDS,PAKISTAN CASH MANAGEMENT FUND (PCF) Daily Dividend Distribution for 27-SEP-26,https://dps.psx.com.pk/download/document/283625.pdf
"Sep 28, 2026",2:29 PM,FIMM,First Imrooz Modaraba,First Imrooz Modaraba Annual Results for the year ended 30 June 2026,https://dps.psx.com.pk/download/document/283623.pdf
"Sep 28, 2026",2:28 PM,MCBIM-FUNDS,MCBIM-FUNDS,ALHAMRA DAILY DIVIDEND FUND (ALHDDF) Daily Dividend Distribution for 27-SEP-26,https://dps.psx.com.pk/download/document/283622.pdf
"Sep 28, 2026",2:28 PM,NPL,Nishat Power Limited,"FINANCIAL RESULTS FOR THE YEAR ENDED JUNE 30, 2026",https://dps.psx.com.pk/download/document/283621.pdf
"Sep 28, 2026",2:27 PM,CFL,Crescent Fibres Limited,BOARD MEETING,
"Sep 28, 2026",2:26 PM,SNGP,Sui Northern Gas Pipelines Limited,"Applied for Extension for Holding Annual General Meeting for the Year Ended June 30, 2026",https://dps.psx.com.pk/download/document/283618.pdf
"Sep 28, 2026",2:25 PM,MCBIM-FUNDS,MCBIM-FUNDS,ALHAMRA ISLAMIC MONEY MARKET FUND (ALHIMMF) Daily Dividend Distribution for 27-SEP-26,https://dps.psx.com.pk/download/document/283617.pdf
"Sep 28, 2026",2:23 PM,MCBIM-FUNDS,MCBIM-FUNDS,ALHAMRA ISLAMIC MONEY MARKET FUND (ALHIMMF) Daily Dividend Distribution for 26-SEP-26,https://dps.psx.com.pk/download/document/283616.pdf
"Sep 28, 2026",2:21 PM,UBL-FUNDS,UBL-FUNDS,Financial Statement for the Year Ended June 30 2026 -UCF,https://dps.psx.com.pk/download/document/283614.pdf
"Sep 28, 2026",2:21 PM,MCBIM-FUNDS,MCBIM-FUNDS,ALHAMRA DAILY DIVIDEND FUND (ALHDDF) Daily Dividend Distribution for 26-SEP-26,https://dps.psx.com.pk/download/document/283613.pdf
"Sep 28, 2026",2:20 PM,MCBIM-FUNDS,MCBIM-FUNDS,PAKISTAN CASH MANAGEMENT FUND (PCF) Daily Dividend Distribution for 26-SEP-26,https://dps.psx.com.pk/download/document/283612.pdf
"Sep 28, 2026",2:19 PM,GOC,GOC (Pak) Limited.,Notice of of Closure of Share Transfer Books For Others,https://dps.psx.com.pk/download/document/283610.pdf
"Sep 28, 2026",2:19 PM,APL,Attock Petroleum Limited,"Transmission of Annual Report for the Year Ended June 30, 2026",https://dps.psx.com.pk/download/document/283611.pdf
"Sep 28, 2026",2:18 PM,MCBIM-FUNDS,MCBIM-FUNDS,ALHAMRA DAILY DIVIDEND FUND (ALHDDF) Daily Dividend Distribution for 25-SEP-26,https://dps.psx.com.pk/download/document/283609.pdf
"Sep 28, 2026",2:17 PM,STML,Shams Textile Mills Limited,"Financial Results for the Year Ended June 30, 2026",https://dps.psx.com.pk/download/document/283608.pdf
"Sep 28, 2026",2:16 PM,MCBIM-FUNDS,MCBIM-FUNDS,PAKISTAN CASH MANAGEMENT FUND (PCF) Daily Dividend Distribution for 25-SEP-26,https://dps.psx.com.pk/download/document/283607.pdf
"Sep 28, 2026",2:06 PM,MCBIM-FUNDS,MCBIM-FUNDS,ALHAMRA ISLAMIC MONEY MARKET FUND (ALHIMMF) Daily Dividend Distribution for 25-SEP-26,https://dps.psx.com.pk/download/document/283606.pdf
"Sep 28, 2026",2:02 PM,UBL-FUNDS,UBL-FUNDS,Financial Statement for the Year Ended June 30 2026 -USSP-II REVOKED,https://dps.psx.com.pk/download/document/283605.pdf
"Sep 28, 2026",2:00 PM,SARC,Sardar Chemical Industries Limited,FINANCIAL RESULTS FOR THE YEAR ENDED 30-06-2026,https://dps.psx.com.pk/download/document/283604.pdf
"Sep 28, 2026",1:53 PM,HUMNL,Hum Network Limited,Board Meeting,https://dps.psx.com.pk/download/document/283602.pdf
"Sep 28, 2026",1:46 PM,PRL,Pakistan Refinery Limited,Revised Notice of AGM (Pre-Publication),https://dps.psx.com.pk/download/document/283601.pdf
"Sep 28, 2026",1:38 PM,PNSC,Pakistan National Shipping Corporation,Financial Results for the Year Ended 30-06-2026,https://dps.psx.com.pk/download/document/283600.pdf
"Sep 28, 2026",1:32 PM,QTECH,Quantum Data Technologies Limited,Board Meeting,https://dps.psx.com.pk/download/document/283599.pdf
"Sep 28, 2026",1:25 PM,KOSM,Kohinoor Spinning Mills Limited,Board Meeting,
"Sep 28, 2026",1:22 PM,AKDSL,AKD Securities Limited,INTIMATION REGARDING CIRCULATION OF AI-GENERATED / DEEPFAKE CONTENT USING THE NAME & VOICE OF MR. AQEEL KARIM DHEDHI & MS. HINA JUNAID ON SOCIAL MEDIA PLATFORMS,https://dps.psx.com.pk/download/document/283597.pdf
"Sep 28, 2026",1:19 PM,BWHL,Baluchistan Wheels Limited,"RESOLUTIONS PASSED AT THE ANNUAL GENERAL MEETING OF THE MEMBERS OF BALUCHISTAN WHEELS LIMITED, HELD ON SATURDAY, SEPTEMBER 26, 2026",https://dps.psx.com.pk/download/document/283596.pdf
"Sep 28, 2026",1:13 PM,ANTM,AN Textile Mills Limited,Financial Results for the Year Ended 2026-06-30,https://dps.psx.com.pk/download/document/283595.pdf
"Sep 28, 2026",1:13 PM,SELECT,Select Technologies Limited,"Financial Results for the year ended June 30, 2026",https://dps.psx.com.pk/download/document/283594.pdf
"Sep 28, 2026",1:07 PM,PAKL,Pak Leather Crafts Limited,Resignation of Director,
"Sep 28, 2026",1:07 PM,BLUEX,Blue-Ex Limited,Applied for Extension for holding the AGM/ARM,https://dps.psx.com.pk/download/document/283592.pdf
"Sep 28, 2026",1:00 PM,ARPL,Archroma Pakistan Limited,Credit of Interim Cash Dividend,https://dps.psx.com.pk/download/document/283591.pdf
"Sep 28, 2026",12:59 PM,RPL,Roshan Packages Limited,BOARD MEETING,https://dps.psx.com.pk/download/document/283590.pdf
"Sep 28, 2026",12:53 PM,QTECH,Quantum Data Technologies Limited,QTECH | Quantum Data Technologies Limited (Formerly: Chakwal Spinning) Board Meeting,https://dps.psx.com.pk/download/attachment/283588-1.pdf
"Sep 28, 2026",12:50 PM,STYLERS,Stylers International Limited,"Financial Results for the Year Ended June 30, 2026",https://dps.psx.com.pk/download/document/283586.pdf
"Sep 28, 2026",12:41 PM,AKD-FUNDS,AKD-FUNDS,FINANCIAL RESULTS OF AKD FUNDS FOR THE YEAR ENDED JUNE 30 2026,https://dps.psx.com.pk/download/document/283584.pdf
"Sep 28, 2026",12:40 PM,LEUL,Leather Up Limited,Board Meeting,
"Sep 28, 2026",12:40 PM,UBL-FUNDS,UBL-FUNDS,Financial Statement for the Year Ended June 30 2026 -AISF,https://dps.psx.com.pk/download/document/283582.pdf
"Sep 28, 2026",12:36 PM,UBL-FUNDS,UBL-FUNDS,Financial Statement for the Year Ended June 30 2026 -USF,https://dps.psx.com.pk/download/document/283581.pdf
"Sep 28, 2026",12:35 PM,UBL-FUNDS,UBL-FUNDS,Financial Statement for the Year Ended June 30 2026 -USSF,https://dps.psx.com.pk/download/document/283580.pdf
"Sep 28, 2026",12:32 PM,UBL-FUNDS,UBL-FUNDS,Financial Statement for the Year Ended June 30 2026 -UMMF,https://dps.psx.com.pk/download/document/283579.pdf
"Sep 28, 2026",12:31 PM,WASL,Wasl Mobility Modaraba,Board Meeting,https://dps.psx.com.pk/download/document/283578.pdf
"Sep 28, 2026",12:29 PM,UBL-FUNDS,UBL-FUNDS,Financial Statement for the Year Ended June 30 2026 -UGSF,https://dps.psx.com.pk/download/document/283577.pdf
"Sep 28, 2026",12:28 PM,STCL,Shabbir Tiles & Ceramics Limited,Death of Director - Mr. Abdul Hai M. Bhaimia,https://dps.psx.com.pk/download/document/283576.pdf
"Sep 28, 2026",12:27 PM,UBL-FUNDS,UBL-FUNDS,Financial Statement for the Year Ended June 30 2026 -UFSF REVOKED,https://dps.psx.com.pk/download/document/283575.pdf
"Sep 28, 2026",12:27 PM,YOUW,Yousaf Weaving Mills Limited,Board Meeting REVISED,https://dps.psx.com.pk/download/document/283574.pdf
"Sep 28, 2026",12:26 PM,UBL-FUNDS,UBL-FUNDS,Financial Statement for the Year Ended June 30 2026 -UCF REVOKED,
"Sep 28, 2026",12:24 PM,UBL-FUNDS,UBL-FUNDS,Financial Statement for the Year Ended June 30 2026 -UAAF,https://dps.psx.com.pk/download/document/283571.pdf
"Sep 28, 2026",12:22 PM,ELCM,Elahi Cotton Mills Limited,Financial Results for the year ended 30.06.2026,https://dps.psx.com.pk/download/document/283570.pdf
"Sep 28, 2026",12:21 PM,UBL-FUNDS,UBL-FUNDS,Financial Statement for the Year Ended June 30 2026 -ASSF REVOKED,https://dps.psx.com.pk/download/document/283569.pdf
"Sep 28, 2026",12:19 PM,UBL-FUNDS,UBL-FUNDS,Financial Statement for the Year Ended June 30 2026 -AISF,
"Sep 28, 2026",12:17 PM,UBL-FUNDS,UBL-FUNDS,Financial Statement for the Year Ended June 30 2026 AICF,https://dps.psx.com.pk/download/document/283567.pdf
"Sep 28, 2026",12:15 PM,JUBS,Jubilee Spinning & Weaving Mills Ltd.,Financial Results for the Year Ended 30.06.2026,https://dps.psx.com.pk/download/document/283566.pdf
"Sep 28, 2026",12:14 PM,AGIL,Agriauto Industries Limited,Notice of Annual General Meeting - Post Publication,https://dps.psx.com.pk/download/document/283565.pdf
"Sep 28, 2026",12:07 PM,MUBT,Mubarak Textile Mills Limited,Financial Results for the Year Ended 2026-06-30,https://dps.psx.com.pk/download/document/283563.pdf
"Sep 28, 2026",12:06 PM,SSML,Saritow Spinning Mills Limited,Financial Results for the Year Ended 30-06-2026,https://dps.psx.com.pk/download/document/283562.pdf
"Sep 28, 2026",12:05 PM,ACPL,Attock Cement Pakistan Limited,Notice of Extraordinary General Meeting - Prepublication,https://dps.psx.com.pk/download/document/283561.pdf
"Sep 28, 2026",12:01 PM,GADT,Gadoon Textile Mills Limited,Certified Copy of Resolutions Passed in 39th Annual General Meeting of the Company held on 28-09-2026,https://dps.psx.com.pk/download/document/283558.pdf
"Sep 28, 2026",12:00 PM,UBL-FUNDS,UBL-FUNDS,Transmission of Financial Statement for the Year Ended June 30 2026 with AIAAF REVOKED,https://dps.psx.com.pk/download/document/283557.pdf
"Sep 28, 2026",11:59 AM,KOIL,Kohinoor Industries Limited,Financial Results for the Year Ended 30-06-2026,https://dps.psx.com.pk/download/document/283556.pdf
"Sep 28, 2026",11:52 AM,NSRM,The National Silk & Rayon Mills Limited,Board Meeting,
"Sep 28, 2026",11:50 AM,TOWL,Towellers Limited,Financial Results for the Year Ended June 30 2026,https://dps.psx.com.pk/download/document/283554.pdf
"Sep 28, 2026",11:50 AM,GFIL,Ghazi Fabrics International Limited,Financial Results for the Year Ended 30-06-2026,https://dps.psx.com.pk/download/document/283553.pdf
"Sep 28, 2026",11:50 AM,CFL,Crescent Fibres Limited,MATERIAL INFORMATION,https://dps.psx.com.pk/download/document/283552.pdf
"Sep 28, 2026",11:48 AM,KOHP,Kohinoor Power Company Limited,Financial Results for the Year Ended 30-06-2026,https://dps.psx.com.pk/download/document/283551.pdf
"Sep 28, 2026",11:47 AM,YOUW,Yousaf Weaving Mills Limited,Board Meeting REVOKED,https://dps.psx.com.pk/download/document/283550.pdf
"Sep 28, 2026",11:46 AM,SLCL,Security Leasing Corporation Limited,Material Information,https://dps.psx.com.pk/download/document/283549.pdf
"Sep 28, 2026",11:44 AM,BWHL,Baluchistan Wheels Limited,"Link of video recording of CBS held on September 25, 2026",https://dps.psx.com.pk/download/document/283548.pdf
"Sep 28, 2026",11:41 AM,PTL,Panther Tyres Ltd.,"Disclosure of Interest by a Director CEO, or Executive of a listed company and their Spouses and the Substantial Shareholders u/c 5.6.1.(d) of PSX Regulations",
"Sep 28, 2026",11:40 AM,LOADS,Loads Limited,Notice of Annual General Meeting - Pre Publication,https://dps.psx.com.pk/download/document/283546.pdf
"Sep 28, 2026",11:35 AM,GCIL,Ghani Chemical Industries Limited,"FINANCIAL RESULTS FOR THE YEAR ENDED JUNE 30, 2026 - GHANI CHEMICAL INDUSTRIES LIMITED",https://dps.psx.com.pk/download/document/283542.pdf
"Sep 28, 2026",11:34 AM,GEMPAPL,Pak Agro Packaging Limited(GEM),Board Meeting,https://dps.psx.com.pk/download/document/283540.pdf
"Sep 28, 2026",11:25 AM,KHTC,Khyber Tobacco Company Limited,"Board Meeting October 05, 2026",https://dps.psx.com.pk/download/document/283539.pdf
"Sep 28, 2026",11:23 AM,BFMOD,B.F. Modaraba,Board Meeting,https://dps.psx.com.pk/download/document/283538.pdf
"Sep 28, 2026",11:20 AM,DOL,Descon Oxychem Limited,Notice of Annual General Meeting,https://dps.psx.com.pk/download/document/283537.pdf
"Sep 28, 2026",11:16 AM,FSWL,Fateh Sports Wear Limited,Applied for Extension for holding the AGM,https://dps.psx.com.pk/download/document/283536.pdf
"Sep 28, 2026",11:14 AM,SBL,Samba Bank Limited,Resignation of Director,https://dps.psx.com.pk/download/document/283535.pdf
"Sep 28, 2026",11:13 AM,FIL,Fateh Industries Limited,Applied for Extension for holding the AGM,https://dps.psx.com.pk/download/document/283534.pdf
"Sep 28, 2026",11:03 AM,KEL,K-Electric Limited,Emergent Board Meeting Other Than Financial Results,
"Sep 28, 2026",10:48 AM,SHSML,Shahmurad Sugar Mills Limited,DISCLOSURE OF INTEREST BY AN ASSOCIATED COMPANY,https://dps.psx.com.pk/download/document/283531.pdf
"Sep 28, 2026",10:48 AM,NETSOL,NetSol Technologies Limited,Material Information,
"Sep 28, 2026",10:40 AM,ZAHID,Zahidjee Textile Mills Limited,NOTICE OF BOARD MEETING FOR THE YEAR ENDED 30-JUNE-2026,https://dps.psx.com.pk/download/document/283529.pdf
"Sep 28, 2026",10:30 AM,SUHJ,Suhail Jute Mills Limited,Board Meeting,
"Sep 28, 2026",10:27 AM,BWHL,Baluchistan Wheels Limited,"Link of video recording of CBS held on September 25, 2026 REVOKED",https://dps.psx.com.pk/download/document/283527.pdf
"Sep 28, 2026",10:18 AM,SUHJ,Suhail Jute Mills Limited,Board Meeting,
"Sep 28, 2026",10:03 AM,AGIC,Askari General Insurance Company Limited,"Disclosure of Interest by a Director CEO, or Executive of a listed company and their Spouses and the Substantial Shareholders u/c 5.6.1.(d) of PSX Regulations",https://dps.psx.com.pk/download/document/283525.pdf
"Sep 28, 2026",9:02 AM,ATRL,Attock Refinery Limited,"Transmission of Annual Report for the year ended June 30, 2026",https://dps.psx.com.pk/download/document/283523.pdf
"Sep 28, 2026",8:56 AM,KSTM,Khalid Siraj Textile Mills Limited,Notice of Board Meeting,https://dps.psx.com.pk/download/document/283522.pdf
"Sep 28, 2026",8:54 AM,ATRL,Attock Refinery Limited,Notice of AGM,https://dps.psx.com.pk/download/document/283521.pdf
"Sep 28, 2026",8:34 AM,POL,Pakistan Oilfields Limited,Notice of the 75th Annual General Meeting (AGM),https://dps.psx.com.pk/download/document/283519.pdf
"Sep 28, 2026",8:32 AM,SAZEW,Sazgar Engineering Works Limited,Certified Copy of Resolutions Passed in 35th Annual General Meeting of the Company held on 26-09-2026,https://dps.psx.com.pk/download/document/283518.pdf
"Sep 28, 2026",8:31 AM,CPHL,Citi Pharma Ltd.,Board Meeting,https://dps.psx.com.pk/download/document/283517.pdf
"Sep 28, 2026",8:24 AM,APL,Attock Petroleum Limited,Notice of Annual General Meeting,https://dps.psx.com.pk/download/document/283515.pdf
"Sep 28, 2026",8:10 AM,GCWL,Ghani Chemworld Limited,"FINANCIAL RESULTS FOR THE YEAR ENDED JUNE 30, 2026 - GHANI CHEMWORLD LIMITED",https://dps.psx.com.pk/download/document/283512.pdf
"Sep 28, 2026",8:08 AM,GCIL,Ghani Chemical Industries Limited,BOARD OF DIRECTORS MEETING IN PROGRESS-GHANI CHEMICAL INDUSTRIES LIMITED,https://dps.psx.com.pk/download/document/283511.pdf
"Sep 28, 2026",8:03 AM,ENGROH,Engro Holdings Limited,Reporting of shares purchased (buy-back) by Engro Holdings Limited,https://dps.psx.com.pk/download/document/283510.pdf
"Sep 28, 2026",8:00 AM,GATM,Gul Ahmed Textile Mills Limited,FINANCIAL RESULTS FOR THE YEAR ENDED 30-06-2026,https://dps.psx.com.pk/download/document/283509.pdf
