symbol,frequency,period,metric,value
786,annual,2026,Total Income,58990.0
786,annual,2025,Total Income,78380.0
786,annual,2024,Total Income,65303.0
786,annual,2023,Total Income,47631.0
786,annual,2026,Profit after Taxation,3922.0
786,annual,2025,Profit after Taxation,35418.0
786,annual,2024,Profit after Taxation,5659.0
786,annual,2023,Profit after Taxation,10076.0
786,annual,2026,EPS,0.22
786,annual,2025,EPS,2.25
786,annual,2024,EPS,0.38
786,annual,2023,EPS,0.67
786,quarterly,Q3 2026,Total Income,6978.0
786,quarterly,Q2 2026,Total Income,6828.0
786,quarterly,Q1 2026,Total Income,20135.0
786,quarterly,Q3 2025,Total Income,5939.0
786,quarterly,Q3 2026,Profit after Taxation,1175.0
786,quarterly,Q2 2026,Profit after Taxation,-1936.0
786,quarterly,Q1 2026,Profit after Taxation,12775.0
786,quarterly,Q3 2025,Profit after Taxation,1272.0
786,quarterly,Q3 2026,EPS,0.08
786,quarterly,Q2 2026,EPS,-0.13
786,quarterly,Q1 2026,EPS,0.85
786,quarterly,Q3 2025,EPS,0.08
786,annual,2026,Net Profit Margin (%),6.65
786,annual,2025,Net Profit Margin (%),45.19
786,annual,2024,Net Profit Margin (%),8.67
786,annual,2023,Net Profit Margin (%),21.15
786,annual,2026,EPS Growth (%),-90.22
786,annual,2025,EPS Growth (%),492.11
786,annual,2024,EPS Growth (%),-43.28
786,annual,2023,EPS Growth (%),1240.0
786,annual,2026,PEG,-1.3
786,annual,2025,PEG,0.01
786,annual,2024,PEG,-0.33
786,annual,2023,PEG,0.01
AABS,annual,2025,Sales,15611723.0
AABS,annual,2024,Sales,16507771.0
AABS,annual,2023,Sales,14569235.0
AABS,annual,2022,Sales,10362184.0
AABS,annual,2025,Profit after Taxation,1270362.0
AABS,annual,2024,Profit after Taxation,1550682.0
AABS,annual,2023,Profit after Taxation,3684617.0
AABS,annual,2022,Profit after Taxation,1913689.0
AABS,annual,2025,EPS,73.17
AABS,annual,2024,EPS,89.31
AABS,annual,2023,EPS,212.22
AABS,annual,2022,EPS,110.22
AABS,quarterly,Q3 2026,Sales,3064241.0
AABS,quarterly,Q2 2026,Sales,1842322.0
AABS,quarterly,Q1 2026,Sales,2711297.0
AABS,quarterly,Q3 2025,Sales,5518314.0
AABS,quarterly,Q3 2026,Profit after Taxation,181182.0
AABS,quarterly,Q2 2026,Profit after Taxation,175790.0
AABS,quarterly,Q1 2026,Profit after Taxation,195708.0
AABS,quarterly,Q3 2025,Profit after Taxation,480389.0
AABS,quarterly,Q3 2026,EPS,10.44
AABS,quarterly,Q2 2026,EPS,10.12
AABS,quarterly,Q1 2026,EPS,11.27
AABS,quarterly,Q3 2025,EPS,27.67
AABS,annual,2025,Gross Profit Margin (%),17.57
AABS,annual,2024,Gross Profit Margin (%),21.88
AABS,annual,2023,Gross Profit Margin (%),34.15
AABS,annual,2022,Gross Profit Margin (%),22.57
AABS,annual,2025,Net Profit Margin (%),8.14
AABS,annual,2024,Net Profit Margin (%),9.39
AABS,annual,2023,Net Profit Margin (%),25.29
AABS,annual,2022,Net Profit Margin (%),18.47
AABS,annual,2025,EPS Growth (%),-18.07
AABS,annual,2024,EPS Growth (%),-57.92
AABS,annual,2023,EPS Growth (%),92.54
AABS,annual,2022,EPS Growth (%),154.49
AABS,annual,2025,PEG,-0.79
AABS,annual,2024,PEG,-0.11
AABS,annual,2023,PEG,0.03
AABS,annual,2022,PEG,0.02
AAL,annual,2019,Profit after Taxation,4784.0
AAL,annual,2018,Profit after Taxation,8353.0
AAL,annual,2017,Profit after Taxation,6877.0
AAL,annual,2016,Profit after Taxation,-308.0
AAL,annual,2019,EPS,0.21
AAL,annual,2018,EPS,0.36
AAL,annual,2017,EPS,5.55
AAL,annual,2016,EPS,-0.26
AAL,quarterly,Q3 2019,Profit after Taxation,4022.0
AAL,quarterly,Q2 2019,Profit after Taxation,503.0
AAL,quarterly,Q1 2019,Profit after Taxation,-748.0
AAL,quarterly,Q3 2018,Profit after Taxation,1081.0
AAL,quarterly,Q3 2019,EPS,0.17
AAL,quarterly,Q2 2019,EPS,0.02
AAL,quarterly,Q1 2019,EPS,-0.03
AAL,quarterly,Q3 2018,EPS,0.05
AAL,annual,2019,EPS Growth (%),-41.67
AAL,annual,2018,EPS Growth (%),-93.51
AAL,annual,2017,EPS Growth (%),2234.62
AAL,annual,2016,EPS Growth (%),-114.21
AAL,annual,2019,PEG,-1.83
AAL,annual,2018,PEG,-0.48
AAL,annual,2017,PEG,0.0
AAL,annual,2016,PEG,0.54
AASM,annual,2024,Profit after Taxation,116159.0
AASM,annual,2023,Profit after Taxation,88106.0
AASM,annual,2022,Profit after Taxation,-139106.0
AASM,annual,2021,Profit after Taxation,605147.0
AASM,annual,2024,EPS,8.66
AASM,annual,2023,EPS,6.57
AASM,annual,2022,EPS,-10.37
AASM,annual,2021,EPS,45.13
AASM,quarterly,Q3 2025,Profit after Taxation,-36062.0
AASM,quarterly,Q2 2025,Profit after Taxation,-47280.0
AASM,quarterly,Q1 2025,Profit after Taxation,-31726.0
AASM,quarterly,Q3 2024,Profit after Taxation,-25949.0
AASM,quarterly,Q3 2025,EPS,-2.69
AASM,quarterly,Q2 2025,EPS,-3.53
AASM,quarterly,Q1 2025,EPS,-2.37
AASM,quarterly,Q3 2024,EPS,-1.94
AASM,annual,2024,EPS Growth (%),31.81
AASM,annual,2023,EPS Growth (%),163.36
AASM,annual,2022,EPS Growth (%),-122.98
AASM,annual,2021,EPS Growth (%),-75.71
AASM,annual,2023,PEG,0.0
AASM,annual,2022,PEG,0.0
AASM,annual,2021,PEG,0.0
AATM,annual,2026,Sales,79751.0
AATM,annual,2025,Sales,69088.0
AATM,annual,2024,Sales,66402.0
AATM,annual,2023,Sales,63796.0
AATM,annual,2026,Profit after Taxation,172427.0
AATM,annual,2025,Profit after Taxation,68743.0
AATM,annual,2024,Profit after Taxation,95513.0
AATM,annual,2023,Profit after Taxation,14235.0
AATM,annual,2026,EPS,3.88
AATM,annual,2025,EPS,1.55
AATM,annual,2024,EPS,2.15
AATM,annual,2023,EPS,0.32
AATM,quarterly,Q3 2026,Sales,26885.0
AATM,quarterly,Q2 2026,Sales,18884.0
AATM,quarterly,Q1 2026,Sales,18447.0
AATM,quarterly,Q3 2025,Sales,17513.0
AATM,quarterly,Q3 2026,Profit after Taxation,26733.0
AATM,quarterly,Q2 2026,Profit after Taxation,140874.0
AATM,quarterly,Q1 2026,Profit after Taxation,55555.0
AATM,quarterly,Q3 2025,Profit after Taxation,34254.0
AATM,quarterly,Q3 2026,EPS,0.6
AATM,quarterly,Q2 2026,EPS,3.17
AATM,quarterly,Q1 2026,EPS,1.25
AATM,quarterly,Q3 2025,EPS,0.77
AATM,annual,2026,Gross Profit Margin (%),45.44
AATM,annual,2025,Gross Profit Margin (%),45.93
AATM,annual,2024,Gross Profit Margin (%),27.89
AATM,annual,2023,Gross Profit Margin (%),49.1
AATM,annual,2026,Net Profit Margin (%),216.21
AATM,annual,2025,Net Profit Margin (%),99.5
AATM,annual,2024,Net Profit Margin (%),143.84
AATM,annual,2023,Net Profit Margin (%),22.31
AATM,annual,2026,EPS Growth (%),150.32
AATM,annual,2025,EPS Growth (%),-27.91
AATM,annual,2024,EPS Growth (%),571.87
AATM,annual,2023,EPS Growth (%),-56.76
AATM,annual,2026,PEG,0.11
AATM,annual,2025,PEG,-2.31
AATM,annual,2024,PEG,0.02
AATM,annual,2023,PEG,-0.11
ABL,annual,2025,Mark-up Earned,297227795.0
ABL,annual,2024,Mark-up Earned,376760270.0
ABL,annual,2023,Mark-up Earned,357307440.0
ABL,annual,2022,Mark-up Earned,215468650.0
ABL,annual,2025,Total Income,133556529.0
ABL,annual,2024,Total Income,143203233.0
ABL,annual,2023,Total Income,137706353.0
ABL,annual,2022,Total Income,87394213.0
ABL,annual,2025,Profit after Taxation,35175279.0
ABL,annual,2024,Profit after Taxation,43115904.0
ABL,annual,2023,Profit after Taxation,40682987.0
ABL,annual,2022,Profit after Taxation,21193821.0
ABL,annual,2025,EPS,30.72
ABL,annual,2024,EPS,37.65
ABL,annual,2023,EPS,35.53
ABL,annual,2022,EPS,18.51
ABL,quarterly,Q2 2026,Mark-up Earned,87799823.0
ABL,quarterly,Q1 2026,Mark-up Earned,83699093.0
ABL,quarterly,Q3 2025,Mark-up Earned,78163877.0
ABL,quarterly,Q2 2025,Mark-up Earned,71766254.0
ABL,quarterly,Q2 2026,Total Income,33848157.0
ABL,quarterly,Q1 2026,Total Income,34871016.0
ABL,quarterly,Q3 2025,Total Income,33975308.0
ABL,quarterly,Q2 2025,Total Income,33099804.0
ABL,quarterly,Q2 2026,Profit after Taxation,7452833.0
ABL,quarterly,Q1 2026,Profit after Taxation,8260557.0
ABL,quarterly,Q3 2025,Profit after Taxation,8417482.0
ABL,quarterly,Q2 2025,Profit after Taxation,9267068.0
ABL,quarterly,Q2 2026,EPS,6.51
ABL,quarterly,Q1 2026,EPS,7.21
ABL,quarterly,Q3 2025,EPS,7.35
ABL,quarterly,Q2 2025,EPS,8.09
ABL,annual,2025,Net Profit Margin (%),11.83
ABL,annual,2024,Net Profit Margin (%),11.44
ABL,annual,2023,Net Profit Margin (%),11.39
ABL,annual,2022,Net Profit Margin (%),9.84
ABL,annual,2025,EPS Growth (%),-18.41
ABL,annual,2024,EPS Growth (%),5.97
ABL,annual,2023,EPS Growth (%),91.95
ABL,annual,2022,EPS Growth (%),22.42
ABL,annual,2025,PEG,-0.32
ABL,annual,2024,PEG,0.61
ABL,annual,2023,PEG,0.03
ABL,annual,2022,PEG,0.15
ABOT,annual,2025,Sales,75397732.0
ABOT,annual,2024,Sales,68177197.0
ABOT,annual,2023,Sales,55475270.0
ABOT,annual,2022,Sales,49257722.0
ABOT,annual,2025,Profit after Taxation,7966500.0
ABOT,annual,2024,Profit after Taxation,5234233.0
ABOT,annual,2023,Profit after Taxation,261777.0
ABOT,annual,2022,Profit after Taxation,3004186.0
ABOT,annual,2025,EPS,81.37
ABOT,annual,2024,EPS,53.46
ABOT,annual,2023,EPS,2.67
ABOT,annual,2022,EPS,30.69
ABOT,quarterly,Q2 2026,Sales,20321829.0
ABOT,quarterly,Q1 2026,Sales,17704722.0
ABOT,quarterly,Q3 2025,Sales,19819134.0
ABOT,quarterly,Q2 2025,Sales,19061338.0
ABOT,quarterly,Q2 2026,Profit after Taxation,2199923.0
ABOT,quarterly,Q1 2026,Profit after Taxation,1940308.0
ABOT,quarterly,Q3 2025,Profit after Taxation,1822546.0
ABOT,quarterly,Q2 2025,Profit after Taxation,1943499.0
ABOT,quarterly,Q2 2026,EPS,22.47
ABOT,quarterly,Q1 2026,EPS,19.82
ABOT,quarterly,Q3 2025,EPS,18.62
ABOT,quarterly,Q2 2025,EPS,19.85
ABOT,annual,2025,Gross Profit Margin (%),35.08
ABOT,annual,2024,Gross Profit Margin (%),28.95
ABOT,annual,2023,Gross Profit Margin (%),21.36
ABOT,annual,2022,Gross Profit Margin (%),29.49
ABOT,annual,2025,Net Profit Margin (%),10.57
ABOT,annual,2024,Net Profit Margin (%),7.68
ABOT,annual,2023,Net Profit Margin (%),0.47
ABOT,annual,2022,Net Profit Margin (%),6.1
ABOT,annual,2025,EPS Growth (%),52.21
ABOT,annual,2024,EPS Growth (%),1902.25
ABOT,annual,2023,EPS Growth (%),-91.3
ABOT,annual,2022,EPS Growth (%),-49.65
ABOT,annual,2025,PEG,0.25
ABOT,annual,2024,PEG,0.01
ABOT,annual,2023,PEG,-1.89
ABOT,annual,2022,PEG,-0.3
ACPL,annual,2026,Sales,44324642.0
ACPL,annual,2025,Sales,33309080.0
ACPL,annual,2024,Sales,28536528.0
ACPL,annual,2023,Sales,25477355.0
ACPL,annual,2026,Profit after Taxation,3416267.0
ACPL,annual,2025,Profit after Taxation,1731091.0
ACPL,annual,2024,Profit after Taxation,3566522.0
ACPL,annual,2023,Profit after Taxation,1516062.0
ACPL,annual,2026,EPS,24.86
ACPL,annual,2025,EPS,12.6
ACPL,annual,2024,EPS,25.95
ACPL,annual,2023,EPS,11.03
ACPL,quarterly,Q3 2026,Sales,11015119.0
ACPL,quarterly,Q2 2026,Sales,11553218.0
ACPL,quarterly,Q1 2026,Sales,10543454.0
ACPL,quarterly,Q3 2025,Sales,8298692.0
ACPL,quarterly,Q3 2026,Profit after Taxation,853972.0
ACPL,quarterly,Q2 2026,Profit after Taxation,771907.0
ACPL,quarterly,Q1 2026,Profit after Taxation,834704.0
ACPL,quarterly,Q3 2025,Profit after Taxation,666616.0
ACPL,quarterly,Q3 2026,EPS,6.21
ACPL,quarterly,Q2 2026,EPS,5.62
ACPL,quarterly,Q1 2026,EPS,6.07
ACPL,quarterly,Q3 2025,EPS,4.85
ACPL,annual,2026,Gross Profit Margin (%),27.28
ACPL,annual,2025,Gross Profit Margin (%),23.94
ACPL,annual,2024,Gross Profit Margin (%),18.55
ACPL,annual,2023,Gross Profit Margin (%),22.27
ACPL,annual,2026,Net Profit Margin (%),7.71
ACPL,annual,2025,Net Profit Margin (%),5.2
ACPL,annual,2024,Net Profit Margin (%),12.5
ACPL,annual,2023,Net Profit Margin (%),5.95
ACPL,annual,2026,EPS Growth (%),97.3
ACPL,annual,2025,EPS Growth (%),-51.45
ACPL,annual,2024,EPS Growth (%),135.27
ACPL,annual,2023,EPS Growth (%),35.17
ACPL,annual,2026,PEG,0.09
ACPL,annual,2025,PEG,-0.45
ACPL,annual,2024,PEG,0.03
ACPL,annual,2023,PEG,0.21
ADAMS,annual,2025,Sales,10841043.0
ADAMS,annual,2024,Sales,8055242.0
ADAMS,annual,2023,Sales,5426394.0
ADAMS,annual,2022,Sales,5422523.0
ADAMS,annual,2025,Profit after Taxation,46134.0
ADAMS,annual,2024,Profit after Taxation,73085.0
ADAMS,annual,2023,Profit after Taxation,117517.0
ADAMS,annual,2022,Profit after Taxation,158390.0
ADAMS,annual,2025,EPS,2.67
ADAMS,annual,2024,EPS,4.23
ADAMS,annual,2023,EPS,6.8
ADAMS,annual,2022,EPS,9.16
ADAMS,quarterly,Q3 2026,Sales,2403277.0
ADAMS,quarterly,Q2 2026,Sales,3392229.0
ADAMS,quarterly,Q1 2026,Sales,1691609.0
ADAMS,quarterly,Q3 2025,Sales,2700903.0
ADAMS,quarterly,Q3 2026,Profit after Taxation,-166307.0
ADAMS,quarterly,Q2 2026,Profit after Taxation,21266.0
ADAMS,quarterly,Q1 2026,Profit after Taxation,49271.0
ADAMS,quarterly,Q3 2025,Profit after Taxation,87980.0
ADAMS,quarterly,Q3 2026,EPS,-9.62
ADAMS,quarterly,Q2 2026,EPS,1.23
ADAMS,quarterly,Q1 2026,EPS,2.85
ADAMS,quarterly,Q3 2025,EPS,5.09
ADAMS,annual,2025,Gross Profit Margin (%),6.58
ADAMS,annual,2024,Gross Profit Margin (%),11.48
ADAMS,annual,2023,Gross Profit Margin (%),11.81
ADAMS,annual,2022,Gross Profit Margin (%),13.09
ADAMS,annual,2025,Net Profit Margin (%),0.43
ADAMS,annual,2024,Net Profit Margin (%),0.91
ADAMS,annual,2023,Net Profit Margin (%),2.17
ADAMS,annual,2022,Net Profit Margin (%),2.92
ADAMS,annual,2025,EPS Growth (%),-36.88
ADAMS,annual,2024,EPS Growth (%),-37.79
ADAMS,annual,2023,EPS Growth (%),-25.76
ADAMS,annual,2022,EPS Growth (%),-19.08
ADAMS,annual,2025,PEG,-0.72
ADAMS,annual,2024,PEG,-0.26
ADAMS,annual,2023,PEG,-0.19
ADAMS,annual,2022,PEG,-0.14
ADMM,annual,2026,Sales,13895202.0
ADMM,annual,2025,Sales,18350135.0
ADMM,annual,2024,Sales,20810386.0
ADMM,annual,2023,Sales,17072735.0
ADMM,annual,2026,Profit after Taxation,-435787.0
ADMM,annual,2025,Profit after Taxation,-451099.0
ADMM,annual,2024,Profit after Taxation,331719.0
ADMM,annual,2023,Profit after Taxation,1060630.0
ADMM,annual,2026,EPS,-5.19
ADMM,annual,2025,EPS,-5.37
ADMM,annual,2024,EPS,3.95
ADMM,annual,2023,EPS,12.63
ADMM,quarterly,Q3 2026,Sales,2888858.0
ADMM,quarterly,Q2 2026,Sales,3175525.0
ADMM,quarterly,Q1 2026,Sales,4298439.0
ADMM,quarterly,Q3 2025,Sales,4582408.0
ADMM,quarterly,Q3 2026,Profit after Taxation,-138100.0
ADMM,quarterly,Q2 2026,Profit after Taxation,-144647.0
ADMM,quarterly,Q1 2026,Profit after Taxation,-149596.0
ADMM,quarterly,Q3 2025,Profit after Taxation,-237836.0
ADMM,quarterly,Q3 2026,EPS,-1.64
ADMM,quarterly,Q2 2026,EPS,-1.72
ADMM,quarterly,Q1 2026,EPS,-1.78
ADMM,quarterly,Q3 2025,EPS,-2.83
ADMM,annual,2026,Gross Profit Margin (%),8.1
ADMM,annual,2025,Gross Profit Margin (%),5.79
ADMM,annual,2024,Gross Profit Margin (%),11.73
ADMM,annual,2023,Gross Profit Margin (%),17.1
ADMM,annual,2026,Net Profit Margin (%),-3.14
ADMM,annual,2025,Net Profit Margin (%),-2.46
ADMM,annual,2024,Net Profit Margin (%),1.59
ADMM,annual,2023,Net Profit Margin (%),6.21
ADMM,annual,2026,EPS Growth (%),3.35
ADMM,annual,2025,EPS Growth (%),-235.95
ADMM,annual,2024,EPS Growth (%),-68.73
ADMM,annual,2023,EPS Growth (%),62.13
ADMM,annual,2026,PEG,-3.93
ADMM,annual,2025,PEG,0.05
ADMM,annual,2024,PEG,-0.17
ADMM,annual,2023,PEG,0.07
ADOS,annual,2022,Sales,146199.0
ADOS,annual,2021,Sales,21821.0
ADOS,annual,2020,Sales,73894.0
ADOS,annual,2019,Sales,38069.0
ADOS,annual,2022,EPS,16.66
ADOS,annual,2021,EPS,-2.63
ADOS,annual,2020,EPS,-4.29
ADOS,annual,2019,EPS,-10.42
ADOS,quarterly,Q1 2023,Sales,9462.0
ADOS,quarterly,Q3 2022,Sales,18053.0
ADOS,quarterly,Q2 2022,Sales,7341.0
ADOS,quarterly,Q1 2022,Sales,5109.0
ADOS,quarterly,Q1 2023,EPS,-2.18
ADOS,quarterly,Q3 2022,EPS,24.06
ADOS,quarterly,Q2 2022,EPS,-8.42
ADOS,quarterly,Q1 2022,EPS,-0.17
ADOS,annual,2022,Gross Profit Margin (%),-8.07
ADOS,annual,2021,Gross Profit Margin (%),-26.94
ADOS,annual,2020,Gross Profit Margin (%),13.75
ADOS,annual,2019,Gross Profit Margin (%),0.83
ADOS,annual,2022,Net Profit Margin (%),75.02
ADOS,annual,2021,Net Profit Margin (%),-79.2
ADOS,annual,2020,Net Profit Margin (%),-38.2
ADOS,annual,2019,Net Profit Margin (%),-180.1
ADOS,annual,2022,EPS Growth (%),733.46
ADOS,annual,2021,EPS Growth (%),38.69
ADOS,annual,2020,EPS Growth (%),58.83
ADOS,annual,2019,EPS Growth (%),25.41
ADOS,annual,2022,PEG,0.0
ADOS,annual,2021,PEG,-0.16
ADOS,annual,2020,PEG,-0.07
ADOS,annual,2019,PEG,-0.08
AEL,annual,2023,Sales,32150.0
AEL,annual,2021,Sales,2927.0
AEL,annual,2023,Profit after Taxation,2438.0
AEL,annual,2022,Profit after Taxation,-13894.0
AEL,annual,2021,Profit after Taxation,-40357.0
AEL,annual,2020,Profit after Taxation,-25859.0
AEL,annual,2023,EPS,0.3
AEL,annual,2022,EPS,-1.74
AEL,annual,2021,EPS,-3.23
AEL,annual,2020,EPS,-3.23
AEL,quarterly,Q1 2024,Sales,6780.0
AEL,quarterly,Q3 2023,Sales,18320.0
AEL,quarterly,Q2 2023,Sales,6814.0
AEL,quarterly,Q1 2024,Profit after Taxation,1477.0
AEL,quarterly,Q3 2023,Profit after Taxation,1345.0
AEL,quarterly,Q2 2023,Profit after Taxation,496.0
AEL,quarterly,Q1 2023,Profit after Taxation,-932.0
AEL,quarterly,Q1 2024,EPS,0.18
AEL,quarterly,Q3 2023,EPS,0.17
AEL,quarterly,Q2 2023,EPS,0.06
AEL,quarterly,Q1 2023,EPS,-0.12
AEL,annual,2023,Gross Profit Margin (%),11.23
AEL,annual,2021,Gross Profit Margin (%),-716.14
AEL,annual,2023,Net Profit Margin (%),7.58
AEL,annual,2021,Net Profit Margin (%),-1378.72
AEL,annual,2023,EPS Growth (%),117.24
AEL,annual,2022,EPS Growth (%),46.13
AEL,annual,2020,EPS Growth (%),-64.8
AEL,annual,2023,PEG,0.58
AEL,annual,2020,PEG,0.02
AGHA,annual,2026,Sales,8390596.0
AGHA,annual,2025,Sales,10674618.0
AGHA,annual,2024,Sales,13691815.0
AGHA,annual,2023,Sales,20582205.0
AGHA,annual,2026,Profit after Taxation,-4740649.0
AGHA,annual,2025,Profit after Taxation,-7211418.0
AGHA,annual,2024,Profit after Taxation,-5088565.0
AGHA,annual,2023,Profit after Taxation,904896.0
AGHA,annual,2026,EPS,-7.62
AGHA,annual,2025,EPS,-11.92
AGHA,annual,2024,EPS,-8.41
AGHA,annual,2023,EPS,1.5
AGHA,quarterly,Q3 2026,Sales,2183810.0
AGHA,quarterly,Q2 2026,Sales,2978956.0
AGHA,quarterly,Q1 2026,Sales,2162185.0
AGHA,quarterly,Q3 2025,Sales,2717027.0
AGHA,quarterly,Q3 2026,Profit after Taxation,-926177.0
AGHA,quarterly,Q2 2026,Profit after Taxation,-635716.0
AGHA,quarterly,Q1 2026,Profit after Taxation,-1168632.0
AGHA,quarterly,Q3 2025,Profit after Taxation,-1328940.0
AGHA,quarterly,Q3 2026,EPS,-1.53
AGHA,quarterly,Q2 2026,EPS,-1.05
AGHA,quarterly,Q1 2026,EPS,-1.93
AGHA,quarterly,Q3 2025,EPS,-2.2
AGHA,annual,2026,Gross Profit Margin (%),-28.06
AGHA,annual,2025,Gross Profit Margin (%),-18.53
AGHA,annual,2024,Gross Profit Margin (%),-4.59
AGHA,annual,2023,Gross Profit Margin (%),23.42
AGHA,annual,2026,Net Profit Margin (%),-56.5
AGHA,annual,2025,Net Profit Margin (%),-67.56
AGHA,annual,2024,Net Profit Margin (%),-37.17
AGHA,annual,2023,Net Profit Margin (%),4.4
AGHA,annual,2026,EPS Growth (%),36.07
AGHA,annual,2025,EPS Growth (%),-41.74
AGHA,annual,2024,EPS Growth (%),-660.67
AGHA,annual,2023,EPS Growth (%),-51.14
AGHA,annual,2026,PEG,-0.03
AGHA,annual,2025,PEG,0.02
AGHA,annual,2024,PEG,0.0
AGHA,annual,2023,PEG,-0.13
AGIC,annual,2025,Profit after Taxation,694672.0
AGIC,annual,2024,Profit after Taxation,655900.0
AGIC,annual,2023,Profit after Taxation,432518.0
AGIC,annual,2022,Profit after Taxation,346589.0
AGIC,annual,2025,EPS,8.69
AGIC,annual,2024,EPS,8.3
AGIC,annual,2023,EPS,6.02
AGIC,annual,2022,EPS,4.82
AGIC,quarterly,Q2 2026,Profit after Taxation,186517.0
AGIC,quarterly,Q1 2026,Profit after Taxation,151784.0
AGIC,quarterly,Q3 2025,Profit after Taxation,170599.0
AGIC,quarterly,Q2 2025,Profit after Taxation,150764.0
AGIC,quarterly,Q2 2026,EPS,1.85
AGIC,quarterly,Q1 2026,EPS,1.51
AGIC,quarterly,Q3 2025,EPS,2.37
AGIC,quarterly,Q2 2025,EPS,2.1
AGIC,annual,2025,Gross Profit Margin (%),5.81
AGIC,annual,2024,Gross Profit Margin (%),5.8
AGIC,annual,2023,Gross Profit Margin (%),6.08
AGIC,annual,2022,Gross Profit Margin (%),7.68
AGIC,annual,2025,Net Profit Margin (%),18.23
AGIC,annual,2024,Net Profit Margin (%),19.27
AGIC,annual,2023,Net Profit Margin (%),15.17
AGIC,annual,2022,Net Profit Margin (%),14.27
AGIC,annual,2025,EPS Growth (%),4.7
AGIC,annual,2024,EPS Growth (%),37.87
AGIC,annual,2023,EPS Growth (%),24.9
AGIC,annual,2022,EPS Growth (%),-5.49
AGIC,annual,2025,PEG,0.93
AGIC,annual,2024,PEG,0.09
AGIC,annual,2023,PEG,0.13
AGIC,annual,2022,PEG,-0.6
AGIL,annual,2026,Sales,10729536.0
AGIL,annual,2025,Sales,7762170.0
AGIL,annual,2024,Sales,5927227.0
AGIL,annual,2023,Sales,5336118.0
AGIL,annual,2026,Profit after Taxation,681359.0
AGIL,annual,2025,Profit after Taxation,98975.0
AGIL,annual,2024,Profit after Taxation,-275718.0
AGIL,annual,2023,Profit after Taxation,-44283.0
AGIL,annual,2026,EPS,18.93
AGIL,annual,2025,EPS,2.75
AGIL,annual,2024,EPS,-7.66
AGIL,annual,2023,EPS,-1.23
AGIL,quarterly,Q3 2026,Sales,2488030.0
AGIL,quarterly,Q2 2026,Sales,2836543.0
AGIL,quarterly,Q1 2026,Sales,2507660.0
AGIL,quarterly,Q3 2025,Sales,2062025.0
AGIL,quarterly,Q3 2026,Profit after Taxation,89014.0
AGIL,quarterly,Q2 2026,Profit after Taxation,257825.0
AGIL,quarterly,Q1 2026,Profit after Taxation,194276.0
AGIL,quarterly,Q3 2025,Profit after Taxation,25729.0
AGIL,quarterly,Q3 2026,EPS,2.47
AGIL,quarterly,Q2 2026,EPS,7.16
AGIL,quarterly,Q1 2026,EPS,5.4
AGIL,quarterly,Q3 2025,EPS,0.71
AGIL,annual,2026,Gross Profit Margin (%),6.16
AGIL,annual,2025,Gross Profit Margin (%),4.6
AGIL,annual,2024,Gross Profit Margin (%),3.51
AGIL,annual,2023,Gross Profit Margin (%),4.1
AGIL,annual,2026,Net Profit Margin (%),6.35
AGIL,annual,2025,Net Profit Margin (%),1.28
AGIL,annual,2024,Net Profit Margin (%),-4.65
AGIL,annual,2023,Net Profit Margin (%),-0.83
AGIL,annual,2026,EPS Growth (%),588.36
AGIL,annual,2025,EPS Growth (%),135.9
AGIL,annual,2024,EPS Growth (%),-522.76
AGIL,annual,2023,EPS Growth (%),-114.57
AGIL,annual,2026,PEG,0.02
AGIL,annual,2025,PEG,0.35
AGIL,annual,2024,PEG,0.03
AGIL,annual,2023,PEG,0.46
AGL,annual,2025,Sales,35880378.0
AGL,annual,2024,Sales,31306773.0
AGL,annual,2023,Sales,22172162.0
AGL,annual,2022,Sales,17296183.0
AGL,annual,2025,Profit after Taxation,2894835.0
AGL,annual,2024,Profit after Taxation,-1114181.0
AGL,annual,2023,Profit after Taxation,1085792.0
AGL,annual,2022,Profit after Taxation,-2953326.0
AGL,annual,2025,EPS,5.36
AGL,annual,2024,EPS,-2.71
AGL,annual,2023,EPS,2.77
AGL,annual,2022,EPS,-7.53
AGL,quarterly,Q2 2026,Sales,8452528.0
AGL,quarterly,Q1 2026,Sales,7040749.0
AGL,quarterly,Q3 2025,Sales,10417173.0
AGL,quarterly,Q2 2025,Sales,5664349.0
AGL,quarterly,Q2 2026,Profit after Taxation,-1098573.0
AGL,quarterly,Q1 2026,Profit after Taxation,-1019774.0
AGL,quarterly,Q3 2025,Profit after Taxation,-40321.0
AGL,quarterly,Q2 2025,Profit after Taxation,2479627.0
AGL,quarterly,Q2 2026,EPS,-1.83
AGL,quarterly,Q1 2026,EPS,-1.7
AGL,quarterly,Q3 2025,EPS,-0.08
AGL,quarterly,Q2 2025,EPS,4.14
AGL,annual,2025,Gross Profit Margin (%),16.84
AGL,annual,2024,Gross Profit Margin (%),20.01
AGL,annual,2023,Gross Profit Margin (%),19.84
AGL,annual,2022,Gross Profit Margin (%),12.27
AGL,annual,2025,Net Profit Margin (%),8.07
AGL,annual,2024,Net Profit Margin (%),-3.56
AGL,annual,2023,Net Profit Margin (%),4.9
AGL,annual,2022,Net Profit Margin (%),-17.08
AGL,annual,2025,EPS Growth (%),297.79
AGL,annual,2024,EPS Growth (%),-197.83
AGL,annual,2023,EPS Growth (%),136.79
AGL,annual,2022,EPS Growth (%),-10.25
AGL,annual,2025,PEG,0.04
AGL,annual,2024,PEG,0.07
AGL,annual,2023,PEG,0.04
AGL,annual,2022,PEG,0.06
AGP,annual,2025,Sales,20545689.0
AGP,annual,2024,Sales,18543808.0
AGP,annual,2023,Sales,13857770.0
AGP,annual,2022,Sales,10262015.0
AGP,annual,2025,Profit after Taxation,2360314.0
AGP,annual,2024,Profit after Taxation,2083581.0
AGP,annual,2023,Profit after Taxation,1190186.0
AGP,annual,2022,Profit after Taxation,1428034.0
AGP,annual,2025,EPS,8.43
AGP,annual,2024,EPS,7.44
AGP,annual,2023,EPS,4.25
AGP,annual,2022,EPS,5.1
AGP,quarterly,Q2 2026,Sales,3746990.0
AGP,quarterly,Q1 2026,Sales,5386574.0
AGP,quarterly,Q3 2025,Sales,5586805.0
AGP,quarterly,Q2 2025,Sales,4270364.0
AGP,quarterly,Q2 2026,Profit after Taxation,318913.0
AGP,quarterly,Q1 2026,Profit after Taxation,556924.0
AGP,quarterly,Q3 2025,Profit after Taxation,671271.0
AGP,quarterly,Q2 2025,Profit after Taxation,626928.0
AGP,quarterly,Q2 2026,EPS,1.14
AGP,quarterly,Q1 2026,EPS,1.99
AGP,quarterly,Q3 2025,EPS,2.4
AGP,quarterly,Q2 2025,EPS,2.24
AGP,annual,2025,Gross Profit Margin (%),48.62
AGP,annual,2024,Gross Profit Margin (%),47.84
AGP,annual,2023,Gross Profit Margin (%),44.32
AGP,annual,2022,Gross Profit Margin (%),50.89
AGP,annual,2025,Net Profit Margin (%),11.49
AGP,annual,2024,Net Profit Margin (%),11.24
AGP,annual,2023,Net Profit Margin (%),8.59
AGP,annual,2022,Net Profit Margin (%),13.92
AGP,annual,2025,EPS Growth (%),13.31
AGP,annual,2024,EPS Growth (%),75.06
AGP,annual,2023,EPS Growth (%),-16.67
AGP,annual,2022,EPS Growth (%),-8.77
AGP,annual,2025,PEG,1.81
AGP,annual,2024,PEG,0.3
AGP,annual,2023,PEG,-0.99
AGP,annual,2022,PEG,-1.45
AGSML,annual,2025,Sales,273713.0
AGSML,annual,2023,Sales,385282.0
AGSML,annual,2025,EPS,-3.92
AGSML,annual,2024,EPS,-2.42
AGSML,annual,2023,EPS,-3.58
AGSML,annual,2022,EPS,-4.04
AGSML,quarterly,Q3 2025,Sales,140829.0
AGSML,quarterly,Q3 2026,EPS,-0.54
AGSML,quarterly,Q2 2026,EPS,-0.97
AGSML,quarterly,Q1 2026,EPS,-0.9
AGSML,quarterly,Q3 2025,EPS,-0.72
AGSML,annual,2025,Gross Profit Margin (%),-90.8
AGSML,annual,2023,Gross Profit Margin (%),-118.87
AGSML,annual,2025,Net Profit Margin (%),-113.52
AGSML,annual,2023,Net Profit Margin (%),-73.61
AGSML,annual,2025,EPS Growth (%),-61.98
AGSML,annual,2024,EPS Growth (%),32.4
AGSML,annual,2023,EPS Growth (%),11.39
AGSML,annual,2022,EPS Growth (%),-44.29
AGSML,annual,2025,PEG,0.04
AGSML,annual,2024,PEG,-0.07
AGSML,annual,2023,PEG,-0.13
AGSML,annual,2022,PEG,0.04
AGTL,annual,2025,Sales,20371056.0
AGTL,annual,2024,Sales,34574430.0
AGTL,annual,2023,Sales,34543545.0
AGTL,annual,2022,Sales,28201812.0
AGTL,annual,2025,Profit after Taxation,1300813.0
AGTL,annual,2024,Profit after Taxation,3542275.0
AGTL,annual,2023,Profit after Taxation,2611772.0
AGTL,annual,2022,Profit after Taxation,2156044.0
AGTL,annual,2025,EPS,22.44
AGTL,annual,2024,EPS,61.11
AGTL,annual,2023,EPS,45.06
AGTL,annual,2022,EPS,37.2
AGTL,quarterly,Q2 2026,Sales,6912356.0
AGTL,quarterly,Q1 2026,Sales,7027739.0
AGTL,quarterly,Q3 2025,Sales,2034063.0
AGTL,quarterly,Q2 2025,Sales,4090723.0
AGTL,quarterly,Q2 2026,Profit after Taxation,770501.0
AGTL,quarterly,Q1 2026,Profit after Taxation,677776.0
AGTL,quarterly,Q3 2025,Profit after Taxation,-225587.0
AGTL,quarterly,Q2 2025,Profit after Taxation,27089.0
AGTL,quarterly,Q2 2026,EPS,13.29
AGTL,quarterly,Q1 2026,EPS,11.69
AGTL,quarterly,Q3 2025,EPS,-3.89
AGTL,quarterly,Q2 2025,EPS,0.47
AGTL,annual,2025,Gross Profit Margin (%),25.35
AGTL,annual,2024,Gross Profit Margin (%),24.4
AGTL,annual,2023,Gross Profit Margin (%),18.59
AGTL,annual,2022,Gross Profit Margin (%),17.6
AGTL,annual,2025,Net Profit Margin (%),6.39
AGTL,annual,2024,Net Profit Margin (%),10.25
AGTL,annual,2023,Net Profit Margin (%),7.56
AGTL,annual,2022,Net Profit Margin (%),7.65
AGTL,annual,2025,EPS Growth (%),-63.28
AGTL,annual,2024,EPS Growth (%),35.62
AGTL,annual,2023,EPS Growth (%),21.13
AGTL,annual,2022,EPS Growth (%),-27.1
AGTL,annual,2025,PEG,-0.28
AGTL,annual,2024,PEG,0.26
AGTL,annual,2023,PEG,0.38
AGTL,annual,2022,PEG,-0.32
AHCL,annual,2026,Profit after Taxation,44480631.0
AHCL,annual,2025,Profit after Taxation,23775344.0
AHCL,annual,2024,Profit after Taxation,9430598.0
AHCL,annual,2023,Profit after Taxation,-972361.0
AHCL,annual,2026,EPS,10.55
AHCL,annual,2025,EPS,5.64
AHCL,annual,2024,EPS,2.24
AHCL,annual,2023,EPS,-2.38
AHCL,quarterly,Q3 2026,Profit after Taxation,-8374064.0
AHCL,quarterly,Q2 2026,Profit after Taxation,9894717.0
AHCL,quarterly,Q1 2026,Profit after Taxation,15604330.0
AHCL,quarterly,Q3 2025,Profit after Taxation,3094004.0
AHCL,quarterly,Q3 2026,EPS,-1.99
AHCL,quarterly,Q2 2026,EPS,2.35
AHCL,quarterly,Q1 2026,EPS,3.7
AHCL,quarterly,Q3 2025,EPS,0.73
AHCL,annual,2026,EPS Growth (%),87.06
AHCL,annual,2025,EPS Growth (%),151.79
AHCL,annual,2024,EPS Growth (%),194.12
AHCL,annual,2023,EPS Growth (%),-125.87
AHCL,annual,2026,PEG,0.02
AHCL,annual,2025,PEG,0.01
AHCL,annual,2024,PEG,0.11
AHCL,annual,2023,PEG,0.08
AHL,annual,2026,Total Income,3825098.0
AHL,annual,2025,Total Income,3017640.0
AHL,annual,2024,Total Income,1880522.0
AHL,annual,2023,Total Income,1622110.0
AHL,annual,2026,Profit after Taxation,1177029.0
AHL,annual,2025,Profit after Taxation,979262.0
AHL,annual,2024,Profit after Taxation,611947.0
AHL,annual,2023,Profit after Taxation,184672.0
AHL,annual,2026,EPS,18.01
AHL,annual,2025,EPS,14.99
AHL,annual,2024,EPS,9.36
AHL,annual,2023,EPS,2.83
AHL,quarterly,Q3 2026,Total Income,617027.0
AHL,quarterly,Q2 2026,Total Income,1177812.0
AHL,quarterly,Q1 2026,Total Income,680759.0
AHL,quarterly,Q3 2025,Total Income,635287.0
AHL,quarterly,Q3 2026,Profit after Taxation,259839.0
AHL,quarterly,Q2 2026,Profit after Taxation,274481.0
AHL,quarterly,Q1 2026,Profit after Taxation,246394.0
AHL,quarterly,Q3 2025,Profit after Taxation,245636.0
AHL,quarterly,Q3 2026,EPS,3.98
AHL,quarterly,Q2 2026,EPS,4.2
AHL,quarterly,Q1 2026,EPS,3.77
AHL,quarterly,Q3 2025,EPS,3.76
AHL,annual,2026,Net Profit Margin (%),30.77
AHL,annual,2025,Net Profit Margin (%),32.45
AHL,annual,2024,Net Profit Margin (%),32.54
AHL,annual,2023,Net Profit Margin (%),11.38
AHL,annual,2026,EPS Growth (%),20.15
AHL,annual,2025,EPS Growth (%),60.15
AHL,annual,2024,EPS Growth (%),230.74
AHL,annual,2023,EPS Growth (%),-77.63
AHL,annual,2026,PEG,0.31
AHL,annual,2025,PEG,0.08
AHL,annual,2024,PEG,0.03
AHL,annual,2023,PEG,-0.12
AHTM,annual,2026,Sales,5419332.0
AHTM,annual,2025,Sales,5626432.0
AHTM,annual,2024,Sales,5078315.0
AHTM,annual,2023,Sales,4327095.0
AHTM,annual,2026,Profit after Taxation,85670.0
AHTM,annual,2025,Profit after Taxation,94198.0
AHTM,annual,2024,Profit after Taxation,40661.0
AHTM,annual,2023,Profit after Taxation,92918.0
AHTM,annual,2026,EPS,10.11
AHTM,annual,2025,EPS,11.12
AHTM,annual,2024,EPS,4.8
AHTM,annual,2023,EPS,10.97
AHTM,quarterly,Q3 2026,Sales,1539416.0
AHTM,quarterly,Q2 2026,Sales,1268489.0
AHTM,quarterly,Q1 2026,Sales,1190954.0
AHTM,quarterly,Q3 2025,Sales,1382441.0
AHTM,quarterly,Q3 2026,Profit after Taxation,11609.0
AHTM,quarterly,Q2 2026,Profit after Taxation,41992.0
AHTM,quarterly,Q1 2026,Profit after Taxation,21060.0
AHTM,quarterly,Q3 2025,Profit after Taxation,31481.0
AHTM,quarterly,Q3 2026,EPS,1.36
AHTM,quarterly,Q2 2026,EPS,4.96
AHTM,quarterly,Q1 2026,EPS,2.49
AHTM,quarterly,Q3 2025,EPS,3.72
AHTM,annual,2026,Gross Profit Margin (%),6.92
AHTM,annual,2025,Gross Profit Margin (%),7.64
AHTM,annual,2024,Gross Profit Margin (%),6.04
AHTM,annual,2023,Gross Profit Margin (%),8.54
AHTM,annual,2026,Net Profit Margin (%),1.58
AHTM,annual,2025,Net Profit Margin (%),1.67
AHTM,annual,2024,Net Profit Margin (%),0.8
AHTM,annual,2023,Net Profit Margin (%),2.15
AHTM,annual,2026,EPS Growth (%),-9.08
AHTM,annual,2025,EPS Growth (%),131.67
AHTM,annual,2024,EPS Growth (%),-56.24
AHTM,annual,2023,EPS Growth (%),-53.83
AHTM,annual,2026,PEG,-1.02
AHTM,annual,2025,PEG,0.04
AHTM,annual,2024,PEG,-0.23
AHTM,annual,2023,PEG,-0.09
AICL,annual,2025,Profit after Taxation,5132718.0
AICL,annual,2024,Profit after Taxation,4050202.0
AICL,annual,2023,Profit after Taxation,2262030.0
AICL,annual,2022,Profit after Taxation,2585013.0
AICL,annual,2025,EPS,14.66
AICL,annual,2024,EPS,11.57
AICL,annual,2023,EPS,6.46
AICL,annual,2022,EPS,7.39
AICL,quarterly,Q2 2026,Profit after Taxation,1589654.0
AICL,quarterly,Q1 2026,Profit after Taxation,1309740.0
AICL,quarterly,Q3 2025,Profit after Taxation,1546927.0
AICL,quarterly,Q2 2025,Profit after Taxation,1028973.0
AICL,quarterly,Q2 2026,EPS,4.54
AICL,quarterly,Q1 2026,EPS,3.74
AICL,quarterly,Q3 2025,EPS,4.42
AICL,quarterly,Q2 2025,EPS,2.94
AICL,annual,2025,Gross Profit Margin (%),1.01
AICL,annual,2024,Gross Profit Margin (%),0.56
AICL,annual,2023,Gross Profit Margin (%),-7.07
AICL,annual,2022,Gross Profit Margin (%),-1.23
AICL,annual,2025,Net Profit Margin (%),12.98
AICL,annual,2024,Net Profit Margin (%),15.01
AICL,annual,2023,Net Profit Margin (%),11.71
AICL,annual,2022,Net Profit Margin (%),15.22
AICL,annual,2025,EPS Growth (%),26.71
AICL,annual,2024,EPS Growth (%),79.1
AICL,annual,2023,EPS Growth (%),-12.58
AICL,annual,2022,EPS Growth (%),-17.52
AICL,annual,2025,PEG,0.21
AICL,annual,2024,PEG,0.05
AICL,annual,2023,PEG,-0.42
AICL,annual,2022,PEG,-0.22
AIRLINK,annual,2026,Sales,60083494.0
AIRLINK,annual,2025,Sales,56135421.0
AIRLINK,annual,2024,Sales,56282419.0
AIRLINK,annual,2023,Sales,21503905.0
AIRLINK,annual,2026,EPS,9.01
AIRLINK,annual,2025,EPS,8.76
AIRLINK,annual,2024,EPS,7.74
AIRLINK,annual,2023,EPS,2.33
AIRLINK,quarterly,Q3 2026,Sales,16573383.0
AIRLINK,quarterly,Q2 2026,Sales,17400093.0
AIRLINK,quarterly,Q1 2026,Sales,13423113.0
AIRLINK,quarterly,Q3 2025,Sales,15586546.0
AIRLINK,quarterly,Q3 2026,EPS,1.21
AIRLINK,quarterly,Q2 2026,EPS,3.27
AIRLINK,quarterly,Q1 2026,EPS,1.54
AIRLINK,quarterly,Q3 2025,EPS,1.02
AIRLINK,annual,2026,Gross Profit Margin (%),14.27
AIRLINK,annual,2025,Gross Profit Margin (%),12.22
AIRLINK,annual,2024,Gross Profit Margin (%),10.36
AIRLINK,annual,2023,Gross Profit Margin (%),10.61
AIRLINK,annual,2026,Net Profit Margin (%),5.92
AIRLINK,annual,2025,Net Profit Margin (%),6.19
AIRLINK,annual,2024,Net Profit Margin (%),5.68
AIRLINK,annual,2023,Net Profit Margin (%),4.16
AIRLINK,annual,2026,EPS Growth (%),2.85
AIRLINK,annual,2025,EPS Growth (%),13.18
AIRLINK,annual,2024,EPS Growth (%),231.9
AIRLINK,annual,2023,EPS Growth (%),-45.77
AIRLINK,annual,2026,PEG,6.1
AIRLINK,annual,2025,PEG,1.32
AIRLINK,annual,2024,PEG,0.05
AIRLINK,annual,2023,PEG,-0.19
AKBL,annual,2025,Mark-up Earned,300751979.0
AKBL,annual,2024,Mark-up Earned,401028447.0
AKBL,annual,2023,Mark-up Earned,305636456.0
AKBL,annual,2022,Mark-up Earned,165795743.0
AKBL,annual,2025,Total Income,105185831.0
AKBL,annual,2024,Total Income,78720528.0
AKBL,annual,2023,Total Income,72358907.0
AKBL,annual,2022,Total Income,51581558.0
AKBL,annual,2025,Profit after Taxation,22803319.0
AKBL,annual,2024,Profit after Taxation,21022671.0
AKBL,annual,2023,Profit after Taxation,21434659.0
AKBL,annual,2022,Profit after Taxation,14061595.0
AKBL,annual,2025,EPS,15.73
AKBL,annual,2024,EPS,14.51
AKBL,annual,2023,EPS,14.79
AKBL,annual,2022,EPS,9.7
AKBL,quarterly,Q2 2026,Mark-up Earned,83281687.0
AKBL,quarterly,Q1 2026,Mark-up Earned,74647206.0
AKBL,quarterly,Q3 2025,Mark-up Earned,76529292.0
AKBL,quarterly,Q2 2025,Mark-up Earned,72711566.0
AKBL,quarterly,Q2 2026,Total Income,29231598.0
AKBL,quarterly,Q1 2026,Total Income,27293485.0
AKBL,quarterly,Q3 2025,Total Income,29133403.0
AKBL,quarterly,Q2 2025,Total Income,23787743.0
AKBL,quarterly,Q2 2026,Profit after Taxation,6768116.0
AKBL,quarterly,Q1 2026,Profit after Taxation,6566158.0
AKBL,quarterly,Q3 2025,Profit after Taxation,7438723.0
AKBL,quarterly,Q2 2025,Profit after Taxation,3502820.0
AKBL,quarterly,Q2 2026,EPS,4.67
AKBL,quarterly,Q1 2026,EPS,4.53
AKBL,quarterly,Q3 2025,EPS,5.13
AKBL,quarterly,Q2 2025,EPS,2.42
AKBL,annual,2025,Net Profit Margin (%),7.58
AKBL,annual,2024,Net Profit Margin (%),5.24
AKBL,annual,2023,Net Profit Margin (%),7.01
AKBL,annual,2022,Net Profit Margin (%),8.48
AKBL,annual,2025,EPS Growth (%),8.41
AKBL,annual,2024,EPS Growth (%),-1.89
AKBL,annual,2023,EPS Growth (%),52.47
AKBL,annual,2022,EPS Growth (%),25.97
AKBL,annual,2025,PEG,0.76
AKBL,annual,2024,PEG,-1.39
AKBL,annual,2023,PEG,0.03
AKBL,annual,2022,PEG,0.08
AKDHL,annual,2026,Total Income,7102.0
AKDHL,annual,2025,Total Income,6000.0
AKDHL,annual,2024,Total Income,13701.0
AKDHL,annual,2023,Total Income,3600.0
AKDHL,annual,2026,Profit after Taxation,1681.0
AKDHL,annual,2025,Profit after Taxation,1266.0
AKDHL,annual,2024,Profit after Taxation,8361.0
AKDHL,annual,2023,Profit after Taxation,-4962.0
AKDHL,annual,2026,EPS,0.67
AKDHL,annual,2025,EPS,0.51
AKDHL,annual,2024,EPS,3.33
AKDHL,annual,2023,EPS,-1.98
AKDHL,quarterly,Q3 2026,Total Income,1500.0
AKDHL,quarterly,Q2 2026,Total Income,2860.0
AKDHL,quarterly,Q1 2026,Total Income,1500.0
AKDHL,quarterly,Q3 2025,Total Income,1500.0
AKDHL,quarterly,Q3 2026,Profit after Taxation,256.0
AKDHL,quarterly,Q2 2026,Profit after Taxation,1678.0
AKDHL,quarterly,Q1 2026,Profit after Taxation,439.0
AKDHL,quarterly,Q3 2025,Profit after Taxation,408.0
AKDHL,quarterly,Q3 2026,EPS,0.1
AKDHL,quarterly,Q2 2026,EPS,0.67
AKDHL,quarterly,Q1 2026,EPS,0.17
AKDHL,quarterly,Q3 2025,EPS,0.16
AKDHL,annual,2026,EPS Growth (%),31.37
AKDHL,annual,2025,EPS Growth (%),-84.68
AKDHL,annual,2024,EPS Growth (%),268.18
AKDHL,annual,2023,EPS Growth (%),-76.79
AKDHL,annual,2026,PEG,7.63
AKDHL,annual,2025,PEG,-3.99
AKDHL,annual,2024,PEG,0.13
AKDHL,annual,2023,PEG,0.68
AKDSL,annual,2026,Total Income,8905822.0
AKDSL,annual,2025,Total Income,5472839.0
AKDSL,annual,2024,Total Income,2661105.0
AKDSL,annual,2023,Total Income,1516315.0
AKDSL,annual,2026,Profit after Taxation,5770022.0
AKDSL,annual,2025,Profit after Taxation,3156336.0
AKDSL,annual,2024,Profit after Taxation,1259396.0
AKDSL,annual,2023,Profit after Taxation,406756.0
AKDSL,annual,2026,EPS,10.34
AKDSL,annual,2025,EPS,5.66
AKDSL,annual,2024,EPS,2.26
AKDSL,annual,2023,EPS,0.78
AKDSL,quarterly,Q3 2026,Total Income,-159940.0
AKDSL,quarterly,Q2 2026,Total Income,1747207.0
AKDSL,quarterly,Q1 2026,Total Income,3239059.0
AKDSL,quarterly,Q3 2025,Total Income,866165.0
AKDSL,quarterly,Q3 2026,Profit after Taxation,-723639.0
AKDSL,quarterly,Q2 2026,Profit after Taxation,986850.0
AKDSL,quarterly,Q1 2026,Profit after Taxation,2551298.0
AKDSL,quarterly,Q3 2025,Profit after Taxation,410494.0
AKDSL,quarterly,Q3 2026,EPS,-1.3
AKDSL,quarterly,Q2 2026,EPS,1.77
AKDSL,quarterly,Q1 2026,EPS,4.57
AKDSL,quarterly,Q3 2025,EPS,0.74
AKDSL,annual,2026,Net Profit Margin (%),64.79
AKDSL,annual,2025,Net Profit Margin (%),57.67
AKDSL,annual,2024,Net Profit Margin (%),47.33
AKDSL,annual,2023,Net Profit Margin (%),26.83
AKDSL,annual,2026,EPS Growth (%),82.69
AKDSL,annual,2025,EPS Growth (%),150.44
AKDSL,annual,2024,EPS Growth (%),189.74
AKDSL,annual,2023,EPS Growth (%),124.07
AKDSL,annual,2026,PEG,0.05
AKDSL,annual,2025,PEG,0.03
AKDSL,annual,2024,PEG,0.04
AKDSL,annual,2023,PEG,0.23
AKGL,annual,2026,Sales,1304312.0
AKGL,annual,2025,Sales,1399036.0
AKGL,annual,2024,Sales,1278485.0
AKGL,annual,2023,Sales,1063499.0
AKGL,annual,2026,Profit after Taxation,7821.0
AKGL,annual,2025,Profit after Taxation,17145.0
AKGL,annual,2024,Profit after Taxation,27253.0
AKGL,annual,2023,Profit after Taxation,13022.0
AKGL,annual,2026,EPS,0.78
AKGL,annual,2025,EPS,1.71
AKGL,annual,2024,EPS,2.73
AKGL,annual,2023,EPS,1.3
AKGL,quarterly,Q3 2026,Sales,376228.0
AKGL,quarterly,Q2 2026,Sales,408825.0
AKGL,quarterly,Q1 2026,Sales,277785.0
AKGL,quarterly,Q3 2025,Sales,380353.0
AKGL,quarterly,Q3 2026,Profit after Taxation,-7300.0
AKGL,quarterly,Q2 2026,Profit after Taxation,18887.0
AKGL,quarterly,Q1 2026,Profit after Taxation,-10212.0
AKGL,quarterly,Q3 2025,Profit after Taxation,9721.0
AKGL,quarterly,Q3 2026,EPS,-0.73
AKGL,quarterly,Q2 2026,EPS,1.89
AKGL,quarterly,Q1 2026,EPS,-1.02
AKGL,quarterly,Q3 2025,EPS,0.97
AKGL,annual,2026,Gross Profit Margin (%),12.23
AKGL,annual,2025,Gross Profit Margin (%),12.41
AKGL,annual,2024,Gross Profit Margin (%),12.97
AKGL,annual,2023,Gross Profit Margin (%),12.8
AKGL,annual,2026,Net Profit Margin (%),0.6
AKGL,annual,2025,Net Profit Margin (%),1.23
AKGL,annual,2024,Net Profit Margin (%),2.13
AKGL,annual,2023,Net Profit Margin (%),1.22
AKGL,annual,2026,EPS Growth (%),-54.39
AKGL,annual,2025,EPS Growth (%),-37.36
AKGL,annual,2024,EPS Growth (%),110.0
AKGL,annual,2023,EPS Growth (%),-57.52
AKGL,annual,2026,PEG,-1.25
AKGL,annual,2025,PEG,-0.8
AKGL,annual,2024,PEG,0.11
AKGL,annual,2023,PEG,-0.37
AKZO,annual,2019,Sales,5611541.0
AKZO,annual,2018,Sales,5812743.0
AKZO,annual,2017,Sales,5690577.0
AKZO,annual,2016,Sales,5136961.0
AKZO,annual,2019,Profit after Taxation,548893.0
AKZO,annual,2018,Profit after Taxation,387179.0
AKZO,annual,2017,Profit after Taxation,573006.0
AKZO,annual,2016,Profit after Taxation,490737.0
AKZO,annual,2019,EPS,11.82
AKZO,annual,2018,EPS,8.34
AKZO,annual,2017,EPS,12.34
AKZO,annual,2016,EPS,10.57
AKZO,quarterly,Q1 2020,Sales,1142202.0
AKZO,quarterly,Q3 2019,Sales,1232976.0
AKZO,quarterly,Q2 2019,Sales,1525557.0
AKZO,quarterly,Q1 2019,Sales,1508544.0
AKZO,quarterly,Q1 2020,Profit after Taxation,134425.0
AKZO,quarterly,Q3 2019,Profit after Taxation,90296.0
AKZO,quarterly,Q2 2019,Profit after Taxation,110815.0
AKZO,quarterly,Q1 2019,Profit after Taxation,178343.0
AKZO,quarterly,Q1 2020,EPS,2.89
AKZO,quarterly,Q3 2019,EPS,1.94
AKZO,quarterly,Q2 2019,EPS,2.39
AKZO,quarterly,Q1 2019,EPS,3.84
AKZO,annual,2019,Gross Profit Margin (%),36.22
AKZO,annual,2018,Gross Profit Margin (%),34.45
AKZO,annual,2017,Gross Profit Margin (%),39.17
AKZO,annual,2016,Gross Profit Margin (%),42.48
AKZO,annual,2019,Net Profit Margin (%),9.78
AKZO,annual,2018,Net Profit Margin (%),6.66
AKZO,annual,2017,Net Profit Margin (%),10.07
AKZO,annual,2016,Net Profit Margin (%),9.55
AKZO,annual,2019,EPS Growth (%),41.73
AKZO,annual,2018,EPS Growth (%),-32.41
AKZO,annual,2017,EPS Growth (%),16.75
AKZO,annual,2016,EPS Growth (%),-8.96
AKZO,annual,2019,PEG,0.53
AKZO,annual,2018,PEG,-0.57
AKZO,annual,2017,PEG,1.03
AKZO,annual,2016,PEG,-2.47
ALAC,annual,2025,Profit after Taxation,125966.0
ALAC,annual,2024,Profit after Taxation,15123.0
ALAC,annual,2023,Profit after Taxation,-165240.0
ALAC,annual,2022,Profit after Taxation,-275971.0
ALAC,annual,2025,EPS,0.84
ALAC,annual,2024,EPS,0.1
ALAC,annual,2023,EPS,-1.1
ALAC,annual,2022,EPS,-1.84
ALAC,quarterly,Q2 2026,Profit after Taxation,11953.0
ALAC,quarterly,Q1 2026,Profit after Taxation,13953.0
ALAC,quarterly,Q3 2025,Profit after Taxation,13866.0
ALAC,quarterly,Q2 2025,Profit after Taxation,25555.0
ALAC,quarterly,Q2 2026,EPS,0.08
ALAC,quarterly,Q1 2026,EPS,0.09
ALAC,quarterly,Q3 2025,EPS,0.09
ALAC,quarterly,Q2 2025,EPS,0.17
ALAC,annual,2025,Gross Profit Margin (%),88.16
ALAC,annual,2024,Gross Profit Margin (%),83.92
ALAC,annual,2023,Gross Profit Margin (%),77.73
ALAC,annual,2022,Gross Profit Margin (%),82.8
ALAC,annual,2025,Net Profit Margin (%),3.84
ALAC,annual,2024,Net Profit Margin (%),0.75
ALAC,annual,2023,Net Profit Margin (%),-10.24
ALAC,annual,2022,Net Profit Margin (%),-21.2
ALAC,annual,2025,EPS Growth (%),740.0
ALAC,annual,2024,EPS Growth (%),109.09
ALAC,annual,2023,EPS Growth (%),40.22
ALAC,annual,2022,EPS Growth (%),-14.29
ALAC,annual,2025,PEG,0.02
ALAC,annual,2024,PEG,0.56
ALAC,annual,2023,PEG,-0.15
ALAC,annual,2022,PEG,0.25
ALIFE,annual,2025,Profit after Taxation,1314311.0
ALIFE,annual,2024,Profit after Taxation,1554305.0
ALIFE,annual,2023,Profit after Taxation,908075.0
ALIFE,annual,2022,Profit after Taxation,497702.0
ALIFE,annual,2025,EPS,5.01
ALIFE,annual,2024,EPS,5.92
ALIFE,annual,2023,EPS,3.63
ALIFE,annual,2022,EPS,1.99
ALIFE,quarterly,Q2 2026,Profit after Taxation,335941.0
ALIFE,quarterly,Q1 2026,Profit after Taxation,91292.0
ALIFE,quarterly,Q3 2025,Profit after Taxation,398393.0
ALIFE,quarterly,Q2 2025,Profit after Taxation,457077.0
ALIFE,quarterly,Q2 2026,EPS,1.28
ALIFE,quarterly,Q1 2026,EPS,0.35
ALIFE,quarterly,Q3 2025,EPS,1.52
ALIFE,quarterly,Q2 2025,EPS,1.74
ALIFE,annual,2025,Net Profit Margin (%),3.71
ALIFE,annual,2024,Net Profit Margin (%),5.13
ALIFE,annual,2023,Net Profit Margin (%),4.0
ALIFE,annual,2022,Net Profit Margin (%),2.45
ALIFE,annual,2025,EPS Growth (%),-15.37
ALIFE,annual,2024,EPS Growth (%),63.09
ALIFE,annual,2023,EPS Growth (%),82.41
ALIFE,annual,2022,EPS Growth (%),93.2
ALIFE,annual,2025,PEG,-0.41
ALIFE,annual,2024,PEG,0.08
ALIFE,annual,2023,PEG,0.08
ALIFE,annual,2022,PEG,0.11
ALNRS,annual,2025,Sales,17916301.0
ALNRS,annual,2024,Sales,20736291.0
ALNRS,annual,2023,Sales,13122460.0
ALNRS,annual,2022,Sales,10546358.0
ALNRS,annual,2025,Profit after Taxation,107451.0
ALNRS,annual,2024,Profit after Taxation,-45083.0
ALNRS,annual,2023,Profit after Taxation,295344.0
ALNRS,annual,2022,Profit after Taxation,173319.0
ALNRS,annual,2025,EPS,5.25
ALNRS,annual,2024,EPS,-2.2
ALNRS,annual,2023,EPS,14.43
ALNRS,annual,2022,EPS,8.47
ALNRS,quarterly,Q3 2026,Sales,3911417.0
ALNRS,quarterly,Q2 2026,Sales,2076055.0
ALNRS,quarterly,Q1 2026,Sales,4510070.0
ALNRS,quarterly,Q3 2025,Sales,4065965.0
ALNRS,quarterly,Q3 2026,Profit after Taxation,-50916.0
ALNRS,quarterly,Q2 2026,Profit after Taxation,49150.0
ALNRS,quarterly,Q1 2026,Profit after Taxation,101969.0
ALNRS,quarterly,Q3 2025,Profit after Taxation,65666.0
ALNRS,quarterly,Q3 2026,EPS,-2.49
ALNRS,quarterly,Q2 2026,EPS,2.4
ALNRS,quarterly,Q1 2026,EPS,4.98
ALNRS,quarterly,Q3 2025,EPS,3.21
ALNRS,annual,2025,Gross Profit Margin (%),13.09
ALNRS,annual,2024,Gross Profit Margin (%),16.56
ALNRS,annual,2023,Gross Profit Margin (%),16.0
ALNRS,annual,2022,Gross Profit Margin (%),14.33
ALNRS,annual,2025,Net Profit Margin (%),0.6
ALNRS,annual,2024,Net Profit Margin (%),-0.22
ALNRS,annual,2023,Net Profit Margin (%),2.25
ALNRS,annual,2022,Net Profit Margin (%),1.64
ALNRS,annual,2025,EPS Growth (%),338.64
ALNRS,annual,2024,EPS Growth (%),-115.25
ALNRS,annual,2023,EPS Growth (%),70.37
ALNRS,annual,2022,EPS Growth (%),-17.77
ALNRS,annual,2025,PEG,0.06
ALNRS,annual,2024,PEG,0.32
ALNRS,annual,2023,PEG,0.06
ALNRS,annual,2022,PEG,-0.52
ALTN,annual,2026,Sales,34225.0
ALTN,annual,2023,Sales,17457.0
ALTN,annual,2026,Profit after Taxation,-227396.0
ALTN,annual,2025,Profit after Taxation,5786902.0
ALTN,annual,2024,Profit after Taxation,4336312.0
ALTN,annual,2023,Profit after Taxation,-72858.0
ALTN,annual,2026,EPS,-0.63
ALTN,annual,2025,EPS,15.93
ALTN,annual,2024,EPS,11.93
ALTN,annual,2023,EPS,-0.2
ALTN,quarterly,Q1 2026,Sales,34225.0
ALTN,quarterly,Q3 2026,Profit after Taxation,-36063.0
ALTN,quarterly,Q2 2026,Profit after Taxation,-83535.0
ALTN,quarterly,Q1 2026,Profit after Taxation,-41430.0
ALTN,quarterly,Q3 2025,Profit after Taxation,3710295.0
ALTN,quarterly,Q3 2026,EPS,-0.1
ALTN,quarterly,Q2 2026,EPS,-0.23
ALTN,quarterly,Q1 2026,EPS,-0.11
ALTN,quarterly,Q3 2025,EPS,10.21
ALTN,annual,2026,Gross Profit Margin (%),-292.43
ALTN,annual,2023,Gross Profit Margin (%),-375.47
ALTN,annual,2026,Net Profit Margin (%),-664.41
ALTN,annual,2023,Net Profit Margin (%),-417.36
ALTN,annual,2026,EPS Growth (%),-103.95
ALTN,annual,2025,EPS Growth (%),33.53
ALTN,annual,2024,EPS Growth (%),6065.0
ALTN,annual,2023,EPS Growth (%),-101.1
ALTN,annual,2026,PEG,0.12
ALTN,annual,2025,PEG,0.02
ALTN,annual,2024,PEG,0.0
ALTN,annual,2023,PEG,0.72
AMBL,annual,2025,Mark-up Earned,3152248.0
AMBL,annual,2024,Mark-up Earned,2808828.0
AMBL,annual,2023,Mark-up Earned,2526908.0
AMBL,annual,2022,Mark-up Earned,2265996.0
AMBL,annual,2025,Total Income,492125.0
AMBL,annual,2024,Total Income,-897836.0
AMBL,annual,2023,Total Income,-1297141.0
AMBL,annual,2022,Total Income,-2642449.0
AMBL,annual,2025,Profit after Taxation,-1648078.0
AMBL,annual,2024,Profit after Taxation,-3099992.0
AMBL,annual,2023,Profit after Taxation,-3593817.0
AMBL,annual,2022,Profit after Taxation,-4489364.0
AMBL,annual,2025,EPS,-3.84
AMBL,annual,2024,EPS,-7.14
AMBL,annual,2023,EPS,-8.38
AMBL,annual,2022,EPS,-10.47
AMBL,quarterly,Q2 2026,Mark-up Earned,989736.0
AMBL,quarterly,Q1 2026,Mark-up Earned,916698.0
AMBL,quarterly,Q3 2025,Mark-up Earned,777319.0
AMBL,quarterly,Q2 2025,Mark-up Earned,797176.0
AMBL,quarterly,Q2 2026,Total Income,167804.0
AMBL,quarterly,Q1 2026,Total Income,173456.0
AMBL,quarterly,Q3 2025,Total Income,94544.0
AMBL,quarterly,Q2 2025,Total Income,172849.0
AMBL,quarterly,Q2 2026,Profit after Taxation,-420448.0
AMBL,quarterly,Q1 2026,Profit after Taxation,-374485.0
AMBL,quarterly,Q3 2025,Profit after Taxation,-458006.0
AMBL,quarterly,Q2 2025,Profit after Taxation,-362904.0
AMBL,quarterly,Q2 2026,EPS,-0.98
AMBL,quarterly,Q1 2026,EPS,-0.87
AMBL,quarterly,Q3 2025,EPS,-1.07
AMBL,quarterly,Q2 2025,EPS,-0.92
AMBL,annual,2025,Net Profit Margin (%),-334.89
AMBL,annual,2024,Net Profit Margin (%),345.27
AMBL,annual,2023,Net Profit Margin (%),277.06
AMBL,annual,2022,Net Profit Margin (%),169.89
AMBL,annual,2025,EPS Growth (%),46.22
AMBL,annual,2024,EPS Growth (%),14.8
AMBL,annual,2023,EPS Growth (%),19.96
AMBL,annual,2022,EPS Growth (%),-116.32
AMBL,annual,2025,PEG,-0.07
AMBL,annual,2024,PEG,-0.09
AMBL,annual,2023,PEG,-0.1
AMTEX,annual,2026,Sales,3069428.0
AMTEX,annual,2025,Sales,2370791.0
AMTEX,annual,2024,Sales,2793103.0
AMTEX,annual,2023,Sales,1691534.0
AMTEX,annual,2026,Profit after Taxation,134531.0
AMTEX,annual,2025,Profit after Taxation,-130150.0
AMTEX,annual,2024,Profit after Taxation,179029.0
AMTEX,annual,2023,Profit after Taxation,137911.0
AMTEX,annual,2026,EPS,0.52
AMTEX,annual,2025,EPS,-0.5
AMTEX,annual,2024,EPS,0.35
AMTEX,annual,2023,EPS,0.53
AMTEX,quarterly,Q3 2026,Sales,659057.0
AMTEX,quarterly,Q2 2026,Sales,859792.0
AMTEX,quarterly,Q1 2026,Sales,925482.0
AMTEX,quarterly,Q3 2025,Sales,400630.0
AMTEX,quarterly,Q3 2026,Profit after Taxation,-60918.0
AMTEX,quarterly,Q2 2026,Profit after Taxation,60573.0
AMTEX,quarterly,Q1 2026,Profit after Taxation,10355.0
AMTEX,quarterly,Q3 2025,Profit after Taxation,-62610.0
AMTEX,quarterly,Q3 2026,EPS,-0.23
AMTEX,quarterly,Q2 2026,EPS,0.23
AMTEX,quarterly,Q1 2026,EPS,0.04
AMTEX,quarterly,Q3 2025,EPS,-0.24
AMTEX,annual,2025,Gross Profit Margin (%),10.51
AMTEX,annual,2024,Gross Profit Margin (%),5.61
AMTEX,annual,2023,Gross Profit Margin (%),15.11
AMTEX,annual,2022,Gross Profit Margin (%),7.39
AMTEX,annual,2025,Net Profit Margin (%),4.38
AMTEX,annual,2024,Net Profit Margin (%),-5.49
AMTEX,annual,2023,Net Profit Margin (%),6.41
AMTEX,annual,2022,Net Profit Margin (%),8.15
AMTEX,annual,2025,EPS Growth (%),204.0
AMTEX,annual,2024,EPS Growth (%),-242.86
AMTEX,annual,2023,EPS Growth (%),-33.96
AMTEX,annual,2022,EPS Growth (%),32.5
AMTEX,annual,2025,PEG,0.04
AMTEX,annual,2024,PEG,0.03
AMTEX,annual,2023,PEG,-0.27
AMTEX,annual,2022,PEG,0.03
ANL,annual,2026,Sales,42499824.0
ANL,annual,2025,Sales,40605013.0
ANL,annual,2024,Sales,36517176.0
ANL,annual,2023,Sales,31571123.0
ANL,annual,2026,Profit after Taxation,869871.0
ANL,annual,2025,Profit after Taxation,704708.0
ANL,annual,2024,Profit after Taxation,675320.0
ANL,annual,2023,Profit after Taxation,1470453.0
ANL,annual,2026,EPS,1.77
ANL,annual,2025,EPS,1.43
ANL,annual,2024,EPS,1.37
ANL,annual,2023,EPS,2.99
ANL,quarterly,Q3 2026,Sales,9395546.0
ANL,quarterly,Q2 2026,Sales,12057251.0
ANL,quarterly,Q1 2026,Sales,9422178.0
ANL,quarterly,Q3 2025,Sales,9183656.0
ANL,quarterly,Q3 2026,Profit after Taxation,177363.0
ANL,quarterly,Q2 2026,Profit after Taxation,207493.0
ANL,quarterly,Q1 2026,Profit after Taxation,114617.0
ANL,quarterly,Q3 2025,Profit after Taxation,214220.0
ANL,quarterly,Q3 2026,EPS,0.36
ANL,quarterly,Q2 2026,EPS,0.43
ANL,quarterly,Q1 2026,EPS,0.23
ANL,quarterly,Q3 2025,EPS,0.44
ANL,annual,2026,Gross Profit Margin (%),11.89
ANL,annual,2025,Gross Profit Margin (%),12.26
ANL,annual,2024,Gross Profit Margin (%),12.55
ANL,annual,2023,Gross Profit Margin (%),16.11
ANL,annual,2026,Net Profit Margin (%),2.05
ANL,annual,2025,Net Profit Margin (%),1.74
ANL,annual,2024,Net Profit Margin (%),1.85
ANL,annual,2023,Net Profit Margin (%),4.66
ANL,annual,2026,EPS Growth (%),23.78
ANL,annual,2025,EPS Growth (%),4.38
ANL,annual,2024,EPS Growth (%),-54.18
ANL,annual,2023,EPS Growth (%),112.06
ANL,annual,2026,PEG,0.26
ANL,annual,2025,PEG,1.76
ANL,annual,2024,PEG,-0.1
ANL,annual,2023,PEG,0.02
ANSM,annual,2025,Sales,1672291.0
ANSM,annual,2024,Sales,716921.0
ANSM,annual,2023,Sales,664347.0
ANSM,annual,2022,Sales,967206.0
ANSM,annual,2025,Profit after Taxation,-1443670.0
ANSM,annual,2024,Profit after Taxation,-858963.0
ANSM,annual,2023,Profit after Taxation,-703236.0
ANSM,annual,2022,Profit after Taxation,-291919.0
ANSM,annual,2025,EPS,-25.72
ANSM,annual,2024,EPS,-15.3
ANSM,annual,2023,EPS,-12.53
ANSM,annual,2022,EPS,-5.2
ANSM,quarterly,Q3 2026,Sales,2870.0
ANSM,quarterly,Q2 2026,Sales,660075.0
ANSM,quarterly,Q1 2026,Sales,31008.0
ANSM,quarterly,Q3 2025,Sales,227896.0
ANSM,quarterly,Q3 2026,Profit after Taxation,-129251.0
ANSM,quarterly,Q2 2026,Profit after Taxation,184029.0
ANSM,quarterly,Q1 2026,Profit after Taxation,-135007.0
ANSM,quarterly,Q3 2025,Profit after Taxation,-66961.0
ANSM,quarterly,Q3 2026,EPS,-2.3
ANSM,quarterly,Q2 2026,EPS,3.28
ANSM,quarterly,Q1 2026,EPS,-2.4
ANSM,quarterly,Q3 2025,EPS,-1.19
ANSM,annual,2025,Gross Profit Margin (%),16.83
ANSM,annual,2024,Gross Profit Margin (%),29.74
ANSM,annual,2023,Gross Profit Margin (%),29.13
ANSM,annual,2022,Gross Profit Margin (%),25.82
ANSM,annual,2025,Net Profit Margin (%),-86.33
ANSM,annual,2024,Net Profit Margin (%),-119.81
ANSM,annual,2023,Net Profit Margin (%),-105.85
ANSM,annual,2022,Net Profit Margin (%),-30.18
ANSM,annual,2025,EPS Growth (%),-68.1
ANSM,annual,2024,EPS Growth (%),-22.11
ANSM,annual,2023,EPS Growth (%),-140.96
ANSM,annual,2022,EPS Growth (%),-13.79
ANSM,annual,2025,PEG,0.01
ANSM,annual,2024,PEG,0.02
ANSM,annual,2023,PEG,0.0
ANSM,annual,2022,PEG,0.08
ANTM,annual,2026,Sales,4541703.0
ANTM,annual,2025,Sales,4492440.0
ANTM,annual,2024,Sales,3460089.0
ANTM,annual,2023,Sales,1676679.0
ANTM,annual,2026,Profit after Taxation,-115047.0
ANTM,annual,2025,Profit after Taxation,-103007.0
ANTM,annual,2024,Profit after Taxation,-110376.0
ANTM,annual,2023,Profit after Taxation,-195735.0
ANTM,annual,2026,EPS,-11.91
ANTM,annual,2025,EPS,-10.66
ANTM,annual,2024,EPS,-11.43
ANTM,annual,2023,EPS,-20.26
ANTM,quarterly,Q3 2026,Sales,1118143.0
ANTM,quarterly,Q2 2026,Sales,1124853.0
ANTM,quarterly,Q1 2026,Sales,1281923.0
ANTM,quarterly,Q3 2025,Sales,1165041.0
ANTM,quarterly,Q3 2026,Profit after Taxation,-34238.0
ANTM,quarterly,Q2 2026,Profit after Taxation,-43141.0
ANTM,quarterly,Q1 2026,Profit after Taxation,-23789.0
ANTM,quarterly,Q3 2025,Profit after Taxation,-14365.0
ANTM,quarterly,Q3 2026,EPS,-3.54
ANTM,quarterly,Q2 2026,EPS,-4.47
ANTM,quarterly,Q1 2026,EPS,-2.46
ANTM,quarterly,Q3 2025,EPS,-1.49
ANTM,annual,2026,Gross Profit Margin (%),0.97
ANTM,annual,2025,Gross Profit Margin (%),1.17
ANTM,annual,2024,Gross Profit Margin (%),1.97
ANTM,annual,2023,Gross Profit Margin (%),-5.03
ANTM,annual,2026,Net Profit Margin (%),-2.53
ANTM,annual,2025,Net Profit Margin (%),-2.29
ANTM,annual,2024,Net Profit Margin (%),-3.19
ANTM,annual,2023,Net Profit Margin (%),-11.67
ANTM,annual,2026,EPS Growth (%),-11.73
ANTM,annual,2025,EPS Growth (%),6.74
ANTM,annual,2024,EPS Growth (%),43.58
ANTM,annual,2023,EPS Growth (%),-302.8
ANTM,annual,2026,PEG,0.59
ANTM,annual,2025,PEG,-0.37
ANTM,annual,2024,PEG,-0.02
ANTM,annual,2023,PEG,0.0
APL,annual,2026,Sales,533096747.0
APL,annual,2025,Sales,474097307.0
APL,annual,2024,Sales,526316756.0
APL,annual,2023,Sales,473938329.0
APL,annual,2026,Profit after Taxation,16958895.0
APL,annual,2025,Profit after Taxation,10392588.0
APL,annual,2024,Profit after Taxation,13821630.0
APL,annual,2023,Profit after Taxation,12460790.0
APL,annual,2026,EPS,136.31
APL,annual,2025,EPS,83.53
APL,annual,2024,EPS,111.09
APL,annual,2023,EPS,100.15
APL,quarterly,Q3 2026,Sales,129009019.0
APL,quarterly,Q2 2026,Sales,122861023.0
APL,quarterly,Q1 2026,Sales,117783636.0
APL,quarterly,Q3 2025,Sales,114918479.0
APL,quarterly,Q3 2026,Profit after Taxation,8344248.0
APL,quarterly,Q2 2026,Profit after Taxation,2609055.0
APL,quarterly,Q1 2026,Profit after Taxation,3811127.0
APL,quarterly,Q3 2025,Profit after Taxation,2575240.0
APL,quarterly,Q3 2026,EPS,67.07
APL,quarterly,Q2 2026,EPS,20.97
APL,quarterly,Q1 2026,EPS,30.63
APL,quarterly,Q3 2025,EPS,20.7
APL,annual,2026,Gross Profit Margin (%),6.02
APL,annual,2025,Gross Profit Margin (%),3.97
APL,annual,2024,Gross Profit Margin (%),4.19
APL,annual,2023,Gross Profit Margin (%),5.5
APL,annual,2026,Net Profit Margin (%),3.18
APL,annual,2025,Net Profit Margin (%),2.19
APL,annual,2024,Net Profit Margin (%),2.63
APL,annual,2023,Net Profit Margin (%),2.63
APL,annual,2026,EPS Growth (%),63.19
APL,annual,2025,EPS Growth (%),-24.81
APL,annual,2024,EPS Growth (%),10.92
APL,annual,2023,EPS Growth (%),-32.78
APL,annual,2026,PEG,0.06
APL,annual,2025,PEG,-0.23
APL,annual,2024,PEG,0.32
APL,annual,2023,PEG,-0.09
APOT,annual,2023,Profit after Taxation,-38947.0
APOT,annual,2022,Profit after Taxation,-43096.0
APOT,annual,2021,Profit after Taxation,-47202.0
APOT,annual,2020,Profit after Taxation,-49808.0
APOT,annual,2023,EPS,-4.7
APOT,annual,2022,EPS,-5.2
APOT,annual,2021,EPS,-5.7
APOT,annual,2020,EPS,-6.01
APOT,quarterly,Q3 2019,Profit after Taxation,14304.0
APOT,quarterly,Q2 2019,Profit after Taxation,14304.0
APOT,quarterly,Q1 2019,Profit after Taxation,15830.0
APOT,quarterly,Q3 2018,Profit after Taxation,-2003.0
APOT,quarterly,Q3 2019,EPS,-1.73
APOT,quarterly,Q2 2019,EPS,-1.73
APOT,quarterly,Q1 2019,EPS,-1.91
APOT,quarterly,Q3 2018,EPS,-0.24
APOT,annual,2023,EPS Growth (%),9.62
APOT,annual,2022,EPS Growth (%),8.77
APOT,annual,2021,EPS Growth (%),5.16
APOT,annual,2020,EPS Growth (%),19.54
APOT,annual,2023,PEG,-0.65
APOT,annual,2022,PEG,-0.65
APOT,annual,2021,PEG,-1.0
APOT,annual,2020,PEG,-0.25
ARCTM,annual,2026,Sales,1901268.0
ARCTM,annual,2025,Sales,2732954.0
ARCTM,annual,2024,Sales,1809851.0
ARCTM,annual,2023,Sales,1577693.0
ARCTM,annual,2026,Profit after Taxation,76421.0
ARCTM,annual,2025,Profit after Taxation,102519.0
ARCTM,annual,2024,Profit after Taxation,119446.0
ARCTM,annual,2023,Profit after Taxation,102375.0
ARCTM,annual,2026,EPS,5.8
ARCTM,annual,2025,EPS,7.78
ARCTM,annual,2024,EPS,8.71
ARCTM,annual,2023,EPS,7.77
ARCTM,quarterly,Q3 2026,Sales,480695.0
ARCTM,quarterly,Q2 2026,Sales,461069.0
ARCTM,quarterly,Q1 2026,Sales,447800.0
ARCTM,quarterly,Q3 2025,Sales,770291.0
ARCTM,quarterly,Q3 2026,Profit after Taxation,20461.0
ARCTM,quarterly,Q2 2026,Profit after Taxation,17312.0
ARCTM,quarterly,Q1 2026,Profit after Taxation,16708.0
ARCTM,quarterly,Q3 2025,Profit after Taxation,18363.0
ARCTM,quarterly,Q3 2026,EPS,1.55
ARCTM,quarterly,Q2 2026,EPS,1.31
ARCTM,quarterly,Q1 2026,EPS,1.27
ARCTM,quarterly,Q3 2025,EPS,1.39
ARCTM,annual,2026,Gross Profit Margin (%),8.65
ARCTM,annual,2025,Gross Profit Margin (%),7.33
ARCTM,annual,2024,Gross Profit Margin (%),12.65
ARCTM,annual,2023,Gross Profit Margin (%),11.54
ARCTM,annual,2026,Net Profit Margin (%),4.02
ARCTM,annual,2025,Net Profit Margin (%),3.75
ARCTM,annual,2024,Net Profit Margin (%),6.6
ARCTM,annual,2023,Net Profit Margin (%),6.49
ARCTM,annual,2026,EPS Growth (%),-25.45
ARCTM,annual,2025,EPS Growth (%),-10.68
ARCTM,annual,2024,EPS Growth (%),12.1
ARCTM,annual,2023,EPS Growth (%),22.56
ARCTM,annual,2026,PEG,-0.29
ARCTM,annual,2025,PEG,-0.41
ARCTM,annual,2024,PEG,0.13
ARCTM,annual,2023,PEG,0.06
ARM,annual,2023,Sales,4912949.0
ARM,annual,2022,Sales,4323853.0
ARM,annual,2021,Sales,3577303.0
ARM,annual,2020,Sales,3299076.0
ARM,annual,2023,Total Income,5190373.0
ARM,annual,2022,Total Income,4555543.0
ARM,annual,2021,Total Income,3818615.0
ARM,annual,2020,Total Income,3459547.0
ARM,annual,2023,Profit after Taxation,301384.0
ARM,annual,2022,Profit after Taxation,384845.0
ARM,annual,2021,Profit after Taxation,-251217.0
ARM,annual,2020,Profit after Taxation,227521.0
ARM,annual,2023,EPS,1.37
ARM,annual,2022,EPS,1.75
ARM,annual,2021,EPS,-1.14
ARM,annual,2020,EPS,1.03
ARM,quarterly,Q2 2024,Sales,1327726.0
ARM,quarterly,Q1 2024,Sales,1270990.0
ARM,quarterly,Q3 2023,Sales,1221936.0
ARM,quarterly,Q2 2023,Sales,1237960.0
ARM,quarterly,Q2 2024,Total Income,1423475.0
ARM,quarterly,Q1 2024,Total Income,1337394.0
ARM,quarterly,Q3 2023,Total Income,1285441.0
ARM,quarterly,Q2 2023,Total Income,1331841.0
ARM,quarterly,Q2 2024,Profit after Taxation,109024.0
ARM,quarterly,Q1 2024,Profit after Taxation,177850.0
ARM,quarterly,Q3 2023,Profit after Taxation,165725.0
ARM,quarterly,Q2 2023,Profit after Taxation,188138.0
ARM,quarterly,Q2 2024,EPS,0.5
ARM,quarterly,Q1 2024,EPS,0.81
ARM,quarterly,Q3 2023,EPS,0.75
ARM,quarterly,Q2 2023,EPS,0.86
ARM,annual,2023,EPS Growth (%),-21.71
ARM,annual,2022,EPS Growth (%),253.51
ARM,annual,2021,EPS Growth (%),-210.68
ARM,annual,2020,EPS Growth (%),-40.8
ARM,annual,2023,PEG,-0.96
ARM,annual,2022,PEG,0.05
ARM,annual,2021,PEG,0.04
ARM,annual,2020,PEG,-0.26
ARMG,annual,2025,Sales,10490.0
ARMG,annual,2024,Sales,16182.0
ARMG,annual,2023,Sales,10363.0
ARMG,annual,2026,Total Income,28021.0
ARMG,annual,2025,Total Income,25890.0
ARMG,annual,2024,Total Income,42039.0
ARMG,annual,2023,Total Income,12697.0
ARMG,annual,2026,Profit after Taxation,12654.0
ARMG,annual,2025,Profit after Taxation,10474.0
ARMG,annual,2024,Profit after Taxation,13617.0
ARMG,annual,2023,Profit after Taxation,19945.0
ARMG,annual,2026,EPS,1.18
ARMG,annual,2025,EPS,0.97
ARMG,annual,2024,EPS,1.27
ARMG,annual,2023,EPS,1.86
ARMG,quarterly,Q3 2025,Sales,2285.0
ARMG,quarterly,Q2 2026,Total Income,5711.0
ARMG,quarterly,Q3 2025,Total Income,5615.0
ARMG,quarterly,Q3 2026,Profit after Taxation,-2151.0
ARMG,quarterly,Q2 2026,Profit after Taxation,2862.0
ARMG,quarterly,Q1 2026,Profit after Taxation,-1052.0
ARMG,quarterly,Q3 2025,Profit after Taxation,1659.0
ARMG,quarterly,Q3 2026,EPS,-0.2
ARMG,quarterly,Q2 2026,EPS,0.27
ARMG,quarterly,Q1 2026,EPS,-0.1
ARMG,quarterly,Q3 2025,EPS,0.15
ARMG,annual,2026,Net Profit Margin (%),45.16
ARMG,annual,2025,Net Profit Margin (%),40.46
ARMG,annual,2024,Net Profit Margin (%),32.39
ARMG,annual,2023,Net Profit Margin (%),157.08
ARMG,annual,2026,EPS Growth (%),21.65
ARMG,annual,2025,EPS Growth (%),-23.62
ARMG,annual,2024,EPS Growth (%),-31.72
ARMG,annual,2023,EPS Growth (%),329.63
ARMG,annual,2026,PEG,2.09
ARMG,annual,2025,PEG,-1.71
ARMG,annual,2024,PEG,-0.43
ARMG,annual,2023,PEG,0.03
ARPAK,annual,2026,Sales,11537.0
ARPAK,annual,2025,Sales,11781.0
ARPAK,annual,2024,Sales,21866.0
ARPAK,annual,2023,Sales,15781.0
ARPAK,annual,2026,Profit after Taxation,277528.0
ARPAK,annual,2025,Profit after Taxation,-125254.0
ARPAK,annual,2024,Profit after Taxation,-249560.0
ARPAK,annual,2023,Profit after Taxation,-76304.0
ARPAK,annual,2026,EPS,69.38
ARPAK,annual,2025,EPS,-31.31
ARPAK,annual,2024,EPS,-62.39
ARPAK,annual,2023,EPS,-19.08
ARPAK,quarterly,Q3 2026,Sales,2751.0
ARPAK,quarterly,Q2 2026,Sales,2904.0
ARPAK,quarterly,Q1 2026,Sales,2801.0
ARPAK,quarterly,Q3 2025,Sales,2687.0
ARPAK,quarterly,Q3 2026,Profit after Taxation,-177082.0
ARPAK,quarterly,Q2 2026,Profit after Taxation,193369.0
ARPAK,quarterly,Q1 2026,Profit after Taxation,-87936.0
ARPAK,quarterly,Q3 2025,Profit after Taxation,-47387.0
ARPAK,quarterly,Q3 2026,EPS,-44.27
ARPAK,quarterly,Q2 2026,EPS,48.34
ARPAK,quarterly,Q1 2026,EPS,-21.98
ARPAK,quarterly,Q3 2025,EPS,-11.85
ARPAK,annual,2026,Net Profit Margin (%),2405.47
ARPAK,annual,2025,Net Profit Margin (%),-1063.2
ARPAK,annual,2024,Net Profit Margin (%),-1141.32
ARPAK,annual,2023,Net Profit Margin (%),-483.52
ARPAK,annual,2026,EPS Growth (%),321.59
ARPAK,annual,2025,EPS Growth (%),49.82
ARPAK,annual,2024,EPS Growth (%),-226.99
ARPAK,annual,2023,EPS Growth (%),3.44
ARPAK,annual,2026,PEG,0.01
ARPAK,annual,2025,PEG,-0.04
ARPAK,annual,2024,PEG,0.0
ARPAK,annual,2023,PEG,-0.93
ARPL,annual,2025,Sales,27406657.0
ARPL,annual,2024,Sales,24773123.0
ARPL,annual,2023,Sales,30012733.0
ARPL,annual,2022,Sales,25154026.0
ARPL,annual,2025,Profit after Taxation,1176961.0
ARPL,annual,2024,Profit after Taxation,-546452.0
ARPL,annual,2023,Profit after Taxation,1244382.0
ARPL,annual,2022,Profit after Taxation,1885066.0
ARPL,annual,2025,EPS,34.05
ARPL,annual,2024,EPS,-15.81
ARPL,annual,2023,EPS,36.47
ARPL,annual,2022,EPS,55.25
ARPL,quarterly,Q3 2026,Sales,7443232.0
ARPL,quarterly,Q2 2026,Sales,7181863.0
ARPL,quarterly,Q1 2026,Sales,7842854.0
ARPL,quarterly,Q3 2025,Sales,6869847.0
ARPL,quarterly,Q3 2026,Profit after Taxation,565423.0
ARPL,quarterly,Q2 2026,Profit after Taxation,335876.0
ARPL,quarterly,Q1 2026,Profit after Taxation,441944.0
ARPL,quarterly,Q3 2025,Profit after Taxation,279712.0
ARPL,quarterly,Q3 2026,EPS,16.36
ARPL,quarterly,Q2 2026,EPS,9.72
ARPL,quarterly,Q1 2026,EPS,12.79
ARPL,quarterly,Q3 2025,EPS,8.09
ARPL,annual,2026,Gross Profit Margin (%),24.11
ARPL,annual,2025,Gross Profit Margin (%),18.17
ARPL,annual,2024,Gross Profit Margin (%),24.88
ARPL,annual,2023,Gross Profit Margin (%),28.71
ARPL,annual,2026,Net Profit Margin (%),4.29
ARPL,annual,2025,Net Profit Margin (%),-2.21
ARPL,annual,2024,Net Profit Margin (%),4.15
ARPL,annual,2023,Net Profit Margin (%),7.49
ARPL,annual,2026,EPS Growth (%),315.37
ARPL,annual,2025,EPS Growth (%),-143.35
ARPL,annual,2024,EPS Growth (%),-33.99
ARPL,annual,2023,EPS Growth (%),-18.38
ARPL,annual,2025,PEG,0.21
ARPL,annual,2024,PEG,-0.23
ARPL,annual,2023,PEG,-0.43
ARUJ,annual,2025,Sales,192.0
ARUJ,annual,2024,Sales,358278.0
ARUJ,annual,2023,Sales,857996.0
ARUJ,annual,2026,EPS,-3.57
ARUJ,annual,2025,EPS,-3.86
ARUJ,annual,2024,EPS,-32.21
ARUJ,annual,2023,EPS,-13.34
ARUJ,quarterly,Q3 2026,EPS,-0.54
ARUJ,quarterly,Q2 2026,EPS,-0.85
ARUJ,quarterly,Q1 2026,EPS,-0.7
ARUJ,quarterly,Q3 2025,EPS,-2.19
ARUJ,annual,2025,Gross Profit Margin (%),-13256.13
ARUJ,annual,2024,Gross Profit Margin (%),-69.28
ARUJ,annual,2023,Gross Profit Margin (%),-7.09
ARUJ,annual,2025,Net Profit Margin (%),-21071.97
ARUJ,annual,2024,Net Profit Margin (%),-94.01
ARUJ,annual,2023,Net Profit Margin (%),-16.26
ARUJ,annual,2026,EPS Growth (%),7.51
ARUJ,annual,2025,EPS Growth (%),88.02
ARUJ,annual,2024,EPS Growth (%),-141.45
ARUJ,annual,2023,EPS Growth (%),-570.35
ARUJ,annual,2026,PEG,-0.4
ARUJ,annual,2025,PEG,-0.03
ARUJ,annual,2024,PEG,0.0
ARUJ,annual,2023,PEG,0.0
ASC,annual,2025,Sales,194747.0
ASC,annual,2024,Sales,724438.0
ASC,annual,2023,Sales,6884918.0
ASC,annual,2022,Sales,6043329.0
ASC,annual,2025,Profit after Taxation,-392078.0
ASC,annual,2024,Profit after Taxation,-3508618.0
ASC,annual,2023,Profit after Taxation,-1821124.0
ASC,annual,2022,Profit after Taxation,-238818.0
ASC,annual,2025,EPS,-1.05
ASC,annual,2024,EPS,-9.36
ASC,annual,2023,EPS,-5.53
ASC,annual,2022,EPS,-0.8
ASC,quarterly,Q3 2026,Sales,547990.0
ASC,quarterly,Q2 2026,Sales,970682.0
ASC,quarterly,Q1 2026,Sales,91845.0
ASC,quarterly,Q3 2025,Sales,45157.0
ASC,quarterly,Q3 2026,Profit after Taxation,-67108.0
ASC,quarterly,Q2 2026,Profit after Taxation,135116.0
ASC,quarterly,Q1 2026,Profit after Taxation,-201808.0
ASC,quarterly,Q3 2025,Profit after Taxation,-84155.0
ASC,quarterly,Q3 2026,EPS,-0.18
ASC,quarterly,Q2 2026,EPS,0.36
ASC,quarterly,Q1 2026,EPS,-0.54
ASC,quarterly,Q3 2025,EPS,-0.22
ASC,annual,2025,Gross Profit Margin (%),-151.57
ASC,annual,2024,Gross Profit Margin (%),-86.93
ASC,annual,2023,Gross Profit Margin (%),8.78
ASC,annual,2022,Gross Profit Margin (%),13.79
ASC,annual,2025,Net Profit Margin (%),-201.33
ASC,annual,2024,Net Profit Margin (%),-484.32
ASC,annual,2023,Net Profit Margin (%),-26.45
ASC,annual,2022,Net Profit Margin (%),-3.95
ASC,annual,2025,EPS Growth (%),88.78
ASC,annual,2024,EPS Growth (%),-69.26
ASC,annual,2023,EPS Growth (%),-591.25
ASC,annual,2022,EPS Growth (%),-310.53
ASC,annual,2025,PEG,-0.08
ASC,annual,2024,PEG,0.01
ASC,annual,2023,PEG,0.0
ASC,annual,2022,PEG,0.04
ASHT,annual,2026,Profit after Taxation,-16902.0
ASHT,annual,2025,Profit after Taxation,5994.0
ASHT,annual,2024,Profit after Taxation,-57851.0
ASHT,annual,2023,Profit after Taxation,-79878.0
ASHT,annual,2026,EPS,-0.36
ASHT,annual,2025,EPS,0.13
ASHT,annual,2024,EPS,-1.24
ASHT,annual,2023,EPS,-1.72
ASHT,quarterly,Q3 2026,Profit after Taxation,-11268.0
ASHT,quarterly,Q2 2026,Profit after Taxation,-4015.0
ASHT,quarterly,Q1 2026,Profit after Taxation,5059.0
ASHT,quarterly,Q3 2025,Profit after Taxation,12240.0
ASHT,quarterly,Q3 2026,EPS,-0.24
ASHT,quarterly,Q2 2026,EPS,-0.09
ASHT,quarterly,Q1 2026,EPS,0.01
ASHT,quarterly,Q3 2025,EPS,0.26
ASHT,annual,2026,Gross Profit Margin (%),4.32
ASHT,annual,2025,Gross Profit Margin (%),9.39
ASHT,annual,2024,Gross Profit Margin (%),-7.97
ASHT,annual,2023,Gross Profit Margin (%),-25.34
ASHT,annual,2026,Net Profit Margin (%),-3.68
ASHT,annual,2025,Net Profit Margin (%),1.32
ASHT,annual,2024,Net Profit Margin (%),-12.67
ASHT,annual,2023,Net Profit Margin (%),-23.77
ASHT,annual,2026,EPS Growth (%),-376.92
ASHT,annual,2025,EPS Growth (%),110.48
ASHT,annual,2024,EPS Growth (%),27.91
ASHT,annual,2023,EPS Growth (%),-519.51
ASHT,annual,2026,PEG,0.27
ASHT,annual,2025,PEG,2.16
ASHT,annual,2024,PEG,-0.35
ASHT,annual,2023,PEG,0.01
ASIC,annual,2025,Profit after Taxation,178330.0
ASIC,annual,2024,Profit after Taxation,168387.0
ASIC,annual,2023,Profit after Taxation,85699.0
ASIC,annual,2022,Profit after Taxation,-73831.0
ASIC,annual,2025,EPS,2.44
ASIC,annual,2024,EPS,2.31
ASIC,annual,2023,EPS,1.17
ASIC,annual,2022,EPS,-1.01
ASIC,quarterly,Q2 2026,Profit after Taxation,75970.0
ASIC,quarterly,Q1 2026,Profit after Taxation,6747.0
ASIC,quarterly,Q3 2025,Profit after Taxation,80771.0
ASIC,quarterly,Q2 2025,Profit after Taxation,33519.0
ASIC,quarterly,Q2 2026,EPS,1.04
ASIC,quarterly,Q1 2026,EPS,0.09
ASIC,quarterly,Q3 2025,EPS,1.11
ASIC,quarterly,Q2 2025,EPS,0.46
ASIC,annual,2025,Gross Profit Margin (%),3.3
ASIC,annual,2024,Gross Profit Margin (%),1.61
ASIC,annual,2023,Gross Profit Margin (%),0.88
ASIC,annual,2022,Gross Profit Margin (%),-10.14
ASIC,annual,2025,Net Profit Margin (%),16.35
ASIC,annual,2024,Net Profit Margin (%),16.99
ASIC,annual,2023,Net Profit Margin (%),10.36
ASIC,annual,2022,Net Profit Margin (%),-10.04
ASIC,annual,2025,EPS Growth (%),5.63
ASIC,annual,2024,EPS Growth (%),97.44
ASIC,annual,2023,EPS Growth (%),215.84
ASIC,annual,2022,EPS Growth (%),-352.5
ASIC,annual,2025,PEG,1.44
ASIC,annual,2024,PEG,0.06
ASIC,annual,2023,PEG,0.06
ASIC,annual,2022,PEG,0.04
ASL,annual,2026,Sales,54235224.0
ASL,annual,2025,Sales,33751703.0
ASL,annual,2024,Sales,42749652.0
ASL,annual,2023,Sales,31102382.0
ASL,annual,2026,Profit after Taxation,981149.0
ASL,annual,2025,Profit after Taxation,-1351854.0
ASL,annual,2024,Profit after Taxation,-132470.0
ASL,annual,2023,Profit after Taxation,-3215653.0
ASL,annual,2026,EPS,0.99
ASL,annual,2025,EPS,-1.55
ASL,annual,2024,EPS,-0.26
ASL,annual,2023,EPS,-3.56
ASL,quarterly,Q3 2026,Sales,13985588.0
ASL,quarterly,Q2 2026,Sales,11105331.0
ASL,quarterly,Q1 2026,Sales,9462646.0
ASL,quarterly,Q3 2025,Sales,8865844.0
ASL,quarterly,Q3 2026,Profit after Taxation,67635.0
ASL,quarterly,Q2 2026,Profit after Taxation,-50550.0
ASL,quarterly,Q1 2026,Profit after Taxation,82040.0
ASL,quarterly,Q3 2025,Profit after Taxation,317091.0
ASL,quarterly,Q3 2026,EPS,0.06
ASL,quarterly,Q2 2026,EPS,-0.07
ASL,quarterly,Q1 2026,EPS,0.07
ASL,quarterly,Q3 2025,EPS,0.32
ASL,annual,2026,Gross Profit Margin (%),10.94
ASL,annual,2025,Gross Profit Margin (%),4.94
ASL,annual,2024,Gross Profit Margin (%),8.96
ASL,annual,2023,Gross Profit Margin (%),6.47
ASL,annual,2026,Net Profit Margin (%),1.81
ASL,annual,2025,Net Profit Margin (%),-4.01
ASL,annual,2024,Net Profit Margin (%),-0.31
ASL,annual,2023,Net Profit Margin (%),-10.34
ASL,annual,2026,EPS Growth (%),163.87
ASL,annual,2025,EPS Growth (%),-496.15
ASL,annual,2024,EPS Growth (%),92.7
ASL,annual,2023,EPS Growth (%),-380.31
ASL,annual,2026,PEG,0.08
ASL,annual,2025,PEG,0.01
ASL,annual,2024,PEG,-0.31
ASL,annual,2023,PEG,0.0
ASRL,annual,2016,Profit after Taxation,-16860.0
ASRL,annual,2015,Profit after Taxation,2647.0
ASRL,annual,2014,Profit after Taxation,9272.0
ASRL,annual,2016,EPS,-4.74
ASRL,annual,2015,EPS,0.74
ASRL,annual,2014,EPS,2.61
ASRL,quarterly,Q1 2017,Profit after Taxation,225.0
ASRL,quarterly,Q3 2016,Profit after Taxation,-725.0
ASRL,quarterly,Q2 2016,Profit after Taxation,-16787.0
ASRL,quarterly,Q1 2016,Profit after Taxation,314.0
ASRL,quarterly,Q1 2017,EPS,0.06
ASRL,quarterly,Q3 2016,EPS,-0.2
ASRL,quarterly,Q2 2016,EPS,-4.72
ASRL,quarterly,Q1 2016,EPS,0.09
ASRL,annual,2016,EPS Growth (%),-740.54
ASRL,annual,2015,EPS Growth (%),-71.65
ASRL,annual,2016,PEG,0.02
ASRL,annual,2015,PEG,-0.47
ASTL,annual,2026,Sales,21344119.0
ASTL,annual,2025,Sales,16082614.0
ASTL,annual,2024,Sales,38775737.0
ASTL,annual,2023,Sales,45492724.0
ASTL,annual,2026,Profit after Taxation,547921.0
ASTL,annual,2025,Profit after Taxation,-3811359.0
ASTL,annual,2024,Profit after Taxation,-6106723.0
ASTL,annual,2023,Profit after Taxation,-697196.0
ASTL,annual,2026,EPS,1.69
ASTL,annual,2025,EPS,-12.83
ASTL,annual,2024,EPS,-20.56
ASTL,annual,2023,EPS,-2.35
ASTL,quarterly,Q3 2026,Sales,5889521.0
ASTL,quarterly,Q2 2026,Sales,4357839.0
ASTL,quarterly,Q1 2026,Sales,2792610.0
ASTL,quarterly,Q3 2025,Sales,4109589.0
ASTL,quarterly,Q3 2026,Profit after Taxation,-305343.0
ASTL,quarterly,Q2 2026,Profit after Taxation,1964557.0
ASTL,quarterly,Q1 2026,Profit after Taxation,-790358.0
ASTL,quarterly,Q3 2025,Profit after Taxation,-985543.0
ASTL,quarterly,Q3 2026,EPS,-1.03
ASTL,quarterly,Q2 2026,EPS,6.61
ASTL,quarterly,Q1 2026,EPS,-2.66
ASTL,quarterly,Q3 2025,EPS,-3.32
ASTL,annual,2026,Gross Profit Margin (%),6.27
ASTL,annual,2025,Gross Profit Margin (%),0.47
ASTL,annual,2024,Gross Profit Margin (%),6.19
ASTL,annual,2023,Gross Profit Margin (%),13.09
ASTL,annual,2026,Net Profit Margin (%),2.57
ASTL,annual,2025,Net Profit Margin (%),-23.7
ASTL,annual,2024,Net Profit Margin (%),-15.75
ASTL,annual,2023,Net Profit Margin (%),-1.53
ASTL,annual,2026,EPS Growth (%),113.17
ASTL,annual,2025,EPS Growth (%),37.6
ASTL,annual,2024,EPS Growth (%),-774.89
ASTL,annual,2023,EPS Growth (%),-152.69
ASTL,annual,2026,PEG,0.09
ASTL,annual,2025,PEG,-0.05
ASTL,annual,2024,PEG,0.0
ASTL,annual,2023,PEG,0.04
ASTM,annual,2026,Sales,2042149.0
ASTM,annual,2025,Sales,2181698.0
ASTM,annual,2024,Sales,1812690.0
ASTM,annual,2023,Sales,354678.0
ASTM,annual,2026,Profit after Taxation,12017.0
ASTM,annual,2025,Profit after Taxation,19875.0
ASTM,annual,2024,Profit after Taxation,-26560.0
ASTM,annual,2023,Profit after Taxation,-29509.0
ASTM,annual,2026,EPS,0.79
ASTM,annual,2025,EPS,1.31
ASTM,annual,2024,EPS,-1.75
ASTM,annual,2023,EPS,-1.94
ASTM,quarterly,Q3 2026,Sales,618861.0
ASTM,quarterly,Q2 2026,Sales,550050.0
ASTM,quarterly,Q1 2026,Sales,459255.0
ASTM,quarterly,Q3 2025,Sales,586597.0
ASTM,quarterly,Q3 2026,Profit after Taxation,47811.0
ASTM,quarterly,Q2 2026,Profit after Taxation,15848.0
ASTM,quarterly,Q1 2026,Profit after Taxation,4849.0
ASTM,quarterly,Q3 2025,Profit after Taxation,45190.0
ASTM,quarterly,Q3 2026,EPS,3.15
ASTM,quarterly,Q2 2026,EPS,1.04
ASTM,quarterly,Q1 2026,EPS,0.32
ASTM,quarterly,Q3 2025,EPS,2.98
ASTM,annual,2026,Gross Profit Margin (%),2.97
ASTM,annual,2025,Gross Profit Margin (%),4.14
ASTM,annual,2024,Gross Profit Margin (%),-1.28
ASTM,annual,2023,Gross Profit Margin (%),-8.82
ASTM,annual,2026,Net Profit Margin (%),0.59
ASTM,annual,2025,Net Profit Margin (%),0.91
ASTM,annual,2024,Net Profit Margin (%),-1.47
ASTM,annual,2023,Net Profit Margin (%),-8.32
ASTM,annual,2026,EPS Growth (%),-39.69
ASTM,annual,2025,EPS Growth (%),174.86
ASTM,annual,2024,EPS Growth (%),9.79
ASTM,annual,2023,EPS Growth (%),-189.81
ASTM,annual,2026,PEG,-0.74
ASTM,annual,2025,PEG,0.07
ASTM,annual,2024,PEG,-0.6
ASTM,annual,2023,PEG,0.01
ATBA,annual,2026,Profit after Taxation,-370687.0
ATBA,annual,2025,Profit after Taxation,91205.0
ATBA,annual,2024,Profit after Taxation,1343649.0
ATBA,annual,2023,Profit after Taxation,2201242.0
ATBA,annual,2026,EPS,-10.59
ATBA,annual,2025,EPS,2.6
ATBA,annual,2024,EPS,38.37
ATBA,annual,2023,EPS,62.86
ATBA,quarterly,Q3 2026,Profit after Taxation,-49691.0
ATBA,quarterly,Q2 2026,Profit after Taxation,2169.0
ATBA,quarterly,Q1 2026,Profit after Taxation,-3258.0
ATBA,quarterly,Q3 2025,Profit after Taxation,-149588.0
ATBA,quarterly,Q3 2026,EPS,-1.42
ATBA,quarterly,Q2 2026,EPS,0.06
ATBA,quarterly,Q1 2026,EPS,1.44
ATBA,quarterly,Q3 2025,EPS,-4.27
ATBA,annual,2026,Gross Profit Margin (%),8.47
ATBA,annual,2025,Gross Profit Margin (%),11.25
ATBA,annual,2024,Gross Profit Margin (%),14.31
ATBA,annual,2023,Gross Profit Margin (%),15.42
ATBA,annual,2026,Net Profit Margin (%),-1.06
ATBA,annual,2025,Net Profit Margin (%),0.26
ATBA,annual,2024,Net Profit Margin (%),3.24
ATBA,annual,2023,Net Profit Margin (%),5.26
ATBA,annual,2026,EPS Growth (%),-507.31
ATBA,annual,2025,EPS Growth (%),-93.22
ATBA,annual,2024,EPS Growth (%),-38.96
ATBA,annual,2023,EPS Growth (%),219.25
ATBA,annual,2026,PEG,0.04
ATBA,annual,2025,PEG,-1.12
ATBA,annual,2024,PEG,-0.2
ATBA,annual,2023,PEG,0.01
ATIL,annual,2025,Profit after Taxation,2076787.0
ATIL,annual,2024,Profit after Taxation,1888762.0
ATIL,annual,2023,Profit after Taxation,1007167.0
ATIL,annual,2022,Profit after Taxation,719314.0
ATIL,annual,2025,EPS,13.9
ATIL,annual,2024,EPS,12.64
ATIL,annual,2023,EPS,6.74
ATIL,annual,2022,EPS,4.81
ATIL,quarterly,Q2 2026,Profit after Taxation,646363.0
ATIL,quarterly,Q1 2026,Profit after Taxation,540307.0
ATIL,quarterly,Q3 2025,Profit after Taxation,499262.0
ATIL,quarterly,Q2 2025,Profit after Taxation,473284.0
ATIL,quarterly,Q2 2026,EPS,4.33
ATIL,quarterly,Q1 2026,EPS,3.62
ATIL,quarterly,Q3 2025,EPS,3.34
ATIL,quarterly,Q2 2025,EPS,3.17
ATIL,annual,2025,Gross Profit Margin (%),34.01
ATIL,annual,2024,Gross Profit Margin (%),35.87
ATIL,annual,2023,Gross Profit Margin (%),38.67
ATIL,annual,2022,Gross Profit Margin (%),42.94
ATIL,annual,2025,Net Profit Margin (%),58.61
ATIL,annual,2024,Net Profit Margin (%),65.48
ATIL,annual,2023,Net Profit Margin (%),42.28
ATIL,annual,2022,Net Profit Margin (%),33.72
ATIL,annual,2025,EPS Growth (%),9.97
ATIL,annual,2024,EPS Growth (%),87.54
ATIL,annual,2023,EPS Growth (%),40.12
ATIL,annual,2022,EPS Growth (%),-46.26
ATIL,annual,2025,PEG,0.54
ATIL,annual,2024,PEG,0.05
ATIL,annual,2023,PEG,0.15
ATIL,annual,2022,PEG,-0.25
ATLH,annual,2026,Sales,273926855.0
ATLH,annual,2025,Sales,203894438.0
ATLH,annual,2024,Sales,159292229.0
ATLH,annual,2023,Sales,135485652.0
ATLH,annual,2026,Profit after Taxation,21120458.0
ATLH,annual,2025,Profit after Taxation,15251615.0
ATLH,annual,2024,Profit after Taxation,9708045.0
ATLH,annual,2023,Profit after Taxation,5004155.0
ATLH,annual,2026,EPS,170.21
ATLH,annual,2025,EPS,122.91
ATLH,annual,2024,EPS,78.24
ATLH,annual,2023,EPS,40.33
ATLH,quarterly,Q1 2027,Sales,81537222.0
ATLH,quarterly,Q3 2026,Sales,73235941.0
ATLH,quarterly,Q2 2026,Sales,63056321.0
ATLH,quarterly,Q1 2026,Sales,62281291.0
ATLH,quarterly,Q1 2027,Profit after Taxation,6016340.0
ATLH,quarterly,Q3 2026,Profit after Taxation,5636120.0
ATLH,quarterly,Q2 2026,Profit after Taxation,4810466.0
ATLH,quarterly,Q1 2026,Profit after Taxation,4807266.0
ATLH,quarterly,Q1 2027,EPS,48.48
ATLH,quarterly,Q3 2026,EPS,45.42
ATLH,quarterly,Q2 2026,EPS,38.77
ATLH,quarterly,Q1 2026,EPS,38.74
ATLH,annual,2026,Gross Profit Margin (%),13.23
ATLH,annual,2025,Gross Profit Margin (%),10.88
ATLH,annual,2024,Gross Profit Margin (%),7.68
ATLH,annual,2023,Gross Profit Margin (%),7.14
ATLH,annual,2026,Net Profit Margin (%),7.71
ATLH,annual,2025,Net Profit Margin (%),7.48
ATLH,annual,2024,Net Profit Margin (%),6.09
ATLH,annual,2023,Net Profit Margin (%),3.69
ATLH,annual,2026,EPS Growth (%),38.48
ATLH,annual,2025,EPS Growth (%),57.09
ATLH,annual,2024,EPS Growth (%),94.0
ATLH,annual,2023,EPS Growth (%),-10.4
ATLH,annual,2026,PEG,0.23
ATLH,annual,2025,PEG,0.13
ATLH,annual,2024,PEG,0.05
ATLH,annual,2023,PEG,-0.64
ATRL,annual,2026,Sales,341588520.0
ATRL,annual,2025,Sales,301329807.0
ATRL,annual,2024,Sales,382916673.0
ATRL,annual,2023,Sales,369221549.0
ATRL,annual,2026,Profit after Taxation,22103325.0
ATRL,annual,2025,Profit after Taxation,11972065.0
ATRL,annual,2024,Profit after Taxation,25243861.0
ATRL,annual,2023,Profit after Taxation,29225232.0
ATRL,annual,2026,EPS,207.32
ATRL,annual,2025,EPS,112.3
ATRL,annual,2024,EPS,236.76
ATRL,annual,2023,EPS,274.12
ATRL,quarterly,Q3 2026,Sales,87726400.0
ATRL,quarterly,Q2 2026,Sales,77752978.0
ATRL,quarterly,Q1 2026,Sales,59310672.0
ATRL,quarterly,Q3 2025,Sales,74555863.0
ATRL,quarterly,Q3 2026,Profit after Taxation,11344927.0
ATRL,quarterly,Q2 2026,Profit after Taxation,3568130.0
ATRL,quarterly,Q1 2026,Profit after Taxation,1451878.0
ATRL,quarterly,Q3 2025,Profit after Taxation,1702652.0
ATRL,quarterly,Q3 2026,EPS,106.41
ATRL,quarterly,Q2 2026,EPS,33.46
ATRL,quarterly,Q1 2026,EPS,13.62
ATRL,quarterly,Q3 2025,EPS,15.97
ATRL,annual,2026,Gross Profit Margin (%),9.16
ATRL,annual,2025,Gross Profit Margin (%),3.23
ATRL,annual,2024,Gross Profit Margin (%),7.52
ATRL,annual,2023,Gross Profit Margin (%),12.2
ATRL,annual,2026,Net Profit Margin (%),6.47
ATRL,annual,2025,Net Profit Margin (%),3.97
ATRL,annual,2024,Net Profit Margin (%),6.59
ATRL,annual,2023,Net Profit Margin (%),7.92
ATRL,annual,2026,EPS Growth (%),84.61
ATRL,annual,2025,EPS Growth (%),-52.57
ATRL,annual,2024,EPS Growth (%),-13.63
ATRL,annual,2023,EPS Growth (%),194.31
ATRL,annual,2026,PEG,0.05
ATRL,annual,2025,PEG,-0.12
ATRL,annual,2024,PEG,-0.11
ATRL,annual,2023,PEG,0.0
AVN,annual,2025,Sales,3101473.0
AVN,annual,2024,Sales,3102844.0
AVN,annual,2023,Sales,2857594.0
AVN,annual,2022,Sales,1864524.0
AVN,annual,2025,Profit after Taxation,60181.0
AVN,annual,2024,Profit after Taxation,539096.0
AVN,annual,2023,Profit after Taxation,1625082.0
AVN,annual,2022,Profit after Taxation,1736812.0
AVN,annual,2025,EPS,0.14
AVN,annual,2024,EPS,1.37
AVN,annual,2023,EPS,3.93
AVN,annual,2022,EPS,4.62
AVN,quarterly,Q2 2026,Sales,848155.0
AVN,quarterly,Q1 2026,Sales,686669.0
AVN,quarterly,Q3 2025,Sales,597520.0
AVN,quarterly,Q2 2025,Sales,792470.0
AVN,quarterly,Q2 2026,Profit after Taxation,-130699.0
AVN,quarterly,Q1 2026,Profit after Taxation,64546.0
AVN,quarterly,Q3 2025,Profit after Taxation,-2476.0
AVN,quarterly,Q2 2025,Profit after Taxation,75410.0
AVN,quarterly,Q2 2026,EPS,-0.3
AVN,quarterly,Q1 2026,EPS,0.15
AVN,quarterly,Q3 2025,EPS,-0.01
AVN,quarterly,Q2 2025,EPS,0.18
AVN,annual,2025,Gross Profit Margin (%),24.66
AVN,annual,2024,Gross Profit Margin (%),32.45
AVN,annual,2023,Gross Profit Margin (%),32.44
AVN,annual,2022,Gross Profit Margin (%),29.97
AVN,annual,2025,Net Profit Margin (%),1.94
AVN,annual,2024,Net Profit Margin (%),17.37
AVN,annual,2023,Net Profit Margin (%),56.87
AVN,annual,2022,Net Profit Margin (%),93.15
AVN,annual,2025,EPS Growth (%),-89.78
AVN,annual,2024,EPS Growth (%),-65.14
AVN,annual,2023,EPS Growth (%),-14.94
AVN,annual,2022,EPS Growth (%),47.13
AVN,annual,2025,PEG,-3.47
AVN,annual,2024,PEG,-0.69
AVN,annual,2023,PEG,-0.98
AVN,annual,2022,PEG,0.3
AWTX,annual,2026,Sales,4869717.0
AWTX,annual,2025,Sales,4353513.0
AWTX,annual,2024,Sales,6118254.0
AWTX,annual,2023,Sales,3775806.0
AWTX,annual,2026,Profit after Taxation,-42585.0
AWTX,annual,2025,Profit after Taxation,-69831.0
AWTX,annual,2024,Profit after Taxation,-249767.0
AWTX,annual,2023,Profit after Taxation,-164767.0
AWTX,annual,2026,EPS,-53.23
AWTX,annual,2025,EPS,-87.29
AWTX,annual,2024,EPS,-312.21
AWTX,annual,2023,EPS,-205.96
AWTX,quarterly,Q3 2026,Sales,1291616.0
AWTX,quarterly,Q2 2026,Sales,1274889.0
AWTX,quarterly,Q1 2026,Sales,1367435.0
AWTX,quarterly,Q3 2025,Sales,1365569.0
AWTX,quarterly,Q3 2026,Profit after Taxation,-26285.0
AWTX,quarterly,Q2 2026,Profit after Taxation,-6007.0
AWTX,quarterly,Q1 2026,Profit after Taxation,10145.0
AWTX,quarterly,Q3 2025,Profit after Taxation,59031.0
AWTX,quarterly,Q3 2026,EPS,-32.86
AWTX,quarterly,Q2 2026,EPS,-7.51
AWTX,quarterly,Q1 2026,EPS,12.68
AWTX,quarterly,Q3 2025,EPS,73.79
AWTX,annual,2026,Gross Profit Margin (%),2.29
AWTX,annual,2025,Gross Profit Margin (%),3.53
AWTX,annual,2024,Gross Profit Margin (%),4.46
AWTX,annual,2023,Gross Profit Margin (%),3.83
AWTX,annual,2026,Net Profit Margin (%),-0.87
AWTX,annual,2025,Net Profit Margin (%),-1.6
AWTX,annual,2024,Net Profit Margin (%),-4.08
AWTX,annual,2023,Net Profit Margin (%),-4.36
AWTX,annual,2026,EPS Growth (%),39.02
AWTX,annual,2025,EPS Growth (%),72.04
AWTX,annual,2024,EPS Growth (%),-51.59
AWTX,annual,2023,EPS Growth (%),-214.51
AWTX,annual,2026,PEG,-0.75
AWTX,annual,2025,PEG,-0.21
AWTX,annual,2024,PEG,0.08
AWTX,annual,2023,PEG,0.05
AWWAL,annual,2022,Total Income,97427.0
AWWAL,annual,2021,Total Income,92794.0
AWWAL,annual,2020,Total Income,176325.0
AWWAL,annual,2019,Total Income,185381.0
AWWAL,annual,2022,Profit after Taxation,27854.0
AWWAL,annual,2021,Profit after Taxation,41028.0
AWWAL,annual,2020,Profit after Taxation,102646.0
AWWAL,annual,2019,Profit after Taxation,111383.0
AWWAL,annual,2022,EPS,0.28
AWWAL,annual,2021,EPS,0.41
AWWAL,annual,2020,EPS,1.03
AWWAL,annual,2019,EPS,1.11
AWWAL,quarterly,Q3 2023,Total Income,29710.0
AWWAL,quarterly,Q2 2023,Total Income,41248.0
AWWAL,quarterly,Q1 2023,Total Income,29819.0
AWWAL,quarterly,Q3 2022,Total Income,27186.0
AWWAL,quarterly,Q3 2023,Profit after Taxation,16732.0
AWWAL,quarterly,Q2 2023,Profit after Taxation,23133.0
AWWAL,quarterly,Q1 2023,Profit after Taxation,17170.0
AWWAL,quarterly,Q3 2022,Profit after Taxation,15457.0
AWWAL,quarterly,Q3 2023,EPS,0.17
AWWAL,quarterly,Q2 2023,EPS,0.23
AWWAL,quarterly,Q1 2023,EPS,0.17
AWWAL,quarterly,Q3 2022,EPS,0.15
AWWAL,annual,2022,EPS Growth (%),-31.71
AWWAL,annual,2021,EPS Growth (%),-60.19
AWWAL,annual,2020,EPS Growth (%),-7.21
AWWAL,annual,2019,EPS Growth (%),-39.67
AWWAL,annual,2022,PEG,-1.17
AWWAL,annual,2021,PEG,-0.45
AWWAL,annual,2020,PEG,-1.45
AWWAL,annual,2019,PEG,-0.25
AYTM,annual,2016,Sales,364876.0
AYTM,annual,2019,Profit after Taxation,-525812.0
AYTM,annual,2018,Profit after Taxation,-31012.0
AYTM,annual,2017,Profit after Taxation,-194585.0
AYTM,annual,2016,Profit after Taxation,-302155.0
AYTM,annual,2019,EPS,-375.58
AYTM,annual,2018,EPS,-22.15
AYTM,annual,2017,EPS,-138.99
AYTM,annual,2016,EPS,-215.83
AYTM,quarterly,Q1 2020,Profit after Taxation,1943.0
AYTM,quarterly,Q3 2019,Profit after Taxation,607.0
AYTM,quarterly,Q2 2019,Profit after Taxation,3026.0
AYTM,quarterly,Q1 2020,EPS,1.39
AYTM,quarterly,Q3 2019,EPS,0.43
AYTM,quarterly,Q2 2019,EPS,2.16
AYTM,annual,2016,Gross Profit Margin (%),-68.82
AYTM,annual,2016,Net Profit Margin (%),-82.81
AYTM,annual,2019,EPS Growth (%),-1595.62
AYTM,annual,2018,EPS Growth (%),84.06
AYTM,annual,2017,EPS Growth (%),35.6
AYTM,annual,2016,EPS Growth (%),-439.58
AYTM,annual,2019,PEG,0.0
AYTM,annual,2018,PEG,-0.23
AYTM,annual,2017,PEG,-0.09
AYTM,annual,2016,PEG,0.0
AZTM,annual,2014,Sales,1074323.0
AZTM,annual,2013,Sales,1050652.0
AZTM,annual,2014,Profit after Taxation,-6350.0
AZTM,annual,2013,Profit after Taxation,12997.0
AZTM,annual,2014,EPS,-0.74
AZTM,annual,2013,EPS,1.52
AZTM,annual,2014,Gross Profit Margin (%),2.27
AZTM,annual,2013,Gross Profit Margin (%),5.66
AZTM,annual,2014,Net Profit Margin (%),-0.59
AZTM,annual,2013,Net Profit Margin (%),1.24
AZTM,annual,2014,EPS Growth (%),-148.68
BAFL,annual,2025,Mark-up Earned,356931566.0
BAFL,annual,2024,Mark-up Earned,506898096.0
BAFL,annual,2023,Mark-up Earned,411947673.0
BAFL,annual,2022,Mark-up Earned,213897437.0
BAFL,annual,2025,Total Income,183362306.0
BAFL,annual,2024,Total Income,171231922.0
BAFL,annual,2023,Total Income,154134295.0
BAFL,annual,2022,Total Income,99125584.0
BAFL,annual,2025,Profit after Taxation,28337057.0
BAFL,annual,2024,Profit after Taxation,38318131.0
BAFL,annual,2023,Profit after Taxation,36456372.0
BAFL,annual,2022,Profit after Taxation,18206445.0
BAFL,quarterly,Q2 2026,Mark-up Earned,99660807.0
BAFL,quarterly,Q1 2026,Mark-up Earned,74037355.0
BAFL,quarterly,Q3 2025,Mark-up Earned,82433777.0
BAFL,quarterly,Q2 2025,Mark-up Earned,93294585.0
BAFL,quarterly,Q2 2026,Total Income,52766786.0
BAFL,quarterly,Q1 2026,Total Income,53371209.0
BAFL,quarterly,Q3 2025,Total Income,45060122.0
BAFL,quarterly,Q2 2025,Total Income,49342706.0
BAFL,quarterly,Q2 2026,Profit after Taxation,10200532.0
BAFL,quarterly,Q1 2026,Profit after Taxation,11126356.0
BAFL,quarterly,Q3 2025,Profit after Taxation,6164604.0
BAFL,quarterly,Q2 2025,Profit after Taxation,8234479.0
BAFL,annual,2025,Net Profit Margin (%),7.94
BAFL,annual,2024,Net Profit Margin (%),7.56
BAFL,annual,2023,Net Profit Margin (%),8.85
BAFL,annual,2022,Net Profit Margin (%),8.51
BAFL,annual,2025,EPS Growth (%),-26.05
BAFL,annual,2024,EPS Growth (%),5.1
BAFL,annual,2023,EPS Growth (%),125.12
BAFL,annual,2022,EPS Growth (%),28.37
BAFL,annual,2025,PEG,-0.23
BAFL,annual,2024,PEG,0.67
BAFL,annual,2023,PEG,0.02
BAFL,annual,2022,PEG,0.1
BAFS,annual,2025,Sales,10246168.0
BAFS,annual,2024,Sales,5840322.0
BAFS,annual,2023,Sales,4543139.0
BAFS,annual,2022,Sales,3938712.0
BAFS,annual,2025,Profit after Taxation,814797.0
BAFS,annual,2024,Profit after Taxation,-623367.0
BAFS,annual,2023,Profit after Taxation,36083.0
BAFS,annual,2022,Profit after Taxation,-242297.0
BAFS,annual,2025,EPS,86.22
BAFS,annual,2024,EPS,-65.96
BAFS,annual,2023,EPS,3.82
BAFS,annual,2022,EPS,-25.64
BAFS,quarterly,Q3 2026,Sales,1636832.0
BAFS,quarterly,Q2 2026,Sales,790807.0
BAFS,quarterly,Q1 2026,Sales,238347.0
BAFS,quarterly,Q3 2025,Sales,3674221.0
BAFS,quarterly,Q3 2026,Profit after Taxation,-235346.0
BAFS,quarterly,Q2 2026,Profit after Taxation,-88654.0
BAFS,quarterly,Q1 2026,Profit after Taxation,-93562.0
BAFS,quarterly,Q3 2025,Profit after Taxation,446245.0
BAFS,quarterly,Q3 2026,EPS,-24.9
BAFS,quarterly,Q2 2026,EPS,-9.38
BAFS,quarterly,Q1 2026,EPS,-9.9
BAFS,quarterly,Q3 2025,EPS,47.22
BAFS,annual,2025,Gross Profit Margin (%),15.95
BAFS,annual,2024,Gross Profit Margin (%),4.45
BAFS,annual,2023,Gross Profit Margin (%),12.12
BAFS,annual,2022,Gross Profit Margin (%),-1.33
BAFS,annual,2025,Net Profit Margin (%),7.95
BAFS,annual,2024,Net Profit Margin (%),-10.67
BAFS,annual,2023,Net Profit Margin (%),0.79
BAFS,annual,2022,Net Profit Margin (%),-6.15
BAFS,annual,2025,EPS Growth (%),230.72
BAFS,annual,2024,EPS Growth (%),-1826.7
BAFS,annual,2023,EPS Growth (%),114.9
BAFS,annual,2022,EPS Growth (%),-298.3
BAFS,annual,2025,PEG,0.01
BAFS,annual,2024,PEG,0.0
BAFS,annual,2023,PEG,0.07
BAFS,annual,2022,PEG,0.0
BAHL,annual,2025,Mark-up Earned,337140672.0
BAHL,annual,2024,Mark-up Earned,478031023.0
BAHL,annual,2023,Mark-up Earned,373902458.0
BAHL,annual,2022,Mark-up Earned,200920884.0
BAHL,annual,2025,Total Income,159066328.0
BAHL,annual,2024,Total Income,181732014.0
BAHL,annual,2023,Total Income,147374866.0
BAHL,annual,2022,Total Income,98515101.0
BAHL,annual,2025,Profit after Taxation,30637408.0
BAHL,annual,2024,Profit after Taxation,39862187.0
BAHL,annual,2023,Profit after Taxation,35319375.0
BAHL,annual,2022,Profit after Taxation,16570229.0
BAHL,annual,2025,EPS,27.57
BAHL,annual,2024,EPS,35.87
BAHL,annual,2023,EPS,31.78
BAHL,annual,2022,EPS,14.91
BAHL,quarterly,Q2 2026,Mark-up Earned,84932139.0
BAHL,quarterly,Q1 2026,Mark-up Earned,82528369.0
BAHL,quarterly,Q3 2025,Mark-up Earned,82427674.0
BAHL,quarterly,Q2 2025,Mark-up Earned,85089257.0
BAHL,quarterly,Q2 2026,Total Income,43629234.0
BAHL,quarterly,Q1 2026,Total Income,40010582.0
BAHL,quarterly,Q3 2025,Total Income,38805983.0
BAHL,quarterly,Q2 2025,Total Income,40382583.0
BAHL,quarterly,Q2 2026,Profit after Taxation,8002254.0
BAHL,quarterly,Q1 2026,Profit after Taxation,7088194.0
BAHL,quarterly,Q3 2025,Profit after Taxation,5084366.0
BAHL,quarterly,Q2 2025,Profit after Taxation,9111063.0
BAHL,quarterly,Q2 2026,EPS,7.2
BAHL,quarterly,Q1 2026,EPS,6.38
BAHL,quarterly,Q3 2025,EPS,5.46
BAHL,quarterly,Q2 2025,EPS,8.2
BAHL,annual,2025,Net Profit Margin (%),9.09
BAHL,annual,2024,Net Profit Margin (%),8.34
BAHL,annual,2023,Net Profit Margin (%),9.45
BAHL,annual,2022,Net Profit Margin (%),8.25
BAHL,annual,2025,EPS Growth (%),-23.14
BAHL,annual,2024,EPS Growth (%),12.87
BAHL,annual,2023,EPS Growth (%),113.15
BAHL,annual,2022,EPS Growth (%),-11.41
BAHL,annual,2025,PEG,-0.29
BAHL,annual,2024,PEG,0.28
BAHL,annual,2023,PEG,0.02
BAHL,annual,2022,PEG,-0.32
BAPL,annual,2026,Profit after Taxation,-63048.0
BAPL,annual,2025,Profit after Taxation,-54049.0
BAPL,annual,2024,Profit after Taxation,-22623.0
BAPL,annual,2023,Profit after Taxation,59388.0
BAPL,annual,2026,EPS,-8.4
BAPL,annual,2025,EPS,-7.2
BAPL,annual,2024,EPS,-3.02
BAPL,annual,2023,EPS,7.92
BAPL,quarterly,Q3 2026,Profit after Taxation,-14289.0
BAPL,quarterly,Q2 2026,Profit after Taxation,-34545.0
BAPL,quarterly,Q1 2026,Profit after Taxation,-5661.0
BAPL,quarterly,Q3 2025,Profit after Taxation,-1353.0
BAPL,quarterly,Q3 2026,EPS,-1.9
BAPL,quarterly,Q2 2026,EPS,-4.6
BAPL,quarterly,Q1 2026,EPS,-0.75
BAPL,quarterly,Q3 2025,EPS,-0.18
BAPL,annual,2026,EPS Growth (%),-16.67
BAPL,annual,2025,EPS Growth (%),-138.41
BAPL,annual,2024,EPS Growth (%),-138.13
BAPL,annual,2023,EPS Growth (%),754.55
BAPL,annual,2026,PEG,0.24
BAPL,annual,2025,PEG,0.04
BAPL,annual,2024,PEG,0.08
BAPL,annual,2023,PEG,0.0
BATA,annual,2025,Sales,17776670.0
BATA,annual,2024,Sales,18332461.0
BATA,annual,2023,Sales,19262623.0
BATA,annual,2022,Sales,17733994.0
BATA,annual,2025,Profit after Taxation,-2385054.0
BATA,annual,2024,Profit after Taxation,850730.0
BATA,annual,2023,Profit after Taxation,916288.0
BATA,annual,2022,Profit after Taxation,874288.0
BATA,annual,2025,EPS,-315.48
BATA,annual,2024,EPS,112.53
BATA,annual,2023,EPS,121.2
BATA,annual,2022,EPS,115.65
BATA,quarterly,Q2 2026,Sales,4032973.0
BATA,quarterly,Q1 2026,Sales,5737841.0
BATA,quarterly,Q3 2025,Sales,3971552.0
BATA,quarterly,Q2 2025,Sales,3775859.0
BATA,quarterly,Q2 2026,Profit after Taxation,-41802.0
BATA,quarterly,Q1 2026,Profit after Taxation,-149348.0
BATA,quarterly,Q3 2025,Profit after Taxation,-242311.0
BATA,quarterly,Q2 2025,Profit after Taxation,-536344.0
BATA,quarterly,Q2 2026,EPS,-5.53
BATA,quarterly,Q1 2026,EPS,-19.76
BATA,quarterly,Q3 2025,EPS,-32.05
BATA,quarterly,Q2 2025,EPS,-70.94
BATA,annual,2025,Gross Profit Margin (%),39.49
BATA,annual,2024,Gross Profit Margin (%),49.17
BATA,annual,2023,Gross Profit Margin (%),47.48
BATA,annual,2022,Gross Profit Margin (%),48.43
BATA,annual,2025,Net Profit Margin (%),-13.42
BATA,annual,2024,Net Profit Margin (%),4.64
BATA,annual,2023,Net Profit Margin (%),4.76
BATA,annual,2022,Net Profit Margin (%),4.93
BATA,annual,2025,EPS Growth (%),-380.35
BATA,annual,2024,EPS Growth (%),-7.15
BATA,annual,2023,EPS Growth (%),4.8
BATA,annual,2022,EPS Growth (%),60.11
BATA,annual,2025,PEG,0.01
BATA,annual,2024,PEG,-2.51
BATA,annual,2023,PEG,2.98
BATA,annual,2022,PEG,0.31
BBFL,annual,2026,Sales,14764227.0
BBFL,annual,2025,Sales,11364831.0
BBFL,annual,2024,Sales,7209868.0
BBFL,annual,2026,EPS,3.8
BBFL,annual,2025,EPS,3.75
BBFL,annual,2024,EPS,2.8
BBFL,quarterly,Q3 2026,Sales,3853569.0
BBFL,quarterly,Q2 2026,Sales,3842098.0
BBFL,quarterly,Q1 2026,Sales,3886132.0
BBFL,quarterly,Q3 2025,Sales,3443379.0
BBFL,quarterly,Q3 2026,EPS,1.18
BBFL,quarterly,Q2 2026,EPS,1.06
BBFL,quarterly,Q1 2026,EPS,1.11
BBFL,quarterly,Q3 2025,EPS,1.1
BBFL,annual,2026,Gross Profit Margin (%),20.8
BBFL,annual,2025,Gross Profit Margin (%),20.96
BBFL,annual,2024,Gross Profit Margin (%),22.02
BBFL,annual,2023,Gross Profit Margin (%),9.41
BBFL,annual,2026,Net Profit Margin (%),7.92
BBFL,annual,2025,Net Profit Margin (%),9.86
BBFL,annual,2024,Net Profit Margin (%),13.33
BBFL,annual,2023,Net Profit Margin (%),-1.27
BBFL,annual,2026,EPS Growth (%),1.33
BBFL,annual,2025,EPS Growth (%),33.93
BBFL,annual,2024,EPS Growth (%),817.95
BBFL,annual,2026,PEG,9.08
BBFL,annual,2025,PEG,0.4
BCL,annual,2026,Sales,1694002.0
BCL,annual,2025,Sales,1712641.0
BCL,annual,2024,Sales,3390175.0
BCL,annual,2023,Sales,2164908.0
BCL,annual,2026,Profit after Taxation,69943.0
BCL,annual,2025,Profit after Taxation,-19145.0
BCL,annual,2024,Profit after Taxation,118667.0
BCL,annual,2023,Profit after Taxation,-24725.0
BCL,annual,2026,EPS,6.1
BCL,annual,2025,EPS,-1.67
BCL,annual,2024,EPS,10.34
BCL,annual,2023,EPS,-2.16
BCL,quarterly,Q3 2026,Sales,462854.0
BCL,quarterly,Q2 2026,Sales,421858.0
BCL,quarterly,Q1 2026,Sales,292872.0
BCL,quarterly,Q3 2025,Sales,622192.0
BCL,quarterly,Q3 2026,Profit after Taxation,6605.0
BCL,quarterly,Q2 2026,Profit after Taxation,-34036.0
BCL,quarterly,Q1 2026,Profit after Taxation,10912.0
BCL,quarterly,Q3 2025,Profit after Taxation,15307.0
BCL,quarterly,Q3 2026,EPS,0.58
BCL,quarterly,Q2 2026,EPS,-2.97
BCL,quarterly,Q1 2026,EPS,0.95
BCL,quarterly,Q3 2025,EPS,1.33
BCL,annual,2026,Gross Profit Margin (%),15.39
BCL,annual,2025,Gross Profit Margin (%),9.15
BCL,annual,2024,Gross Profit Margin (%),17.12
BCL,annual,2023,Gross Profit Margin (%),9.56
BCL,annual,2026,Net Profit Margin (%),4.13
BCL,annual,2025,Net Profit Margin (%),-1.12
BCL,annual,2024,Net Profit Margin (%),3.5
BCL,annual,2023,Net Profit Margin (%),-1.14
BCL,annual,2026,EPS Growth (%),465.27
BCL,annual,2025,EPS Growth (%),-116.15
BCL,annual,2024,EPS Growth (%),578.7
BCL,annual,2023,EPS Growth (%),-261.19
BCL,annual,2026,PEG,0.03
BCL,annual,2025,PEG,0.53
BCL,annual,2024,PEG,0.02
BCL,annual,2023,PEG,0.06
BCML,annual,2021,Sales,388102.0
BCML,annual,2020,Sales,1548962.0
BCML,annual,2019,Sales,2218285.0
BCML,annual,2018,Sales,1890012.0
BCML,annual,2021,Profit after Taxation,-272144.0
BCML,annual,2020,Profit after Taxation,-387598.0
BCML,annual,2019,Profit after Taxation,-39018.0
BCML,annual,2018,Profit after Taxation,-84439.0
BCML,annual,2021,EPS,-74.52
BCML,annual,2020,EPS,-106.13
BCML,annual,2019,EPS,-10.68
BCML,annual,2018,EPS,-23.12
BCML,quarterly,Q2 2021,Sales,242039.0
BCML,quarterly,Q1 2021,Sales,115758.0
BCML,quarterly,Q1 2022,Profit after Taxation,-24512.0
BCML,quarterly,Q3 2021,Profit after Taxation,-26387.0
BCML,quarterly,Q2 2021,Profit after Taxation,-116723.0
BCML,quarterly,Q1 2021,Profit after Taxation,-101580.0
BCML,quarterly,Q1 2022,EPS,-6.71
BCML,quarterly,Q3 2021,EPS,-7.22
BCML,quarterly,Q2 2021,EPS,-31.96
BCML,quarterly,Q1 2021,EPS,-27.81
BCML,annual,2021,Gross Profit Margin (%),-34.78
BCML,annual,2020,Gross Profit Margin (%),-7.62
BCML,annual,2019,Gross Profit Margin (%),5.48
BCML,annual,2018,Gross Profit Margin (%),-1.77
BCML,annual,2021,Net Profit Margin (%),-70.12
BCML,annual,2020,Net Profit Margin (%),-25.02
BCML,annual,2019,Net Profit Margin (%),-1.76
BCML,annual,2018,Net Profit Margin (%),-4.47
BCML,annual,2021,EPS Growth (%),29.78
BCML,annual,2020,EPS Growth (%),-893.73
BCML,annual,2019,EPS Growth (%),53.81
BCML,annual,2018,EPS Growth (%),-185.08
BCML,annual,2021,PEG,-0.02
BCML,annual,2020,PEG,0.0
BCML,annual,2019,PEG,-0.07
BCML,annual,2018,PEG,0.01
BECO,annual,2026,Sales,9860503.0
BECO,annual,2025,Sales,7451485.0
BECO,annual,2024,Sales,3098017.0
BECO,annual,2023,Sales,3752110.0
BECO,annual,2026,Profit after Taxation,311475.0
BECO,annual,2025,Profit after Taxation,111485.0
BECO,annual,2024,Profit after Taxation,-90828.0
BECO,annual,2023,Profit after Taxation,-204125.0
BECO,annual,2026,EPS,0.25
BECO,annual,2025,EPS,0.89
BECO,annual,2024,EPS,-0.73
BECO,annual,2023,EPS,-1.63
BECO,quarterly,Q3 2026,Sales,3671993.0
BECO,quarterly,Q2 2026,Sales,1493959.0
BECO,quarterly,Q1 2026,Sales,2316597.0
BECO,quarterly,Q3 2025,Sales,1738104.0
BECO,quarterly,Q3 2026,Profit after Taxation,269466.0
BECO,quarterly,Q2 2026,Profit after Taxation,62253.0
BECO,quarterly,Q1 2026,Profit after Taxation,149955.0
BECO,quarterly,Q3 2025,Profit after Taxation,10038.0
BECO,quarterly,Q3 2026,EPS,0.22
BECO,quarterly,Q2 2026,EPS,0.05
BECO,quarterly,Q1 2026,EPS,1.2
BECO,quarterly,Q3 2025,EPS,0.08
BECO,annual,2026,Gross Profit Margin (%),4.33
BECO,annual,2025,Gross Profit Margin (%),5.18
BECO,annual,2024,Gross Profit Margin (%),7.21
BECO,annual,2023,Gross Profit Margin (%),-0.53
BECO,annual,2026,Net Profit Margin (%),3.16
BECO,annual,2025,Net Profit Margin (%),1.5
BECO,annual,2024,Net Profit Margin (%),-2.93
BECO,annual,2023,Net Profit Margin (%),-5.44
BECO,annual,2026,EPS Growth (%),-71.91
BECO,annual,2025,EPS Growth (%),221.92
BECO,annual,2024,EPS Growth (%),55.21
BECO,annual,2023,EPS Growth (%),-255.24
BECO,annual,2026,PEG,-0.3
BECO,annual,2025,PEG,0.09
BECO,annual,2024,PEG,-0.16
BECO,annual,2023,PEG,0.02
BELA,annual,2025,Profit after Taxation,-24515.0
BELA,annual,2024,Profit after Taxation,-27233.0
BELA,annual,2023,Profit after Taxation,-7132.0
BELA,annual,2022,Profit after Taxation,-2979.0
BELA,annual,2025,EPS,-4.23
BELA,annual,2024,EPS,-4.7
BELA,annual,2023,EPS,-1.23
BELA,annual,2022,EPS,-0.51
BELA,quarterly,Q3 2026,Profit after Taxation,-3545.0
BELA,quarterly,Q2 2026,Profit after Taxation,-8518.0
BELA,quarterly,Q1 2026,Profit after Taxation,-4080.0
BELA,quarterly,Q3 2025,Profit after Taxation,-3619.0
BELA,quarterly,Q3 2026,EPS,-0.61
BELA,quarterly,Q2 2026,EPS,-1.47
BELA,quarterly,Q1 2026,EPS,-0.7
BELA,quarterly,Q3 2025,EPS,-0.62
BELA,annual,2025,EPS Growth (%),10.0
BELA,annual,2024,EPS Growth (%),-282.11
BELA,annual,2023,EPS Growth (%),-141.18
BELA,annual,2022,EPS Growth (%),16.39
BELA,annual,2025,PEG,-2.75
BELA,annual,2024,PEG,0.08
BELA,annual,2023,PEG,0.01
BELA,annual,2022,PEG,-0.16
BERG,annual,2026,Sales,9176156.0
BERG,annual,2025,Sales,8944694.0
BERG,annual,2024,Sales,8543907.0
BERG,annual,2023,Sales,7341165.0
BERG,annual,2026,Profit after Taxation,309427.0
BERG,annual,2025,Profit after Taxation,298523.0
BERG,annual,2024,Profit after Taxation,262863.0
BERG,annual,2023,Profit after Taxation,240061.0
BERG,annual,2026,EPS,12.6
BERG,annual,2025,EPS,12.16
BERG,annual,2024,EPS,10.71
BERG,annual,2023,EPS,9.78
BERG,quarterly,Q3 2026,Sales,2171082.0
BERG,quarterly,Q2 2026,Sales,2576359.0
BERG,quarterly,Q1 2026,Sales,2124374.0
BERG,quarterly,Q3 2025,Sales,2143825.0
BERG,quarterly,Q3 2026,Profit after Taxation,68159.0
BERG,quarterly,Q2 2026,Profit after Taxation,108020.0
BERG,quarterly,Q1 2026,Profit after Taxation,69299.0
BERG,quarterly,Q3 2025,Profit after Taxation,69704.0
BERG,quarterly,Q3 2026,EPS,2.78
BERG,quarterly,Q2 2026,EPS,4.0
BERG,quarterly,Q1 2026,EPS,2.82
BERG,quarterly,Q3 2025,EPS,2.84
BERG,annual,2026,Gross Profit Margin (%),23.2
BERG,annual,2025,Gross Profit Margin (%),20.73
BERG,annual,2024,Gross Profit Margin (%),20.15
BERG,annual,2023,Gross Profit Margin (%),20.2
BERG,annual,2026,Net Profit Margin (%),3.37
BERG,annual,2025,Net Profit Margin (%),3.34
BERG,annual,2024,Net Profit Margin (%),3.08
BERG,annual,2023,Net Profit Margin (%),3.27
BERG,annual,2026,EPS Growth (%),3.62
BERG,annual,2025,EPS Growth (%),13.54
BERG,annual,2024,EPS Growth (%),9.51
BERG,annual,2023,EPS Growth (%),18.98
BERG,annual,2026,PEG,2.63
BERG,annual,2025,PEG,0.67
BERG,annual,2024,PEG,0.71
BERG,annual,2023,PEG,0.26
BFAGRO,annual,2026,Sales,7685659.0
BFAGRO,annual,2025,Sales,7247000.0
BFAGRO,annual,2024,Sales,6068439.0
BFAGRO,annual,2026,Profit after Taxation,627242.0
BFAGRO,annual,2025,Profit after Taxation,741687.0
BFAGRO,annual,2024,Profit after Taxation,379763.0
BFAGRO,annual,2026,EPS,2.02
BFAGRO,annual,2025,EPS,3.68
BFAGRO,annual,2024,EPS,4.22
BFAGRO,quarterly,Q3 2026,Sales,1957187.0
BFAGRO,quarterly,Q2 2026,Sales,2108200.0
BFAGRO,quarterly,Q1 2026,Sales,1878239.0
BFAGRO,quarterly,Q3 2025,Sales,1822596.0
BFAGRO,quarterly,Q3 2026,Profit after Taxation,174514.0
BFAGRO,quarterly,Q2 2026,Profit after Taxation,138882.0
BFAGRO,quarterly,Q1 2026,Profit after Taxation,161174.0
BFAGRO,quarterly,Q3 2025,Profit after Taxation,172793.0
BFAGRO,quarterly,Q3 2026,EPS,0.56
BFAGRO,quarterly,Q2 2026,EPS,0.45
BFAGRO,quarterly,Q1 2026,EPS,0.52
BFAGRO,quarterly,Q3 2025,EPS,0.65
BFAGRO,annual,2026,Gross Profit Margin (%),13.49
BFAGRO,annual,2025,Gross Profit Margin (%),13.49
BFAGRO,annual,2024,Gross Profit Margin (%),11.53
BFAGRO,annual,2023,Gross Profit Margin (%),10.36
BFAGRO,annual,2026,Net Profit Margin (%),8.16
BFAGRO,annual,2025,Net Profit Margin (%),10.23
BFAGRO,annual,2024,Net Profit Margin (%),6.26
BFAGRO,annual,2023,Net Profit Margin (%),3.43
BFAGRO,annual,2026,EPS Growth (%),-45.11
BFAGRO,annual,2025,EPS Growth (%),-12.8
BFAGRO,annual,2024,EPS Growth (%),-97.44
BFAGRO,annual,2026,PEG,-0.4
BFAGRO,annual,2025,PEG,-0.87
BFAGRO,annual,2024,PEG,-0.03
BFBIO,annual,2026,Sales,9461253.0
BFBIO,annual,2025,Sales,5837466.0
BFBIO,annual,2026,Profit after Taxation,632127.0
BFBIO,annual,2025,Profit after Taxation,447147.0
BFBIO,annual,2026,EPS,7.16
BFBIO,annual,2025,EPS,5.52
BFBIO,quarterly,Q3 2026,Sales,2135491.0
BFBIO,quarterly,Q2 2026,Sales,2668125.0
BFBIO,quarterly,Q1 2026,Sales,2432294.0
BFBIO,quarterly,Q3 2025,Sales,1500469.0
BFBIO,quarterly,Q3 2026,Profit after Taxation,117646.0
BFBIO,quarterly,Q2 2026,Profit after Taxation,187782.0
BFBIO,quarterly,Q1 2026,Profit after Taxation,159521.0
BFBIO,quarterly,Q3 2025,Profit after Taxation,124527.0
BFBIO,quarterly,Q3 2026,EPS,1.33
BFBIO,quarterly,Q2 2026,EPS,2.13
BFBIO,quarterly,Q1 2026,EPS,1.81
BFBIO,quarterly,Q3 2025,EPS,1.59
BFBIO,annual,2026,Gross Profit Margin (%),43.2
BFBIO,annual,2025,Gross Profit Margin (%),39.19
BFBIO,annual,2024,Gross Profit Margin (%),41.89
BFBIO,annual,2026,Net Profit Margin (%),6.68
BFBIO,annual,2025,Net Profit Margin (%),7.66
BFBIO,annual,2024,Net Profit Margin (%),10.53
BFBIO,annual,2026,EPS Growth (%),29.71
BFBIO,annual,2025,EPS Growth (%),-9.36
BFBIO,annual,2026,PEG,0.67
BFBIO,annual,2025,PEG,-3.27
BFMOD,annual,2026,Total Income,17091.0
BFMOD,annual,2025,Total Income,33145.0
BFMOD,annual,2024,Total Income,18787.0
BFMOD,annual,2023,Total Income,10642.0
BFMOD,annual,2026,Profit after Taxation,3521.0
BFMOD,annual,2025,Profit after Taxation,14697.0
BFMOD,annual,2024,Profit after Taxation,6269.0
BFMOD,annual,2023,Profit after Taxation,-5999.0
BFMOD,annual,2026,EPS,0.47
BFMOD,annual,2025,EPS,1.96
BFMOD,annual,2024,EPS,0.83
BFMOD,annual,2023,EPS,-0.8
BFMOD,quarterly,Q3 2026,Total Income,3156.0
BFMOD,quarterly,Q2 2026,Total Income,3103.0
BFMOD,quarterly,Q1 2026,Total Income,7912.0
BFMOD,quarterly,Q3 2025,Total Income,4344.0
BFMOD,quarterly,Q3 2026,Profit after Taxation,148.0
BFMOD,quarterly,Q2 2026,Profit after Taxation,-526.0
BFMOD,quarterly,Q1 2026,Profit after Taxation,3893.0
BFMOD,quarterly,Q3 2025,Profit after Taxation,1556.0
BFMOD,quarterly,Q3 2026,EPS,0.02
BFMOD,quarterly,Q2 2026,EPS,-0.07
BFMOD,quarterly,Q1 2026,EPS,0.52
BFMOD,quarterly,Q3 2025,EPS,0.21
BFMOD,annual,2026,EPS Growth (%),-76.02
BFMOD,annual,2025,EPS Growth (%),136.14
BFMOD,annual,2024,EPS Growth (%),203.75
BFMOD,annual,2023,EPS Growth (%),60.22
BFMOD,annual,2026,PEG,-0.63
BFMOD,annual,2025,PEG,0.04
BFMOD,annual,2024,PEG,0.03
BFMOD,annual,2023,PEG,-0.09
BGL,annual,2026,Sales,24085.0
BGL,annual,2025,Sales,717833.0
BGL,annual,2024,Sales,161345.0
BGL,annual,2023,Sales,186006.0
BGL,annual,2026,Profit after Taxation,-517237.0
BGL,annual,2025,Profit after Taxation,-713459.0
BGL,annual,2024,Profit after Taxation,-508722.0
BGL,annual,2023,Profit after Taxation,-135055.0
BGL,annual,2026,EPS,-0.81
BGL,annual,2025,EPS,-1.85
BGL,annual,2024,EPS,-1.94
BGL,annual,2023,EPS,-0.52
BGL,quarterly,Q3 2026,Sales,4852.0
BGL,quarterly,Q2 2026,Sales,2582.0
BGL,quarterly,Q1 2026,Sales,13979.0
BGL,quarterly,Q3 2025,Sales,75579.0
BGL,quarterly,Q3 2026,Profit after Taxation,-121427.0
BGL,quarterly,Q2 2026,Profit after Taxation,-111381.0
BGL,quarterly,Q1 2026,Profit after Taxation,-124926.0
BGL,quarterly,Q3 2025,Profit after Taxation,-124829.0
BGL,quarterly,Q3 2026,EPS,-0.19
BGL,quarterly,Q2 2026,EPS,-0.18
BGL,quarterly,Q1 2026,EPS,-0.2
BGL,quarterly,Q3 2025,EPS,-0.33
BGL,annual,2026,Gross Profit Margin (%),-1270.73
BGL,annual,2025,Gross Profit Margin (%),-64.61
BGL,annual,2024,Gross Profit Margin (%),-177.68
BGL,annual,2023,Gross Profit Margin (%),-104.13
BGL,annual,2026,Net Profit Margin (%),-2147.55
BGL,annual,2025,Net Profit Margin (%),-99.39
BGL,annual,2024,Net Profit Margin (%),-315.3
BGL,annual,2023,Net Profit Margin (%),-72.61
BGL,annual,2026,EPS Growth (%),56.22
BGL,annual,2025,EPS Growth (%),4.64
BGL,annual,2024,EPS Growth (%),-273.08
BGL,annual,2023,EPS Growth (%),49.51
BGL,annual,2026,PEG,-0.26
BGL,annual,2025,PEG,-1.42
BGL,annual,2024,PEG,0.02
BGL,annual,2023,PEG,-0.4
BHAT,annual,2026,Sales,33721521.0
BHAT,annual,2025,Sales,32907546.0
BHAT,annual,2024,Sales,33057245.0
BHAT,annual,2023,Sales,18545108.0
BHAT,annual,2026,Profit after Taxation,700269.0
BHAT,annual,2025,Profit after Taxation,114229.0
BHAT,annual,2024,Profit after Taxation,-131761.0
BHAT,annual,2023,Profit after Taxation,1581480.0
BHAT,annual,2026,EPS,230.28
BHAT,annual,2025,EPS,37.56
BHAT,annual,2024,EPS,-43.36
BHAT,annual,2023,EPS,527.16
BHAT,quarterly,Q3 2026,Sales,8888135.0
BHAT,quarterly,Q2 2026,Sales,7699534.0
BHAT,quarterly,Q1 2026,Sales,8260461.0
BHAT,quarterly,Q3 2025,Sales,8216698.0
BHAT,quarterly,Q3 2026,Profit after Taxation,23488.0
BHAT,quarterly,Q2 2026,Profit after Taxation,13408.0
BHAT,quarterly,Q1 2026,Profit after Taxation,27608.0
BHAT,quarterly,Q3 2025,Profit after Taxation,33953.0
BHAT,quarterly,Q3 2026,EPS,7.72
BHAT,quarterly,Q2 2026,EPS,4.41
BHAT,quarterly,Q1 2026,EPS,9.08
BHAT,quarterly,Q3 2025,EPS,11.17
BHAT,annual,2026,Gross Profit Margin (%),8.81
BHAT,annual,2025,Gross Profit Margin (%),7.86
BHAT,annual,2024,Gross Profit Margin (%),9.18
BHAT,annual,2023,Gross Profit Margin (%),16.12
BHAT,annual,2026,Net Profit Margin (%),2.08
BHAT,annual,2025,Net Profit Margin (%),0.35
BHAT,annual,2024,Net Profit Margin (%),-0.4
BHAT,annual,2023,Net Profit Margin (%),8.53
BHAT,annual,2026,EPS Growth (%),513.1
BHAT,annual,2025,EPS Growth (%),186.62
BHAT,annual,2024,EPS Growth (%),-108.23
BHAT,annual,2023,EPS Growth (%),-42.66
BHAT,annual,2026,PEG,0.01
BHAT,annual,2025,PEG,0.14
BHAT,annual,2024,PEG,0.22
BHAT,annual,2023,PEG,-0.04
BIFO,annual,2026,Sales,3192781.0
BIFO,annual,2025,Sales,2902086.0
BIFO,annual,2024,Sales,2405082.0
BIFO,annual,2023,Sales,2713098.0
BIFO,annual,2026,Profit after Taxation,388936.0
BIFO,annual,2025,Profit after Taxation,389490.0
BIFO,annual,2024,Profit after Taxation,295027.0
BIFO,annual,2023,Profit after Taxation,607679.0
BIFO,annual,2026,EPS,8.39
BIFO,annual,2025,EPS,8.4
BIFO,annual,2024,EPS,6.36
BIFO,annual,2023,EPS,13.1
BIFO,quarterly,Q3 2026,Sales,895637.0
BIFO,quarterly,Q2 2026,Sales,697556.0
BIFO,quarterly,Q1 2026,Sales,1117653.0
BIFO,quarterly,Q3 2025,Sales,973127.0
BIFO,quarterly,Q3 2026,Profit after Taxation,84656.0
BIFO,quarterly,Q2 2026,Profit after Taxation,88565.0
BIFO,quarterly,Q1 2026,Profit after Taxation,154397.0
BIFO,quarterly,Q3 2025,Profit after Taxation,148547.0
BIFO,quarterly,Q3 2026,EPS,1.83
BIFO,quarterly,Q2 2026,EPS,1.91
BIFO,quarterly,Q1 2026,EPS,3.33
BIFO,quarterly,Q3 2025,EPS,3.2
BIFO,annual,2026,Gross Profit Margin (%),36.28
BIFO,annual,2025,Gross Profit Margin (%),35.73
BIFO,annual,2024,Gross Profit Margin (%),42.22
BIFO,annual,2023,Gross Profit Margin (%),43.64
BIFO,annual,2026,Net Profit Margin (%),12.18
BIFO,annual,2025,Net Profit Margin (%),13.42
BIFO,annual,2024,Net Profit Margin (%),12.27
BIFO,annual,2023,Net Profit Margin (%),22.4
BIFO,annual,2026,EPS Growth (%),-0.12
BIFO,annual,2025,EPS Growth (%),32.08
BIFO,annual,2024,EPS Growth (%),-51.45
BIFO,annual,2023,EPS Growth (%),145.32
BIFO,annual,2026,PEG,-134.02
BIFO,annual,2025,PEG,0.65
BIFO,annual,2024,PEG,-0.31
BIFO,annual,2023,PEG,0.03
BILF,annual,2024,Profit after Taxation,-20180.0
BILF,annual,2023,Profit after Taxation,-23466.0
BILF,annual,2022,Profit after Taxation,-55558.0
BILF,annual,2021,Profit after Taxation,-5296.0
BILF,annual,2024,EPS,-1.43
BILF,annual,2023,EPS,-1.66
BILF,annual,2022,EPS,-3.94
BILF,annual,2021,EPS,-0.38
BILF,quarterly,Q3 2025,Profit after Taxation,-150.0
BILF,quarterly,Q2 2025,Profit after Taxation,94.0
BILF,quarterly,Q1 2025,Profit after Taxation,-4595.0
BILF,quarterly,Q3 2024,Profit after Taxation,-4573.0
BILF,quarterly,Q3 2025,EPS,-0.01
BILF,quarterly,Q2 2025,EPS,0.01
BILF,quarterly,Q1 2025,EPS,-0.33
BILF,quarterly,Q3 2024,EPS,-0.32
BILF,annual,2024,EPS Growth (%),13.86
BILF,annual,2023,EPS Growth (%),57.87
BILF,annual,2022,EPS Growth (%),-936.84
BILF,annual,2021,EPS Growth (%),82.08
BILF,annual,2024,PEG,-0.15
BILF,annual,2023,PEG,-0.02
BILF,annual,2022,PEG,0.0
BILF,annual,2021,PEG,-0.12
BIPL,annual,2025,Mark-up Earned,74234782.0
BIPL,annual,2024,Mark-up Earned,112800697.0
BIPL,annual,2023,Mark-up Earned,92756237.0
BIPL,annual,2022,Mark-up Earned,46345194.0
BIPL,annual,2025,Total Income,45165817.0
BIPL,annual,2024,Total Income,50977162.0
BIPL,annual,2023,Total Income,43494329.0
BIPL,annual,2022,Total Income,24001221.0
BIPL,annual,2025,Profit after Taxation,6002782.0
BIPL,annual,2024,Profit after Taxation,11833541.0
BIPL,annual,2023,Profit after Taxation,11045099.0
BIPL,annual,2022,Profit after Taxation,4439635.0
BIPL,annual,2025,EPS,5.41
BIPL,annual,2024,EPS,10.67
BIPL,annual,2023,EPS,9.96
BIPL,annual,2022,EPS,4.0
BIPL,quarterly,Q2 2026,Mark-up Earned,17688704.0
BIPL,quarterly,Q1 2026,Mark-up Earned,16679593.0
BIPL,quarterly,Q3 2025,Mark-up Earned,17191281.0
BIPL,quarterly,Q2 2025,Mark-up Earned,19131802.0
BIPL,quarterly,Q2 2026,Total Income,10669271.0
BIPL,quarterly,Q1 2026,Total Income,9807875.0
BIPL,quarterly,Q3 2025,Total Income,10166306.0
BIPL,quarterly,Q2 2025,Total Income,11049351.0
BIPL,quarterly,Q2 2026,Profit after Taxation,1120155.0
BIPL,quarterly,Q1 2026,Profit after Taxation,900105.0
BIPL,quarterly,Q3 2025,Profit after Taxation,859680.0
BIPL,quarterly,Q2 2025,Profit after Taxation,1795281.0
BIPL,quarterly,Q2 2026,EPS,1.01
BIPL,quarterly,Q1 2026,EPS,0.81
BIPL,quarterly,Q3 2025,EPS,0.6
BIPL,quarterly,Q2 2025,EPS,1.62
BIPL,annual,2025,Net Profit Margin (%),8.09
BIPL,annual,2024,Net Profit Margin (%),10.49
BIPL,annual,2023,Net Profit Margin (%),11.91
BIPL,annual,2022,Net Profit Margin (%),9.58
BIPL,annual,2025,EPS Growth (%),-49.31
BIPL,annual,2024,EPS Growth (%),7.14
BIPL,annual,2023,EPS Growth (%),148.79
BIPL,annual,2022,EPS Growth (%),108.3
BIPL,annual,2025,PEG,-0.12
BIPL,annual,2024,PEG,0.3
BIPL,annual,2023,PEG,0.01
BIPL,annual,2022,PEG,0.03
BIPLS,annual,2021,Total Income,657885.0
BIPLS,annual,2020,Total Income,503271.0
BIPLS,annual,2019,Total Income,324148.0
BIPLS,annual,2018,Total Income,276428.0
BIPLS,annual,2021,Profit after Taxation,179730.0
BIPLS,annual,2020,Profit after Taxation,94000.0
BIPLS,annual,2019,Profit after Taxation,-11941.0
BIPLS,annual,2018,Profit after Taxation,-26959.0
BIPLS,annual,2021,EPS,1.8
BIPLS,annual,2020,EPS,0.94
BIPLS,annual,2019,EPS,-0.12
BIPLS,annual,2018,EPS,-0.27
BIPLS,quarterly,Q1 2022,Total Income,96644.0
BIPLS,quarterly,Q3 2021,Total Income,150513.0
BIPLS,quarterly,Q2 2021,Total Income,188483.0
BIPLS,quarterly,Q1 2021,Total Income,194958.0
BIPLS,quarterly,Q1 2022,Profit after Taxation,10172.0
BIPLS,quarterly,Q3 2021,Profit after Taxation,32202.0
BIPLS,quarterly,Q2 2021,Profit after Taxation,52092.0
BIPLS,quarterly,Q1 2021,Profit after Taxation,60447.0
BIPLS,quarterly,Q1 2022,EPS,0.1
BIPLS,quarterly,Q3 2021,EPS,0.32
BIPLS,quarterly,Q2 2021,EPS,0.53
BIPLS,quarterly,Q1 2021,EPS,0.6
BIPLS,annual,2021,Net Profit Margin (%),27.32
BIPLS,annual,2020,Net Profit Margin (%),18.68
BIPLS,annual,2019,Net Profit Margin (%),-3.68
BIPLS,annual,2018,Net Profit Margin (%),-9.75
BIPLS,annual,2021,EPS Growth (%),91.49
BIPLS,annual,2020,EPS Growth (%),883.33
BIPLS,annual,2019,EPS Growth (%),55.56
BIPLS,annual,2018,EPS Growth (%),-171.05
BIPLS,annual,2021,PEG,0.26
BIPLS,annual,2020,PEG,0.01
BIPLS,annual,2019,PEG,-1.23
BIPLS,annual,2018,PEG,0.13
BLUEX,annual,2025,Total Income,304759.0
BLUEX,annual,2024,Total Income,257157.0
BLUEX,annual,2023,Total Income,242827.0
BLUEX,annual,2022,Total Income,150874.0
BLUEX,annual,2025,Profit after Taxation,89892.0
BLUEX,annual,2024,Profit after Taxation,75742.0
BLUEX,annual,2023,Profit after Taxation,75453.0
BLUEX,annual,2022,Profit after Taxation,15946.0
BLUEX,annual,2025,EPS,3.28
BLUEX,annual,2024,EPS,2.76
BLUEX,annual,2023,EPS,2.75
BLUEX,annual,2022,EPS,0.65
BLUEX,quarterly,Q3 2026,Total Income,66525.0
BLUEX,quarterly,Q2 2026,Total Income,67197.0
BLUEX,quarterly,Q1 2026,Total Income,80142.0
BLUEX,quarterly,Q3 2025,Total Income,83241.0
BLUEX,quarterly,Q3 2026,Profit after Taxation,6453.0
BLUEX,quarterly,Q2 2026,Profit after Taxation,8718.0
BLUEX,quarterly,Q1 2026,Profit after Taxation,15335.0
BLUEX,quarterly,Q3 2025,Profit after Taxation,23149.0
BLUEX,quarterly,Q3 2026,EPS,0.02
BLUEX,quarterly,Q2 2026,EPS,0.32
BLUEX,quarterly,Q1 2026,EPS,0.56
BLUEX,quarterly,Q3 2025,EPS,0.08
BLUEX,annual,2025,EPS Growth (%),18.84
BLUEX,annual,2024,EPS Growth (%),0.36
BLUEX,annual,2023,EPS Growth (%),323.08
BLUEX,annual,2022,EPS Growth (%),-51.85
BLUEX,annual,2025,PEG,1.0
BLUEX,annual,2024,PEG,16.44
BLUEX,annual,2023,PEG,0.07
BLUEX,annual,2022,PEG,-1.45
BML,annual,2025,Mark-up Earned,18612699.0
BML,annual,2024,Mark-up Earned,38923020.0
BML,annual,2023,Mark-up Earned,31700037.0
BML,annual,2022,Mark-up Earned,8140810.0
BML,annual,2025,Total Income,6898769.0
BML,annual,2024,Total Income,-598452.0
BML,annual,2023,Total Income,-1389347.0
BML,annual,2022,Total Income,-866661.0
BML,annual,2025,Profit after Taxation,8794880.0
BML,annual,2024,Profit after Taxation,-5220848.0
BML,annual,2023,Profit after Taxation,-5318616.0
BML,annual,2022,Profit after Taxation,-3166888.0
BML,annual,2025,EPS,8.79
BML,annual,2024,EPS,-1.0
BML,annual,2023,EPS,-1.0
BML,annual,2022,EPS,-1.2
BML,quarterly,Q2 2026,Mark-up Earned,1248576.0
BML,quarterly,Q1 2026,Mark-up Earned,2839057.0
BML,quarterly,Q3 2025,Mark-up Earned,4333799.0
BML,quarterly,Q2 2025,Mark-up Earned,4394674.0
BML,quarterly,Q2 2026,Total Income,-1831364.0
BML,quarterly,Q1 2026,Total Income,460706.0
BML,quarterly,Q3 2025,Total Income,233980.0
BML,quarterly,Q2 2025,Total Income,809201.0
BML,quarterly,Q2 2026,Profit after Taxation,-3949473.0
BML,quarterly,Q1 2026,Profit after Taxation,-714132.0
BML,quarterly,Q3 2025,Profit after Taxation,153494.0
BML,quarterly,Q2 2025,Profit after Taxation,1566448.0
BML,quarterly,Q2 2026,EPS,-3.89
BML,quarterly,Q1 2026,EPS,-0.71
BML,quarterly,Q3 2025,EPS,0.02
BML,quarterly,Q2 2025,EPS,0.24
BML,annual,2025,Net Profit Margin (%),47.25
BML,annual,2024,Net Profit Margin (%),-13.41
BML,annual,2023,Net Profit Margin (%),-16.78
BML,annual,2022,Net Profit Margin (%),-38.9
BML,annual,2025,EPS Growth (%),979.0
BML,annual,2023,EPS Growth (%),16.67
BML,annual,2022,EPS Growth (%),-10.09
BML,annual,2025,PEG,0.0
BML,annual,2023,PEG,-0.14
BML,annual,2022,PEG,0.14
BNL,annual,2026,Sales,8001237.0
BNL,annual,2025,Sales,7380348.0
BNL,annual,2024,Sales,7009268.0
BNL,annual,2023,Sales,5686623.0
BNL,annual,2026,Profit after Taxation,127263.0
BNL,annual,2025,Profit after Taxation,309552.0
BNL,annual,2024,Profit after Taxation,-108129.0
BNL,annual,2023,Profit after Taxation,131504.0
BNL,annual,2026,EPS,0.19
BNL,annual,2025,EPS,0.46
BNL,annual,2024,EPS,-1.62
BNL,annual,2023,EPS,1.97
BNL,quarterly,Q3 2026,Sales,1951066.0
BNL,quarterly,Q2 2026,Sales,1999405.0
BNL,quarterly,Q1 2026,Sales,2012178.0
BNL,quarterly,Q3 2025,Sales,1816739.0
BNL,quarterly,Q3 2026,Profit after Taxation,56996.0
BNL,quarterly,Q2 2026,Profit after Taxation,67122.0
BNL,quarterly,Q1 2026,Profit after Taxation,162129.0
BNL,quarterly,Q3 2025,Profit after Taxation,36794.0
BNL,quarterly,Q3 2026,EPS,0.09
BNL,quarterly,Q2 2026,EPS,0.1
BNL,quarterly,Q1 2026,EPS,2.43
BNL,quarterly,Q3 2025,EPS,0.06
BNL,annual,2026,Gross Profit Margin (%),25.48
BNL,annual,2025,Gross Profit Margin (%),26.22
BNL,annual,2024,Gross Profit Margin (%),20.31
BNL,annual,2023,Gross Profit Margin (%),23.91
BNL,annual,2026,Net Profit Margin (%),1.59
BNL,annual,2025,Net Profit Margin (%),4.19
BNL,annual,2024,Net Profit Margin (%),-1.54
BNL,annual,2023,Net Profit Margin (%),2.31
BNL,annual,2026,EPS Growth (%),-58.7
BNL,annual,2025,EPS Growth (%),128.4
BNL,annual,2024,EPS Growth (%),-182.23
BNL,annual,2023,EPS Growth (%),-5.29
BNL,annual,2026,PEG,-0.63
BNL,annual,2025,PEG,1.31
BNL,annual,2024,PEG,0.05
BNL,annual,2023,PEG,-1.59
BNWM,annual,2026,Sales,1294931.0
BNWM,annual,2025,Sales,968556.0
BNWM,annual,2024,Sales,891268.0
BNWM,annual,2023,Sales,1038734.0
BNWM,annual,2026,Profit after Taxation,-120700.0
BNWM,annual,2025,Profit after Taxation,-98425.0
BNWM,annual,2024,Profit after Taxation,306214.0
BNWM,annual,2023,Profit after Taxation,-343161.0
BNWM,annual,2026,EPS,-12.7
BNWM,annual,2025,EPS,-10.35
BNWM,annual,2024,EPS,32.21
BNWM,annual,2023,EPS,-36.1
BNWM,quarterly,Q3 2026,Sales,44825.0
BNWM,quarterly,Q2 2026,Sales,994322.0
BNWM,quarterly,Q1 2026,Sales,235460.0
BNWM,quarterly,Q3 2025,Sales,95713.0
BNWM,quarterly,Q3 2026,Profit after Taxation,-18179.0
BNWM,quarterly,Q2 2026,Profit after Taxation,88775.0
BNWM,quarterly,Q1 2026,Profit after Taxation,23668.0
BNWM,quarterly,Q3 2025,Profit after Taxation,-63477.0
BNWM,quarterly,Q3 2026,EPS,-1.91
BNWM,quarterly,Q2 2026,EPS,9.34
BNWM,quarterly,Q1 2026,EPS,2.49
BNWM,quarterly,Q3 2025,EPS,-6.68
BNWM,annual,2026,Gross Profit Margin (%),25.93
BNWM,annual,2025,Gross Profit Margin (%),28.11
BNWM,annual,2024,Gross Profit Margin (%),26.03
BNWM,annual,2023,Gross Profit Margin (%),25.69
BNWM,annual,2026,Net Profit Margin (%),-9.32
BNWM,annual,2025,Net Profit Margin (%),-10.16
BNWM,annual,2024,Net Profit Margin (%),34.36
BNWM,annual,2023,Net Profit Margin (%),-33.04
BNWM,annual,2026,EPS Growth (%),-22.71
BNWM,annual,2025,EPS Growth (%),-132.13
BNWM,annual,2024,EPS Growth (%),189.22
BNWM,annual,2023,EPS Growth (%),48.19
BNWM,annual,2026,PEG,0.23
BNWM,annual,2025,PEG,0.06
BNWM,annual,2024,PEG,0.0
BNWM,annual,2023,PEG,-0.01
BOK,annual,2025,Mark-up Earned,52234407.0
BOK,annual,2024,Mark-up Earned,65221290.0
BOK,annual,2023,Mark-up Earned,59070281.0
BOK,annual,2022,Mark-up Earned,40242025.0
BOK,annual,2025,Total Income,23126168.0
BOK,annual,2024,Total Income,18269988.0
BOK,annual,2023,Total Income,16001583.0
BOK,annual,2022,Total Income,8533252.0
BOK,annual,2025,Profit after Taxation,5815763.0
BOK,annual,2024,Profit after Taxation,3615121.0
BOK,annual,2023,Profit after Taxation,3481277.0
BOK,annual,2022,Profit after Taxation,454864.0
BOK,annual,2025,EPS,5.02
BOK,annual,2024,EPS,3.12
BOK,annual,2023,EPS,3.16
BOK,annual,2022,EPS,0.41
BOK,quarterly,Q2 2026,Mark-up Earned,13160470.0
BOK,quarterly,Q1 2026,Mark-up Earned,11374268.0
BOK,quarterly,Q3 2025,Mark-up Earned,13597221.0
BOK,quarterly,Q2 2025,Mark-up Earned,14088548.0
BOK,quarterly,Q2 2026,Total Income,4637392.0
BOK,quarterly,Q1 2026,Total Income,4684032.0
BOK,quarterly,Q3 2025,Total Income,5906700.0
BOK,quarterly,Q2 2025,Total Income,6259968.0
BOK,quarterly,Q2 2026,Profit after Taxation,453084.0
BOK,quarterly,Q1 2026,Profit after Taxation,1012897.0
BOK,quarterly,Q3 2025,Profit after Taxation,1607210.0
BOK,quarterly,Q2 2025,Profit after Taxation,1762834.0
BOK,quarterly,Q2 2026,EPS,0.39
BOK,quarterly,Q1 2026,EPS,0.87
BOK,quarterly,Q3 2025,EPS,1.39
BOK,quarterly,Q2 2025,EPS,1.52
BOK,annual,2025,Net Profit Margin (%),11.13
BOK,annual,2024,Net Profit Margin (%),5.54
BOK,annual,2023,Net Profit Margin (%),5.89
BOK,annual,2022,Net Profit Margin (%),1.13
BOK,annual,2025,EPS Growth (%),60.9
BOK,annual,2024,EPS Growth (%),-1.27
BOK,annual,2023,EPS Growth (%),670.73
BOK,annual,2022,EPS Growth (%),-59.0
BOK,annual,2025,PEG,0.11
BOK,annual,2024,PEG,-3.74
BOK,annual,2023,PEG,0.01
BOK,annual,2022,PEG,-0.54
BOP,annual,2025,Mark-up Earned,266450839.0
BOP,annual,2024,Mark-up Earned,343790940.0
BOP,annual,2023,Mark-up Earned,327193801.0
BOP,annual,2022,Mark-up Earned,137167964.0
BOP,annual,2025,Total Income,100967949.0
BOP,annual,2024,Total Income,70845948.0
BOP,annual,2023,Total Income,58663114.0
BOP,annual,2022,Total Income,41334580.0
BOP,annual,2025,Profit after Taxation,15937630.0
BOP,annual,2024,Profit after Taxation,13375362.0
BOP,annual,2023,Profit after Taxation,11339185.0
BOP,annual,2022,Profit after Taxation,10834207.0
BOP,annual,2025,EPS,4.87
BOP,annual,2024,EPS,4.09
BOP,annual,2023,EPS,3.47
BOP,annual,2022,EPS,3.31
BOP,quarterly,Q2 2026,Mark-up Earned,63536133.0
BOP,quarterly,Q1 2026,Mark-up Earned,66864690.0
BOP,quarterly,Q3 2025,Mark-up Earned,67104538.0
BOP,quarterly,Q2 2025,Mark-up Earned,66122264.0
BOP,quarterly,Q2 2026,Total Income,28211896.0
BOP,quarterly,Q1 2026,Total Income,27775627.0
BOP,quarterly,Q3 2025,Total Income,28246316.0
BOP,quarterly,Q2 2025,Total Income,25761770.0
BOP,quarterly,Q2 2026,Profit after Taxation,4755546.0
BOP,quarterly,Q1 2026,Profit after Taxation,4773849.0
BOP,quarterly,Q3 2025,Profit after Taxation,5145137.0
BOP,quarterly,Q2 2025,Profit after Taxation,5006975.0
BOP,quarterly,Q2 2026,EPS,1.45
BOP,quarterly,Q1 2026,EPS,1.46
BOP,quarterly,Q3 2025,EPS,1.57
BOP,quarterly,Q2 2025,EPS,1.53
BOP,annual,2025,Net Profit Margin (%),5.98
BOP,annual,2024,Net Profit Margin (%),3.89
BOP,annual,2023,Net Profit Margin (%),3.47
BOP,annual,2022,Net Profit Margin (%),7.9
BOP,annual,2025,EPS Growth (%),19.07
BOP,annual,2024,EPS Growth (%),17.87
BOP,annual,2023,EPS Growth (%),4.83
BOP,annual,2022,EPS Growth (%),-20.81
BOP,annual,2025,PEG,0.42
BOP,annual,2024,PEG,0.15
BOP,annual,2023,PEG,0.39
BOP,annual,2022,PEG,-0.07
BPBL,annual,2019,Sales,2380.0
BPBL,annual,2018,Sales,1943.0
BPBL,annual,2017,Sales,2283.0
BPBL,annual,2016,Sales,2027.0
BPBL,annual,2019,Profit after Taxation,-907.0
BPBL,annual,2018,Profit after Taxation,-181.0
BPBL,annual,2017,Profit after Taxation,128.0
BPBL,annual,2016,Profit after Taxation,232.0
BPBL,annual,2019,EPS,-0.15
BPBL,annual,2018,EPS,-0.03
BPBL,annual,2017,EPS,0.02
BPBL,annual,2016,EPS,0.04
BPBL,annual,2019,Net Profit Margin (%),-38.11
BPBL,annual,2018,Net Profit Margin (%),-9.32
BPBL,annual,2017,Net Profit Margin (%),5.61
BPBL,annual,2016,Net Profit Margin (%),11.45
BPBL,annual,2019,EPS Growth (%),-400.0
BPBL,annual,2018,EPS Growth (%),-250.0
BPBL,annual,2017,EPS Growth (%),-50.0
BPBL,annual,2016,EPS Growth (%),233.33
BPBL,annual,2019,PEG,0.04
BPBL,annual,2018,PEG,0.54
BPBL,annual,2017,PEG,-9.5
BPBL,annual,2016,PEG,0.64
BPL,annual,2026,Sales,2841468.0
BPL,annual,2025,Sales,1658578.0
BPL,annual,2024,Sales,2377502.0
BPL,annual,2023,Sales,3533606.0
BPL,annual,2026,Profit after Taxation,179703.0
BPL,annual,2025,Profit after Taxation,29522.0
BPL,annual,2024,Profit after Taxation,-73677.0
BPL,annual,2023,Profit after Taxation,-659151.0
BPL,annual,2026,EPS,7.99
BPL,annual,2025,EPS,1.31
BPL,annual,2024,EPS,-3.28
BPL,annual,2023,EPS,-2.94
BPL,quarterly,Q3 2026,Sales,790852.0
BPL,quarterly,Q2 2026,Sales,701148.0
BPL,quarterly,Q1 2026,Sales,522396.0
BPL,quarterly,Q3 2025,Sales,483763.0
BPL,quarterly,Q3 2026,Profit after Taxation,90489.0
BPL,quarterly,Q2 2026,Profit after Taxation,8782.0
BPL,quarterly,Q1 2026,Profit after Taxation,1444.0
BPL,quarterly,Q3 2025,Profit after Taxation,-14310.0
BPL,quarterly,Q3 2026,EPS,4.02
BPL,quarterly,Q2 2026,EPS,0.39
BPL,quarterly,Q1 2026,EPS,0.06
BPL,quarterly,Q3 2025,EPS,-0.64
BPL,annual,2026,Gross Profit Margin (%),10.5
BPL,annual,2025,Gross Profit Margin (%),3.69
BPL,annual,2024,Gross Profit Margin (%),5.8
BPL,annual,2023,Gross Profit Margin (%),4.28
BPL,annual,2026,Net Profit Margin (%),6.32
BPL,annual,2025,Net Profit Margin (%),1.78
BPL,annual,2024,Net Profit Margin (%),-3.1
BPL,annual,2023,Net Profit Margin (%),-18.65
BPL,annual,2026,EPS Growth (%),509.92
BPL,annual,2025,EPS Growth (%),139.94
BPL,annual,2024,EPS Growth (%),-11.56
BPL,annual,2023,EPS Growth (%),-347.06
BPL,annual,2026,PEG,0.01
BPL,annual,2025,PEG,0.18
BPL,annual,2024,PEG,0.63
BPL,annual,2023,PEG,0.01
BROT,annual,2014,Profit after Taxation,-5103.0
BROT,annual,2013,Profit after Taxation,5456.0
BROT,annual,2012,Profit after Taxation,3610.0
BROT,annual,2011,Profit after Taxation,-5383.0
BROT,annual,2014,EPS,-0.52
BROT,annual,2013,EPS,0.56
BROT,annual,2012,EPS,0.37
BROT,annual,2011,EPS,-0.55
BROT,annual,2014,EPS Growth (%),-192.86
BROT,annual,2013,EPS Growth (%),51.35
BROT,annual,2012,EPS Growth (%),167.27
BROT,annual,2014,PEG,0.06
BROT,annual,2013,PEG,0.14
BROT,annual,2012,PEG,0.02
BRR,annual,2022,Profit after Taxation,654423.0
BRR,annual,2021,Profit after Taxation,277663.0
BRR,annual,2020,Profit after Taxation,149104.0
BRR,annual,2019,Profit after Taxation,44843.0
BRR,quarterly,Q3 2023,Profit after Taxation,-42420.0
BRR,quarterly,Q2 2023,Profit after Taxation,220182.0
BRR,quarterly,Q1 2023,Profit after Taxation,104095.0
BRR,quarterly,Q3 2022,Profit after Taxation,4951.0
BRR,annual,2022,EPS Growth (%),124.43
BRR,annual,2021,EPS Growth (%),80.59
BRR,annual,2020,EPS Growth (%),226.92
BRR,annual,2019,EPS Growth (%),-30.67
BRR,annual,2022,PEG,0.01
BRR,annual,2021,PEG,0.05
BRR,annual,2020,PEG,0.02
BRR,annual,2019,PEG,-0.51
BRRG,annual,2026,Profit after Taxation,964747.0
BRRG,annual,2025,Profit after Taxation,650201.0
BRRG,annual,2024,Profit after Taxation,448470.0
BRRG,annual,2026,EPS,10.15
BRRG,annual,2025,EPS,6.84
BRRG,annual,2024,EPS,4.72
BRRG,quarterly,Q3 2026,Profit after Taxation,-525025.0
BRRG,quarterly,Q2 2026,Profit after Taxation,327867.0
BRRG,quarterly,Q1 2026,Profit after Taxation,762991.0
BRRG,quarterly,Q3 2025,Profit after Taxation,-187360.0
BRRG,quarterly,Q3 2026,EPS,-5.53
BRRG,quarterly,Q2 2026,EPS,3.45
BRRG,quarterly,Q1 2026,EPS,8.03
BRRG,quarterly,Q3 2025,EPS,-1.97
BRRG,annual,2023,Gross Profit Margin (%),100.0
BRRG,annual,2023,Net Profit Margin (%),49.55
BRRG,annual,2026,EPS Growth (%),48.39
BRRG,annual,2025,EPS Growth (%),44.92
BRRG,annual,2024,EPS Growth (%),204.52
BRRG,annual,2026,PEG,0.1
BRRG,annual,2025,PEG,0.09
BRRG,annual,2024,PEG,0.02
BTL,annual,2026,Sales,31679286.0
BTL,annual,2025,Sales,30433100.0
BTL,annual,2024,Sales,31821773.0
BTL,annual,2023,Sales,24156586.0
BTL,annual,2026,Profit after Taxation,407754.0
BTL,annual,2025,Profit after Taxation,-96882.0
BTL,annual,2024,Profit after Taxation,-1706231.0
BTL,annual,2023,Profit after Taxation,921041.0
BTL,annual,2026,EPS,63.39
BTL,annual,2025,EPS,-15.06
BTL,annual,2024,EPS,-265.27
BTL,annual,2023,EPS,143.2
BTL,quarterly,Q3 2026,Sales,7897977.0
BTL,quarterly,Q2 2026,Sales,7645081.0
BTL,quarterly,Q1 2026,Sales,7321129.0
BTL,quarterly,Q3 2025,Sales,7632371.0
BTL,quarterly,Q3 2026,Profit after Taxation,-125323.0
BTL,quarterly,Q2 2026,Profit after Taxation,-80930.0
BTL,quarterly,Q1 2026,Profit after Taxation,-48363.0
BTL,quarterly,Q3 2025,Profit after Taxation,26214.0
BTL,quarterly,Q3 2026,EPS,-19.48
BTL,quarterly,Q2 2026,EPS,-12.58
BTL,quarterly,Q1 2026,EPS,-7.52
BTL,quarterly,Q3 2025,EPS,4.08
BTL,annual,2026,Gross Profit Margin (%),7.31
BTL,annual,2025,Gross Profit Margin (%),7.21
BTL,annual,2024,Gross Profit Margin (%),3.84
BTL,annual,2023,Gross Profit Margin (%),10.65
BTL,annual,2026,Net Profit Margin (%),1.29
BTL,annual,2025,Net Profit Margin (%),-0.32
BTL,annual,2024,Net Profit Margin (%),-5.36
BTL,annual,2023,Net Profit Margin (%),3.81
BTL,annual,2026,EPS Growth (%),520.92
BTL,annual,2025,EPS Growth (%),94.32
BTL,annual,2024,EPS Growth (%),-285.24
BTL,annual,2023,EPS Growth (%),-71.28
BTL,annual,2026,PEG,0.03
BTL,annual,2025,PEG,-0.23
BTL,annual,2024,PEG,0.0
BTL,annual,2023,PEG,-0.03
BUXL,annual,2026,Sales,519106.0
BUXL,annual,2025,Sales,587141.0
BUXL,annual,2024,Sales,622985.0
BUXL,annual,2023,Sales,577076.0
BUXL,annual,2026,Profit after Taxation,-34710.0
BUXL,annual,2025,Profit after Taxation,-4059.0
BUXL,annual,2024,Profit after Taxation,7003.0
BUXL,annual,2023,Profit after Taxation,2717.0
BUXL,annual,2026,EPS,-24.1
BUXL,annual,2025,EPS,-2.82
BUXL,annual,2024,EPS,4.86
BUXL,annual,2023,EPS,1.89
BUXL,quarterly,Q3 2026,Sales,140912.0
BUXL,quarterly,Q2 2026,Sales,150596.0
BUXL,quarterly,Q1 2026,Sales,133608.0
BUXL,quarterly,Q3 2025,Sales,147151.0
BUXL,quarterly,Q3 2026,Profit after Taxation,-7658.0
BUXL,quarterly,Q2 2026,Profit after Taxation,-11150.0
BUXL,quarterly,Q1 2026,Profit after Taxation,-1418.0
BUXL,quarterly,Q3 2025,Profit after Taxation,-1566.0
BUXL,quarterly,Q3 2026,EPS,-5.32
BUXL,quarterly,Q2 2026,EPS,-7.74
BUXL,quarterly,Q1 2026,EPS,-0.98
BUXL,quarterly,Q3 2025,EPS,-1.09
BUXL,annual,2026,Gross Profit Margin (%),17.47
BUXL,annual,2025,Gross Profit Margin (%),19.06
BUXL,annual,2024,Gross Profit Margin (%),17.23
BUXL,annual,2023,Gross Profit Margin (%),15.51
BUXL,annual,2026,Net Profit Margin (%),-6.69
BUXL,annual,2025,Net Profit Margin (%),-0.69
BUXL,annual,2024,Net Profit Margin (%),1.12
BUXL,annual,2023,Net Profit Margin (%),0.47
BUXL,annual,2026,EPS Growth (%),-754.61
BUXL,annual,2025,EPS Growth (%),-158.02
BUXL,annual,2024,EPS Growth (%),157.14
BUXL,annual,2023,EPS Growth (%),-35.49
BUXL,annual,2026,PEG,0.01
BUXL,annual,2025,PEG,0.42
BUXL,annual,2024,PEG,0.12
BUXL,annual,2023,PEG,-1.1
BWCL,annual,2026,Sales,108282172.0
BWCL,annual,2025,Sales,107758553.0
BWCL,annual,2024,Sales,103922263.0
BWCL,annual,2023,Sales,87741812.0
BWCL,annual,2026,Profit after Taxation,25756649.0
BWCL,annual,2025,Profit after Taxation,23864368.0
BWCL,annual,2024,Profit after Taxation,13768575.0
BWCL,annual,2023,Profit after Taxation,11891698.0
BWCL,annual,2026,EPS,43.2
BWCL,annual,2025,EPS,40.02
BWCL,annual,2024,EPS,23.09
BWCL,annual,2023,EPS,19.94
BWCL,quarterly,Q3 2026,Sales,27022946.0
BWCL,quarterly,Q2 2026,Sales,29481981.0
BWCL,quarterly,Q1 2026,Sales,25885667.0
BWCL,quarterly,Q3 2025,Sales,26395075.0
BWCL,quarterly,Q3 2026,Profit after Taxation,6817361.0
BWCL,quarterly,Q2 2026,Profit after Taxation,5599062.0
BWCL,quarterly,Q1 2026,Profit after Taxation,5495790.0
BWCL,quarterly,Q3 2025,Profit after Taxation,6073753.0
BWCL,quarterly,Q3 2026,EPS,11.43
BWCL,quarterly,Q2 2026,EPS,9.39
BWCL,quarterly,Q1 2026,EPS,9.22
BWCL,quarterly,Q3 2025,EPS,10.19
BWCL,annual,2026,Gross Profit Margin (%),29.98
BWCL,annual,2025,Gross Profit Margin (%),34.59
BWCL,annual,2024,Gross Profit Margin (%),31.01
BWCL,annual,2023,Gross Profit Margin (%),31.13
BWCL,annual,2026,Net Profit Margin (%),23.79
BWCL,annual,2025,Net Profit Margin (%),22.15
BWCL,annual,2024,Net Profit Margin (%),13.25
BWCL,annual,2023,Net Profit Margin (%),13.55
BWCL,annual,2026,EPS Growth (%),7.95
BWCL,annual,2025,EPS Growth (%),73.32
BWCL,annual,2024,EPS Growth (%),15.8
BWCL,annual,2023,EPS Growth (%),16.13
BWCL,annual,2026,PEG,1.43
BWCL,annual,2025,PEG,0.14
BWCL,annual,2024,PEG,0.61
BWCL,annual,2023,PEG,0.45
BWHL,annual,2026,Sales,2916382.0
BWHL,annual,2025,Sales,2305239.0
BWHL,annual,2024,Sales,2174481.0
BWHL,annual,2023,Sales,1675857.0
BWHL,annual,2026,Profit after Taxation,312592.0
BWHL,annual,2025,Profit after Taxation,315582.0
BWHL,annual,2024,Profit after Taxation,240665.0
BWHL,annual,2023,Profit after Taxation,136406.0
BWHL,annual,2026,EPS,23.44
BWHL,annual,2025,EPS,23.67
BWHL,annual,2024,EPS,18.05
BWHL,annual,2023,EPS,10.23
BWHL,quarterly,Q3 2026,Sales,754283.0
BWHL,quarterly,Q2 2026,Sales,675073.0
BWHL,quarterly,Q1 2026,Sales,724847.0
BWHL,quarterly,Q3 2025,Sales,653248.0
BWHL,quarterly,Q3 2026,Profit after Taxation,75693.0
BWHL,quarterly,Q2 2026,Profit after Taxation,108203.0
BWHL,quarterly,Q1 2026,Profit after Taxation,97167.0
BWHL,quarterly,Q3 2025,Profit after Taxation,90799.0
BWHL,quarterly,Q3 2026,EPS,5.68
BWHL,quarterly,Q2 2026,EPS,8.11
BWHL,quarterly,Q1 2026,EPS,7.29
BWHL,quarterly,Q3 2025,EPS,6.81
BWHL,annual,2026,Gross Profit Margin (%),28.49
BWHL,annual,2025,Gross Profit Margin (%),24.6
BWHL,annual,2024,Gross Profit Margin (%),21.55
BWHL,annual,2023,Gross Profit Margin (%),19.45
BWHL,annual,2026,Net Profit Margin (%),10.72
BWHL,annual,2025,Net Profit Margin (%),13.69
BWHL,annual,2024,Net Profit Margin (%),11.07
BWHL,annual,2023,Net Profit Margin (%),8.14
BWHL,annual,2026,EPS Growth (%),-0.97
BWHL,annual,2025,EPS Growth (%),31.14
BWHL,annual,2024,EPS Growth (%),76.44
BWHL,annual,2023,EPS Growth (%),-34.51
BWHL,annual,2026,PEG,-9.55
BWHL,annual,2025,PEG,0.19
BWHL,annual,2024,PEG,0.09
BWHL,annual,2023,PEG,-0.19
BYCO,annual,2021,Sales,142150298.0
BYCO,annual,2020,Sales,173898930.0
BYCO,annual,2019,Sales,197830720.0
BYCO,annual,2018,Sales,166290362.0
BYCO,annual,2021,Profit after Taxation,3595840.0
BYCO,annual,2020,Profit after Taxation,-2430799.0
BYCO,annual,2019,Profit after Taxation,-1683700.0
BYCO,annual,2018,Profit after Taxation,5019830.0
BYCO,annual,2021,EPS,0.67
BYCO,annual,2020,EPS,-0.46
BYCO,annual,2019,EPS,-0.32
BYCO,annual,2018,EPS,0.94
BYCO,quarterly,Q1 2022,Sales,34458628.0
BYCO,quarterly,Q3 2021,Sales,35673583.0
BYCO,quarterly,Q2 2021,Sales,32155768.0
BYCO,quarterly,Q1 2021,Sales,33498503.0
BYCO,quarterly,Q1 2022,Profit after Taxation,-673504.0
BYCO,quarterly,Q3 2021,Profit after Taxation,1217671.0
BYCO,quarterly,Q2 2021,Profit after Taxation,508426.0
BYCO,quarterly,Q1 2021,Profit after Taxation,453430.0
BYCO,quarterly,Q1 2022,EPS,-0.13
BYCO,quarterly,Q3 2021,EPS,0.23
BYCO,quarterly,Q2 2021,EPS,0.1
BYCO,quarterly,Q1 2021,EPS,0.09
BYCO,annual,2021,Gross Profit Margin (%),5.7
BYCO,annual,2020,Gross Profit Margin (%),1.67
BYCO,annual,2019,Gross Profit Margin (%),0.99
BYCO,annual,2018,Gross Profit Margin (%),5.5
BYCO,annual,2021,Net Profit Margin (%),2.53
BYCO,annual,2020,Net Profit Margin (%),-1.4
BYCO,annual,2019,Net Profit Margin (%),-0.85
BYCO,annual,2018,Net Profit Margin (%),3.02
BYCO,annual,2021,EPS Growth (%),245.65
BYCO,annual,2020,EPS Growth (%),-43.75
BYCO,annual,2019,EPS Growth (%),-134.04
BYCO,annual,2018,EPS Growth (%),135.0
BYCO,annual,2021,PEG,0.07
BYCO,annual,2020,PEG,0.3
BYCO,annual,2019,PEG,0.15
BYCO,annual,2018,PEG,0.1
CASH,annual,2025,Sales,10490.0
CASH,annual,2024,Sales,16182.0
CASH,annual,2023,Sales,10363.0
CASH,annual,2022,Sales,20705.0
CASH,annual,2025,Total Income,25890.0
CASH,annual,2024,Total Income,42039.0
CASH,annual,2023,Total Income,12697.0
CASH,annual,2022,Total Income,72473.0
CASH,annual,2025,Profit after Taxation,10474.0
CASH,annual,2024,Profit after Taxation,13617.0
CASH,annual,2023,Profit after Taxation,19945.0
CASH,annual,2022,Profit after Taxation,-8658.0
CASH,annual,2025,EPS,0.97
CASH,annual,2024,EPS,1.27
CASH,annual,2023,EPS,1.86
CASH,annual,2022,EPS,-0.81
CASH,quarterly,Q3 2025,Sales,2285.0
CASH,quarterly,Q2 2025,Sales,4103.0
CASH,quarterly,Q2 2026,Total Income,5711.0
CASH,quarterly,Q3 2025,Total Income,5615.0
CASH,quarterly,Q2 2025,Total Income,8816.0
CASH,quarterly,Q2 2026,Profit after Taxation,2862.0
CASH,quarterly,Q1 2026,Profit after Taxation,-1052.0
CASH,quarterly,Q3 2025,Profit after Taxation,1659.0
CASH,quarterly,Q2 2025,Profit after Taxation,3821.0
CASH,quarterly,Q2 2026,EPS,0.27
CASH,quarterly,Q1 2026,EPS,-0.1
CASH,quarterly,Q3 2025,EPS,0.15
CASH,quarterly,Q2 2025,EPS,0.36
CASH,annual,2025,Net Profit Margin (%),40.46
CASH,annual,2024,Net Profit Margin (%),32.39
CASH,annual,2023,Net Profit Margin (%),157.08
CASH,annual,2022,Net Profit Margin (%),-11.95
CASH,annual,2025,EPS Growth (%),-23.62
CASH,annual,2024,EPS Growth (%),-31.72
CASH,annual,2023,EPS Growth (%),329.63
CASH,annual,2022,EPS Growth (%),-174.31
CASH,annual,2025,PEG,-1.71
CASH,annual,2024,PEG,-0.43
CASH,annual,2023,PEG,0.03
CASH,annual,2022,PEG,0.1
CCM,annual,2026,Sales,5577854.0
CCM,annual,2025,Sales,5573501.0
CCM,annual,2024,Sales,5962592.0
CCM,annual,2023,Sales,6386209.0
CCM,annual,2026,Profit after Taxation,55269.0
CCM,annual,2025,Profit after Taxation,6489.0
CCM,annual,2024,Profit after Taxation,76642.0
CCM,annual,2023,Profit after Taxation,114785.0
CCM,annual,2026,EPS,2.44
CCM,annual,2025,EPS,0.29
CCM,annual,2024,EPS,3.38
CCM,annual,2023,EPS,5.07
CCM,quarterly,Q3 2026,Sales,1851812.0
CCM,quarterly,Q2 2026,Sales,1223682.0
CCM,quarterly,Q1 2026,Sales,1022122.0
CCM,quarterly,Q3 2025,Sales,1409418.0
CCM,quarterly,Q3 2026,Profit after Taxation,9632.0
CCM,quarterly,Q2 2026,Profit after Taxation,20683.0
CCM,quarterly,Q1 2026,Profit after Taxation,18064.0
CCM,quarterly,Q3 2025,Profit after Taxation,9845.0
CCM,quarterly,Q3 2026,EPS,0.43
CCM,quarterly,Q2 2026,EPS,0.91
CCM,quarterly,Q1 2026,EPS,0.8
CCM,quarterly,Q3 2025,EPS,0.85
CCM,annual,2025,Gross Profit Margin (%),7.11
CCM,annual,2024,Gross Profit Margin (%),7.75
CCM,annual,2023,Gross Profit Margin (%),8.0
CCM,annual,2022,Gross Profit Margin (%),7.33
CCM,annual,2025,Net Profit Margin (%),0.99
CCM,annual,2024,Net Profit Margin (%),0.12
CCM,annual,2023,Net Profit Margin (%),1.29
CCM,annual,2022,Net Profit Margin (%),1.8
CCM,annual,2025,EPS Growth (%),741.38
CCM,annual,2024,EPS Growth (%),-91.42
CCM,annual,2023,EPS Growth (%),-33.33
CCM,annual,2022,EPS Growth (%),-53.87
CCM,annual,2025,PEG,0.02
CCM,annual,2024,PEG,-2.19
CCM,annual,2023,PEG,-0.82
CCM,annual,2022,PEG,-0.12
CECL,annual,2018,Sales,27940.0
CECL,annual,2017,Sales,35458.0
CECL,annual,2016,Sales,40589.0
CECL,annual,2015,Sales,54434.0
CECL,annual,2018,Profit after Taxation,-8646.0
CECL,annual,2017,Profit after Taxation,62688.0
CECL,annual,2016,Profit after Taxation,-24825.0
CECL,annual,2015,Profit after Taxation,49587.0
CECL,annual,2018,EPS,-2.61
CECL,annual,2017,EPS,18.93
CECL,annual,2016,EPS,-7.5
CECL,annual,2015,EPS,15.03
CECL,annual,2018,Gross Profit Margin (%),-6.14
CECL,annual,2017,Gross Profit Margin (%),-179.95
CECL,annual,2016,Gross Profit Margin (%),-38.66
CECL,annual,2015,Gross Profit Margin (%),-28.78
CECL,annual,2018,Net Profit Margin (%),-30.95
CECL,annual,2017,Net Profit Margin (%),176.8
CECL,annual,2016,Net Profit Margin (%),-61.16
CECL,annual,2015,Net Profit Margin (%),91.1
CECL,annual,2018,EPS Growth (%),-113.79
CECL,annual,2017,EPS Growth (%),352.4
CECL,annual,2016,EPS Growth (%),-149.9
CECL,annual,2015,EPS Growth (%),-16.64
CECL,annual,2018,PEG,0.18
CECL,annual,2017,PEG,0.03
CECL,annual,2016,PEG,0.03
CECL,annual,2015,PEG,-0.07
CENI,annual,2025,Profit after Taxation,549565.0
CENI,annual,2024,Profit after Taxation,584672.0
CENI,annual,2023,Profit after Taxation,496869.0
CENI,annual,2022,Profit after Taxation,313354.0
CENI,annual,2025,EPS,9.93
CENI,annual,2024,EPS,10.57
CENI,annual,2023,EPS,8.98
CENI,annual,2022,EPS,5.66
CENI,quarterly,Q2 2026,Profit after Taxation,183427.0
CENI,quarterly,Q1 2026,Profit after Taxation,20852.0
CENI,quarterly,Q3 2025,Profit after Taxation,167970.0
CENI,quarterly,Q2 2025,Profit after Taxation,141053.0
CENI,quarterly,Q2 2026,EPS,3.32
CENI,quarterly,Q1 2026,EPS,0.38
CENI,quarterly,Q3 2025,EPS,3.04
CENI,quarterly,Q2 2025,EPS,2.55
CENI,annual,2025,Gross Profit Margin (%),16.87
CENI,annual,2024,Gross Profit Margin (%),15.53
CENI,annual,2023,Gross Profit Margin (%),21.04
CENI,annual,2022,Gross Profit Margin (%),20.61
CENI,annual,2025,Net Profit Margin (%),33.3
CENI,annual,2024,Net Profit Margin (%),43.01
CENI,annual,2023,Net Profit Margin (%),41.5
CENI,annual,2022,Net Profit Margin (%),29.22
CENI,annual,2025,EPS Growth (%),-6.05
CENI,annual,2024,EPS Growth (%),17.71
CENI,annual,2023,EPS Growth (%),58.66
CENI,annual,2022,EPS Growth (%),2.54
CENI,annual,2025,PEG,-0.92
CENI,annual,2024,PEG,0.2
CENI,annual,2023,PEG,0.04
CENI,annual,2022,PEG,1.12
CEPB,annual,2026,Sales,38699440.0
CEPB,annual,2025,Sales,37280573.0
CEPB,annual,2024,Sales,42015480.0
CEPB,annual,2023,Sales,47661248.0
CEPB,annual,2026,Profit after Taxation,-58293.0
CEPB,annual,2025,Profit after Taxation,-345422.0
CEPB,annual,2024,Profit after Taxation,523893.0
CEPB,annual,2023,Profit after Taxation,904989.0
CEPB,annual,2026,EPS,-0.15
CEPB,annual,2025,EPS,-0.86
CEPB,annual,2024,EPS,1.3
CEPB,annual,2023,EPS,2.25
CEPB,quarterly,Q3 2026,Sales,10284106.0
CEPB,quarterly,Q2 2026,Sales,9022218.0
CEPB,quarterly,Q1 2026,Sales,10637306.0
CEPB,quarterly,Q3 2025,Sales,9177558.0
CEPB,quarterly,Q3 2026,Profit after Taxation,-64345.0
CEPB,quarterly,Q2 2026,Profit after Taxation,-284590.0
CEPB,quarterly,Q1 2026,Profit after Taxation,13295.0
CEPB,quarterly,Q3 2025,Profit after Taxation,-130822.0
CEPB,quarterly,Q3 2026,EPS,-0.16
CEPB,quarterly,Q2 2026,EPS,-0.71
CEPB,quarterly,Q1 2026,EPS,0.03
CEPB,quarterly,Q3 2025,EPS,-0.33
CEPB,annual,2026,Gross Profit Margin (%),6.6
CEPB,annual,2025,Gross Profit Margin (%),7.14
CEPB,annual,2024,Gross Profit Margin (%),9.68
CEPB,annual,2023,Gross Profit Margin (%),9.32
CEPB,annual,2026,Net Profit Margin (%),-0.15
CEPB,annual,2025,Net Profit Margin (%),-0.93
CEPB,annual,2024,Net Profit Margin (%),1.25
CEPB,annual,2023,Net Profit Margin (%),1.9
CEPB,annual,2026,EPS Growth (%),82.56
CEPB,annual,2025,EPS Growth (%),-166.15
CEPB,annual,2024,EPS Growth (%),-42.22
CEPB,annual,2023,EPS Growth (%),-59.17
CEPB,annual,2026,PEG,-2.41
CEPB,annual,2025,PEG,0.23
CEPB,annual,2024,PEG,-0.55
CEPB,annual,2023,PEG,-0.21
CFL,annual,2026,Sales,3841176.0
CFL,annual,2025,Sales,4330539.0
CFL,annual,2024,Sales,6499839.0
CFL,annual,2023,Sales,6847571.0
CFL,annual,2026,Profit after Taxation,-580969.0
CFL,annual,2025,Profit after Taxation,-775712.0
CFL,annual,2024,Profit after Taxation,-758435.0
CFL,annual,2023,Profit after Taxation,375905.0
CFL,annual,2026,EPS,-46.78
CFL,annual,2025,EPS,-62.47
CFL,annual,2024,EPS,-61.08
CFL,annual,2023,EPS,30.27
CFL,quarterly,Q3 2026,Sales,915558.0
CFL,quarterly,Q2 2026,Sales,831307.0
CFL,quarterly,Q1 2026,Sales,1011742.0
CFL,quarterly,Q3 2025,Sales,823145.0
CFL,quarterly,Q3 2026,Profit after Taxation,-95318.0
CFL,quarterly,Q2 2026,Profit after Taxation,-135607.0
CFL,quarterly,Q1 2026,Profit after Taxation,-77905.0
CFL,quarterly,Q3 2025,Profit after Taxation,-107190.0
CFL,quarterly,Q3 2026,EPS,-7.68
CFL,quarterly,Q2 2026,EPS,-14.14
CFL,quarterly,Q1 2026,EPS,-6.7
CFL,quarterly,Q3 2025,EPS,-8.63
CFL,annual,2026,Gross Profit Margin (%),-4.1
CFL,annual,2025,Gross Profit Margin (%),-8.23
CFL,annual,2024,Gross Profit Margin (%),-3.84
CFL,annual,2023,Gross Profit Margin (%),0.43
CFL,annual,2026,Net Profit Margin (%),-15.12
CFL,annual,2025,Net Profit Margin (%),-17.91
CFL,annual,2024,Net Profit Margin (%),-11.67
CFL,annual,2023,Net Profit Margin (%),5.49
CFL,annual,2026,EPS Growth (%),25.12
CFL,annual,2025,EPS Growth (%),-2.28
CFL,annual,2024,EPS Growth (%),-301.78
CFL,annual,2023,EPS Growth (%),-42.58
CFL,annual,2026,PEG,-0.05
CFL,annual,2025,PEG,0.35
CFL,annual,2024,PEG,0.0
CFL,annual,2023,PEG,-0.03
CHAS,annual,2025,Sales,24899377.0
CHAS,annual,2024,Sales,32274657.0
CHAS,annual,2023,Sales,26375717.0
CHAS,annual,2022,Sales,17094813.0
CHAS,annual,2025,Profit after Taxation,-2948590.0
CHAS,annual,2024,Profit after Taxation,-2637248.0
CHAS,annual,2023,Profit after Taxation,1699139.0
CHAS,annual,2022,Profit after Taxation,43548.0
CHAS,annual,2025,EPS,-102.77
CHAS,annual,2024,EPS,-91.92
CHAS,annual,2023,EPS,59.22
CHAS,annual,2022,EPS,1.52
CHAS,quarterly,Q3 2026,Sales,8267389.0
CHAS,quarterly,Q2 2026,Sales,5086771.0
CHAS,quarterly,Q1 2026,Sales,11695200.0
CHAS,quarterly,Q3 2025,Sales,5483469.0
CHAS,quarterly,Q3 2026,Profit after Taxation,-170698.0
CHAS,quarterly,Q2 2026,Profit after Taxation,78634.0
CHAS,quarterly,Q1 2026,Profit after Taxation,232009.0
CHAS,quarterly,Q3 2025,Profit after Taxation,-239556.0
CHAS,quarterly,Q3 2026,EPS,-5.95
CHAS,quarterly,Q2 2026,EPS,2.74
CHAS,quarterly,Q1 2026,EPS,8.09
CHAS,quarterly,Q3 2025,EPS,-8.35
CHAS,annual,2025,Gross Profit Margin (%),6.67
CHAS,annual,2024,Gross Profit Margin (%),6.88
CHAS,annual,2023,Gross Profit Margin (%),23.46
CHAS,annual,2022,Gross Profit Margin (%),16.77
CHAS,annual,2025,Net Profit Margin (%),-11.84
CHAS,annual,2024,Net Profit Margin (%),-8.17
CHAS,annual,2023,Net Profit Margin (%),6.44
CHAS,annual,2022,Net Profit Margin (%),0.25
CHAS,annual,2025,EPS Growth (%),-11.8
CHAS,annual,2024,EPS Growth (%),-255.22
CHAS,annual,2023,EPS Growth (%),3796.05
CHAS,annual,2022,EPS Growth (%),-85.95
CHAS,annual,2025,PEG,0.06
CHAS,annual,2024,PEG,0.0
CHAS,annual,2023,PEG,0.0
CHAS,annual,2022,PEG,-0.47
CHBL,annual,2025,Sales,2389566.0
CHBL,annual,2024,Sales,3342302.0
CHBL,annual,2023,Sales,2127980.0
CHBL,annual,2022,Sales,503741.0
CHBL,annual,2025,Profit after Taxation,-622895.0
CHBL,annual,2024,Profit after Taxation,-326209.0
CHBL,annual,2023,Profit after Taxation,-405141.0
CHBL,annual,2022,Profit after Taxation,-452377.0
CHBL,annual,2025,EPS,-5.42
CHBL,annual,2024,EPS,-2.84
CHBL,annual,2023,EPS,-3.52
CHBL,annual,2022,EPS,-3.93
CHBL,quarterly,Q3 2026,Sales,342075.0
CHBL,quarterly,Q2 2026,Sales,399427.0
CHBL,quarterly,Q1 2026,Sales,447705.0
CHBL,quarterly,Q3 2025,Sales,449678.0
CHBL,quarterly,Q3 2026,Profit after Taxation,-161572.0
CHBL,quarterly,Q2 2026,Profit after Taxation,-145728.0
CHBL,quarterly,Q1 2026,Profit after Taxation,-170197.0
CHBL,quarterly,Q3 2025,Profit after Taxation,-159417.0
CHBL,quarterly,Q3 2026,EPS,-1.4
CHBL,quarterly,Q2 2026,EPS,-1.27
CHBL,quarterly,Q1 2026,EPS,-1.48
CHBL,quarterly,Q3 2025,EPS,-1.39
CHBL,annual,2025,Gross Profit Margin (%),-3.36
CHBL,annual,2024,Gross Profit Margin (%),0.33
CHBL,annual,2023,Gross Profit Margin (%),0.66
CHBL,annual,2022,Gross Profit Margin (%),-43.86
CHBL,annual,2025,Net Profit Margin (%),-26.07
CHBL,annual,2024,Net Profit Margin (%),-9.76
CHBL,annual,2023,Net Profit Margin (%),-19.04
CHBL,annual,2022,Net Profit Margin (%),-89.8
CHBL,annual,2025,EPS Growth (%),-90.85
CHBL,annual,2024,EPS Growth (%),19.32
CHBL,annual,2023,EPS Growth (%),10.43
CHBL,annual,2022,EPS Growth (%),-146.29
CHBL,annual,2025,PEG,0.02
CHBL,annual,2024,PEG,-0.07
CHBL,annual,2023,PEG,-0.07
CHBL,annual,2022,PEG,0.0
CHCC,annual,2026,Sales,36482808.0
CHCC,annual,2025,Sales,37810806.0
CHCC,annual,2024,Sales,38433747.0
CHCC,annual,2023,Sales,37386186.0
CHCC,annual,2026,Profit after Taxation,7254568.0
CHCC,annual,2025,Profit after Taxation,8681356.0
CHCC,annual,2024,Profit after Taxation,5499751.0
CHCC,annual,2023,Profit after Taxation,4403932.0
CHCC,annual,2026,EPS,37.34
CHCC,annual,2025,EPS,44.68
CHCC,annual,2024,EPS,28.31
CHCC,annual,2023,EPS,22.67
CHCC,quarterly,Q3 2026,Sales,7884370.0
CHCC,quarterly,Q2 2026,Sales,9420382.0
CHCC,quarterly,Q1 2026,Sales,10285283.0
CHCC,quarterly,Q3 2025,Sales,7769323.0
CHCC,quarterly,Q3 2026,Profit after Taxation,1407260.0
CHCC,quarterly,Q2 2026,Profit after Taxation,2014869.0
CHCC,quarterly,Q1 2026,Profit after Taxation,2095496.0
CHCC,quarterly,Q3 2025,Profit after Taxation,1684943.0
CHCC,quarterly,Q3 2026,EPS,7.24
CHCC,quarterly,Q2 2026,EPS,10.37
CHCC,quarterly,Q1 2026,EPS,10.79
CHCC,quarterly,Q3 2025,EPS,8.67
CHCC,annual,2026,Gross Profit Margin (%),33.01
CHCC,annual,2025,Gross Profit Margin (%),36.95
CHCC,annual,2024,Gross Profit Margin (%),30.81
CHCC,annual,2023,Gross Profit Margin (%),27.11
CHCC,annual,2026,Net Profit Margin (%),19.88
CHCC,annual,2025,Net Profit Margin (%),22.96
CHCC,annual,2024,Net Profit Margin (%),14.31
CHCC,annual,2023,Net Profit Margin (%),11.78
CHCC,annual,2026,EPS Growth (%),-16.43
CHCC,annual,2025,EPS Growth (%),57.82
CHCC,annual,2024,EPS Growth (%),24.88
CHCC,annual,2023,EPS Growth (%),-1.13
CHCC,annual,2026,PEG,-0.56
CHCC,annual,2025,PEG,0.11
CHCC,annual,2024,PEG,0.23
CHCC,annual,2023,PEG,-4.68
CJPL,annual,2026,Profit after Taxation,-6946.0
CJPL,annual,2025,Profit after Taxation,-7410.0
CJPL,annual,2024,Profit after Taxation,-7383.0
CJPL,annual,2023,Profit after Taxation,-9162.0
CJPL,quarterly,Q3 2026,Profit after Taxation,-1571.0
CJPL,quarterly,Q2 2026,Profit after Taxation,-2028.0
CJPL,quarterly,Q1 2026,Profit after Taxation,-1475.0
CJPL,quarterly,Q3 2025,Profit after Taxation,-1988.0
CJPL,annual,2026,EPS Growth (%),6.45
CJPL,annual,2024,EPS Growth (%),20.51
CJPL,annual,2023,EPS Growth (%),-118.06
CJPL,annual,2026,PEG,-7.29
CJPL,annual,2024,PEG,-0.53
CJPL,annual,2023,PEG,0.07
CLOUD,annual,2020,Sales,146549.0
CLOUD,annual,2023,Profit after Taxation,-30803.0
CLOUD,annual,2022,Profit after Taxation,-43254.0
CLOUD,annual,2021,Profit after Taxation,-48372.0
CLOUD,annual,2020,Profit after Taxation,-50473.0
CLOUD,annual,2023,EPS,-0.25
CLOUD,annual,2022,EPS,-0.36
CLOUD,annual,2021,EPS,-0.35
CLOUD,annual,2020,EPS,-0.36
CLOUD,quarterly,Q3 2024,Profit after Taxation,-73116.0
CLOUD,quarterly,Q2 2024,Profit after Taxation,-8821.0
CLOUD,quarterly,Q1 2024,Profit after Taxation,-9882.0
CLOUD,quarterly,Q3 2023,Profit after Taxation,-8893.0
CLOUD,quarterly,Q3 2024,EPS,-0.6
CLOUD,quarterly,Q2 2024,EPS,-0.07
CLOUD,quarterly,Q1 2024,EPS,-0.08
CLOUD,quarterly,Q3 2023,EPS,-0.07
CLOUD,annual,2020,Gross Profit Margin (%),-22.13
CLOUD,annual,2020,Net Profit Margin (%),-34.44
CLOUD,annual,2023,EPS Growth (%),30.56
CLOUD,annual,2022,EPS Growth (%),-2.86
CLOUD,annual,2021,EPS Growth (%),2.78
CLOUD,annual,2020,EPS Growth (%),32.08
CLOUD,annual,2023,PEG,-0.17
CLOUD,annual,2022,PEG,1.67
CLOUD,annual,2021,PEG,-3.15
CLOUD,annual,2020,PEG,-0.14
CLOV,annual,2026,Sales,7761979.0
CLOV,annual,2025,Sales,3677864.0
CLOV,annual,2024,Sales,1812302.0
CLOV,annual,2023,Sales,59412.0
CLOV,annual,2026,Profit after Taxation,315753.0
CLOV,annual,2025,Profit after Taxation,253398.0
CLOV,annual,2024,Profit after Taxation,192326.0
CLOV,annual,2023,Profit after Taxation,-71249.0
CLOV,annual,2026,EPS,0.81
CLOV,annual,2025,EPS,0.65
CLOV,annual,2024,EPS,6.18
CLOV,annual,2023,EPS,-2.29
CLOV,quarterly,Q3 2026,Sales,1632702.0
CLOV,quarterly,Q2 2026,Sales,1288590.0
CLOV,quarterly,Q1 2026,Sales,1391294.0
CLOV,quarterly,Q3 2025,Sales,559894.0
CLOV,quarterly,Q3 2026,Profit after Taxation,93783.0
CLOV,quarterly,Q2 2026,Profit after Taxation,73703.0
CLOV,quarterly,Q1 2026,Profit after Taxation,29153.0
CLOV,quarterly,Q3 2025,Profit after Taxation,40492.0
CLOV,quarterly,Q3 2026,EPS,0.24
CLOV,quarterly,Q2 2026,EPS,1.89
CLOV,quarterly,Q1 2026,EPS,0.75
CLOV,quarterly,Q3 2025,EPS,1.04
CLOV,annual,2026,Gross Profit Margin (%),6.54
CLOV,annual,2025,Gross Profit Margin (%),11.28
CLOV,annual,2024,Gross Profit Margin (%),13.7
CLOV,annual,2023,Gross Profit Margin (%),-13.79
CLOV,annual,2026,Net Profit Margin (%),4.07
CLOV,annual,2025,Net Profit Margin (%),6.89
CLOV,annual,2024,Net Profit Margin (%),10.61
CLOV,annual,2023,Net Profit Margin (%),-119.92
CLOV,annual,2026,EPS Growth (%),24.62
CLOV,annual,2025,EPS Growth (%),-89.48
CLOV,annual,2024,EPS Growth (%),369.87
CLOV,annual,2023,EPS Growth (%),31.85
CLOV,annual,2026,PEG,0.41
CLOV,annual,2025,PEG,-0.71
CLOV,annual,2024,PEG,0.02
CLOV,annual,2023,PEG,-0.17
CLVL,annual,2026,Sales,42299.0
CLVL,annual,2025,Sales,23695.0
CLVL,annual,2024,Sales,45935.0
CLVL,annual,2023,Sales,56053.0
CLVL,annual,2026,Profit after Taxation,-79370.0
CLVL,annual,2025,Profit after Taxation,-62959.0
CLVL,annual,2024,Profit after Taxation,19105.0
CLVL,annual,2023,Profit after Taxation,31228.0
CLVL,annual,2026,EPS,-1.1
CLVL,annual,2025,EPS,-0.87
CLVL,annual,2024,EPS,0.32
CLVL,annual,2023,EPS,0.52
CLVL,quarterly,Q3 2026,Sales,6556.0
CLVL,quarterly,Q2 2026,Sales,8859.0
CLVL,quarterly,Q1 2026,Sales,5314.0
CLVL,quarterly,Q3 2025,Sales,5278.0
CLVL,quarterly,Q3 2026,Profit after Taxation,-12273.0
CLVL,quarterly,Q2 2026,Profit after Taxation,-10788.0
CLVL,quarterly,Q1 2026,Profit after Taxation,-14159.0
CLVL,quarterly,Q3 2025,Profit after Taxation,-14134.0
CLVL,quarterly,Q3 2026,EPS,-0.17
CLVL,quarterly,Q2 2026,EPS,-0.15
CLVL,quarterly,Q1 2026,EPS,-0.2
CLVL,quarterly,Q3 2025,EPS,-0.2
CLVL,annual,2025,Gross Profit Margin (%),86.92
CLVL,annual,2024,Gross Profit Margin (%),70.71
CLVL,annual,2023,Gross Profit Margin (%),67.65
CLVL,annual,2022,Gross Profit Margin (%),67.89
CLVL,annual,2025,Net Profit Margin (%),-187.64
CLVL,annual,2024,Net Profit Margin (%),-265.7
CLVL,annual,2023,Net Profit Margin (%),41.59
CLVL,annual,2022,Net Profit Margin (%),55.71
CLVL,annual,2025,EPS Growth (%),-26.44
CLVL,annual,2024,EPS Growth (%),-371.87
CLVL,annual,2023,EPS Growth (%),-38.46
CLVL,annual,2022,EPS Growth (%),240.54
CLVL,annual,2025,PEG,0.53
CLVL,annual,2024,PEG,0.06
CLVL,annual,2023,PEG,-0.53
CLVL,annual,2022,PEG,0.04
CNERGY,annual,2026,Sales,410210291.0
CNERGY,annual,2025,Sales,296719736.0
CNERGY,annual,2024,Sales,240626169.0
CNERGY,annual,2023,Sales,193912162.0
CNERGY,annual,2026,Profit after Taxation,10754419.0
CNERGY,annual,2025,Profit after Taxation,-2895421.0
CNERGY,annual,2024,Profit after Taxation,1008374.0
CNERGY,annual,2023,Profit after Taxation,-12663279.0
CNERGY,annual,2026,EPS,1.96
CNERGY,annual,2025,EPS,-0.53
CNERGY,annual,2024,EPS,0.18
CNERGY,annual,2023,EPS,-2.34
CNERGY,quarterly,Q3 2026,Sales,115574631.0
CNERGY,quarterly,Q2 2026,Sales,84668264.0
CNERGY,quarterly,Q1 2026,Sales,61612977.0
CNERGY,quarterly,Q3 2025,Sales,74579615.0
CNERGY,quarterly,Q3 2026,Profit after Taxation,14740830.0
CNERGY,quarterly,Q2 2026,Profit after Taxation,3556626.0
CNERGY,quarterly,Q1 2026,Profit after Taxation,-589470.0
CNERGY,quarterly,Q3 2025,Profit after Taxation,-2763284.0
CNERGY,quarterly,Q3 2026,EPS,2.68
CNERGY,quarterly,Q2 2026,EPS,0.65
CNERGY,quarterly,Q1 2026,EPS,-0.11
CNERGY,quarterly,Q3 2025,EPS,-0.5
CNERGY,annual,2026,Gross Profit Margin (%),4.93
CNERGY,annual,2025,Gross Profit Margin (%),1.68
CNERGY,annual,2024,Gross Profit Margin (%),5.17
CNERGY,annual,2023,Gross Profit Margin (%),-5.03
CNERGY,annual,2026,Net Profit Margin (%),2.62
CNERGY,annual,2025,Net Profit Margin (%),-0.98
CNERGY,annual,2024,Net Profit Margin (%),0.42
CNERGY,annual,2023,Net Profit Margin (%),-6.53
CNERGY,annual,2026,EPS Growth (%),469.81
CNERGY,annual,2025,EPS Growth (%),-394.44
CNERGY,annual,2024,EPS Growth (%),107.69
CNERGY,annual,2023,EPS Growth (%),-362.92
CNERGY,annual,2026,PEG,0.01
CNERGY,annual,2025,PEG,0.03
CNERGY,annual,2024,PEG,0.2
CNERGY,annual,2023,PEG,0.0
COLG,annual,2026,Sales,125220050.0
COLG,annual,2025,Sales,116000701.0
COLG,annual,2024,Sales,113230777.0
COLG,annual,2023,Sales,91459504.0
COLG,annual,2026,Profit after Taxation,18629297.0
COLG,annual,2025,Profit after Taxation,18397273.0
COLG,annual,2024,Profit after Taxation,17312752.0
COLG,annual,2023,Profit after Taxation,10409994.0
COLG,annual,2026,EPS,76.74
COLG,annual,2025,EPS,75.78
COLG,annual,2024,EPS,71.23
COLG,annual,2023,EPS,42.88
COLG,quarterly,Q3 2026,Sales,31134526.0
COLG,quarterly,Q2 2026,Sales,29145240.0
COLG,quarterly,Q1 2026,Sales,30862088.0
COLG,quarterly,Q3 2025,Sales,29058033.0
COLG,quarterly,Q3 2026,Profit after Taxation,4775054.0
COLG,quarterly,Q2 2026,Profit after Taxation,4143187.0
COLG,quarterly,Q1 2026,Profit after Taxation,4564029.0
COLG,quarterly,Q3 2025,Profit after Taxation,4407218.0
COLG,quarterly,Q3 2026,EPS,19.67
COLG,quarterly,Q2 2026,EPS,17.07
COLG,quarterly,Q1 2026,EPS,18.8
COLG,quarterly,Q3 2025,EPS,18.15
COLG,annual,2026,Gross Profit Margin (%),35.01
COLG,annual,2025,Gross Profit Margin (%),35.1
COLG,annual,2024,Gross Profit Margin (%),32.58
COLG,annual,2023,Gross Profit Margin (%),28.54
COLG,annual,2026,Net Profit Margin (%),14.88
COLG,annual,2025,Net Profit Margin (%),15.86
COLG,annual,2024,Net Profit Margin (%),15.29
COLG,annual,2023,Net Profit Margin (%),11.38
COLG,annual,2026,EPS Growth (%),1.27
COLG,annual,2025,EPS Growth (%),6.39
COLG,annual,2024,EPS Growth (%),66.11
COLG,annual,2023,EPS Growth (%),77.26
COLG,annual,2026,PEG,12.8
COLG,annual,2025,PEG,2.76
COLG,annual,2024,PEG,0.26
COLG,annual,2023,PEG,0.34
CPAL,annual,2020,Sales,31899.0
CPAL,annual,2019,Sales,50369.0
CPAL,annual,2018,Sales,43705.0
CPAL,annual,2017,Sales,41339.0
CPAL,annual,2020,Total Income,40875.0
CPAL,annual,2019,Total Income,58647.0
CPAL,annual,2018,Total Income,64460.0
CPAL,annual,2017,Total Income,52507.0
CPAL,annual,2020,Profit after Taxation,8667.0
CPAL,annual,2019,Profit after Taxation,20147.0
CPAL,annual,2018,Profit after Taxation,33794.0
CPAL,annual,2017,Profit after Taxation,21036.0
CPAL,annual,2020,EPS,0.81
CPAL,annual,2019,EPS,1.88
CPAL,annual,2018,EPS,3.15
CPAL,annual,2017,EPS,1.96
CPAL,annual,2020,EPS Growth (%),-56.91
CPAL,annual,2019,EPS Growth (%),-40.32
CPAL,annual,2018,EPS Growth (%),60.71
CPAL,annual,2017,EPS Growth (%),5.95
CPAL,annual,2020,PEG,-0.11
CPAL,annual,2019,PEG,-0.13
CPAL,annual,2018,PEG,0.06
CPAL,annual,2017,PEG,1.03
CPHL,annual,2026,Sales,14004608.0
CPHL,annual,2025,Sales,13153521.0
CPHL,annual,2024,Sales,12409239.0
CPHL,annual,2023,Sales,12396983.0
CPHL,annual,2026,Profit after Taxation,782597.0
CPHL,annual,2025,Profit after Taxation,892039.0
CPHL,annual,2024,Profit after Taxation,833464.0
CPHL,annual,2023,Profit after Taxation,657984.0
CPHL,annual,2026,EPS,3.43
CPHL,annual,2025,EPS,3.9
CPHL,annual,2024,EPS,3.65
CPHL,annual,2023,EPS,2.88
CPHL,quarterly,Q3 2026,Sales,3084746.0
CPHL,quarterly,Q2 2026,Sales,4332566.0
CPHL,quarterly,Q1 2026,Sales,3370247.0
CPHL,quarterly,Q3 2025,Sales,3341108.0
CPHL,quarterly,Q3 2026,Profit after Taxation,275415.0
CPHL,quarterly,Q2 2026,Profit after Taxation,404334.0
CPHL,quarterly,Q1 2026,Profit after Taxation,203691.0
CPHL,quarterly,Q3 2025,Profit after Taxation,220375.0
CPHL,quarterly,Q3 2026,EPS,1.21
CPHL,quarterly,Q2 2026,EPS,1.77
CPHL,quarterly,Q1 2026,EPS,0.89
CPHL,quarterly,Q3 2025,EPS,0.96
CPHL,annual,2026,Gross Profit Margin (%),17.49
CPHL,annual,2025,Gross Profit Margin (%),15.34
CPHL,annual,2024,Gross Profit Margin (%),12.78
CPHL,annual,2023,Gross Profit Margin (%),12.16
CPHL,annual,2026,Net Profit Margin (%),5.59
CPHL,annual,2025,Net Profit Margin (%),6.78
CPHL,annual,2024,Net Profit Margin (%),6.72
CPHL,annual,2023,Net Profit Margin (%),5.31
CPHL,annual,2026,EPS Growth (%),-12.05
CPHL,annual,2025,EPS Growth (%),6.85
CPHL,annual,2024,EPS Growth (%),26.74
CPHL,annual,2026,PEG,-1.88
CPHL,annual,2025,PEG,3.14
CPHL,annual,2024,PEG,0.29
CPPL,annual,2026,Sales,15093330.0
CPPL,annual,2025,Sales,13013710.0
CPPL,annual,2024,Sales,13820153.0
CPPL,annual,2023,Sales,16554262.0
CPPL,annual,2026,Profit after Taxation,651005.0
CPPL,annual,2025,Profit after Taxation,356431.0
CPPL,annual,2024,Profit after Taxation,885892.0
CPPL,annual,2023,Profit after Taxation,908250.0
CPPL,annual,2026,EPS,13.26
CPPL,annual,2025,EPS,7.26
CPPL,annual,2024,EPS,18.04
CPPL,annual,2023,EPS,18.5
CPPL,quarterly,Q3 2026,Sales,3690971.0
CPPL,quarterly,Q2 2026,Sales,4010379.0
CPPL,quarterly,Q1 2026,Sales,3368463.0
CPPL,quarterly,Q3 2025,Sales,3309672.0
CPPL,quarterly,Q3 2026,Profit after Taxation,27646.0
CPPL,quarterly,Q2 2026,Profit after Taxation,70958.0
CPPL,quarterly,Q1 2026,Profit after Taxation,16159.0
CPPL,quarterly,Q3 2025,Profit after Taxation,85229.0
CPPL,quarterly,Q3 2026,EPS,0.56
CPPL,quarterly,Q2 2026,EPS,1.45
CPPL,quarterly,Q1 2026,EPS,0.33
CPPL,quarterly,Q3 2025,EPS,1.74
CPPL,annual,2026,Gross Profit Margin (%),12.45
CPPL,annual,2025,Gross Profit Margin (%),7.85
CPPL,annual,2024,Gross Profit Margin (%),10.57
CPPL,annual,2023,Gross Profit Margin (%),19.8
CPPL,annual,2026,Net Profit Margin (%),4.31
CPPL,annual,2025,Net Profit Margin (%),2.74
CPPL,annual,2024,Net Profit Margin (%),6.41
CPPL,annual,2023,Net Profit Margin (%),5.49
CPPL,annual,2026,EPS Growth (%),82.64
CPPL,annual,2025,EPS Growth (%),-59.76
CPPL,annual,2024,EPS Growth (%),-2.49
CPPL,annual,2023,EPS Growth (%),2.55
CPPL,annual,2026,PEG,0.09
CPPL,annual,2025,PEG,-0.27
CPPL,annual,2024,PEG,-2.63
CPPL,annual,2023,PEG,2.06
CRTM,annual,2026,Sales,19111706.0
CRTM,annual,2025,Sales,19003675.0
CRTM,annual,2024,Sales,23755882.0
CRTM,annual,2023,Sales,19891361.0
CRTM,annual,2026,Profit after Taxation,52703.0
CRTM,annual,2025,Profit after Taxation,-287431.0
CRTM,annual,2024,Profit after Taxation,-1749842.0
CRTM,annual,2023,Profit after Taxation,560814.0
CRTM,annual,2026,EPS,0.53
CRTM,annual,2025,EPS,-2.87
CRTM,annual,2024,EPS,-17.5
CRTM,annual,2023,EPS,5.61
CRTM,quarterly,Q3 2026,Sales,4697149.0
CRTM,quarterly,Q2 2026,Sales,4634135.0
CRTM,quarterly,Q1 2026,Sales,4840062.0
CRTM,quarterly,Q3 2025,Sales,5159201.0
CRTM,quarterly,Q3 2026,Profit after Taxation,6582.0
CRTM,quarterly,Q2 2026,Profit after Taxation,43294.0
CRTM,quarterly,Q1 2026,Profit after Taxation,-25633.0
CRTM,quarterly,Q3 2025,Profit after Taxation,-92023.0
CRTM,quarterly,Q3 2026,EPS,0.07
CRTM,quarterly,Q2 2026,EPS,0.43
CRTM,quarterly,Q1 2026,EPS,-0.26
CRTM,quarterly,Q3 2025,EPS,-0.92
CRTM,annual,2026,Gross Profit Margin (%),10.38
CRTM,annual,2025,Gross Profit Margin (%),8.97
CRTM,annual,2024,Gross Profit Margin (%),5.73
CRTM,annual,2023,Gross Profit Margin (%),13.4
CRTM,annual,2026,Net Profit Margin (%),0.28
CRTM,annual,2025,Net Profit Margin (%),-1.51
CRTM,annual,2024,Net Profit Margin (%),-7.37
CRTM,annual,2023,Net Profit Margin (%),2.82
CRTM,annual,2026,EPS Growth (%),118.47
CRTM,annual,2025,EPS Growth (%),83.6
CRTM,annual,2024,EPS Growth (%),-411.94
CRTM,annual,2023,EPS Growth (%),-58.99
CRTM,annual,2026,PEG,1.07
CRTM,annual,2025,PEG,-0.1
CRTM,annual,2024,PEG,0.0
CRTM,annual,2023,PEG,-0.04
CSAP,annual,2026,Sales,7936185.0
CSAP,annual,2025,Sales,6346278.0
CSAP,annual,2024,Sales,9111611.0
CSAP,annual,2023,Sales,4515598.0
CSAP,annual,2026,Profit after Taxation,1291411.0
CSAP,annual,2025,Profit after Taxation,1343279.0
CSAP,annual,2024,Profit after Taxation,1629412.0
CSAP,annual,2023,Profit after Taxation,176857.0
CSAP,annual,2026,EPS,16.63
CSAP,annual,2025,EPS,17.3
CSAP,annual,2024,EPS,20.69
CSAP,annual,2023,EPS,2.28
CSAP,quarterly,Q3 2026,Sales,1616631.0
CSAP,quarterly,Q2 2026,Sales,2431549.0
CSAP,quarterly,Q1 2026,Sales,1280793.0
CSAP,quarterly,Q3 2025,Sales,2423858.0
CSAP,quarterly,Q3 2026,Profit after Taxation,17332.0
CSAP,quarterly,Q2 2026,Profit after Taxation,248782.0
CSAP,quarterly,Q1 2026,Profit after Taxation,430951.0
CSAP,quarterly,Q3 2025,Profit after Taxation,955990.0
CSAP,quarterly,Q3 2026,EPS,0.22
CSAP,quarterly,Q2 2026,EPS,3.2
CSAP,quarterly,Q1 2026,EPS,5.55
CSAP,quarterly,Q3 2025,EPS,12.31
CSAP,annual,2026,Gross Profit Margin (%),25.38
CSAP,annual,2025,Gross Profit Margin (%),25.17
CSAP,annual,2024,Gross Profit Margin (%),28.93
CSAP,annual,2023,Gross Profit Margin (%),17.18
CSAP,annual,2026,Net Profit Margin (%),16.27
CSAP,annual,2025,Net Profit Margin (%),21.17
CSAP,annual,2024,Net Profit Margin (%),17.88
CSAP,annual,2023,Net Profit Margin (%),3.92
CSAP,annual,2026,EPS Growth (%),-3.87
CSAP,annual,2025,EPS Growth (%),-16.38
CSAP,annual,2024,EPS Growth (%),807.46
CSAP,annual,2023,EPS Growth (%),-51.69
CSAP,annual,2026,PEG,-1.77
CSAP,annual,2025,PEG,-0.41
CSAP,annual,2024,PEG,0.0
CSAP,annual,2023,PEG,-0.18
CSIL,annual,2025,Profit after Taxation,20936.0
CSIL,annual,2024,Profit after Taxation,87159.0
CSIL,annual,2023,Profit after Taxation,68103.0
CSIL,annual,2022,Profit after Taxation,26933.0
CSIL,annual,2025,EPS,0.19
CSIL,annual,2024,EPS,0.81
CSIL,annual,2023,EPS,0.63
CSIL,annual,2022,EPS,0.25
CSIL,quarterly,Q2 2026,Profit after Taxation,-11850.0
CSIL,quarterly,Q1 2026,Profit after Taxation,-39076.0
CSIL,quarterly,Q3 2025,Profit after Taxation,-7174.0
CSIL,quarterly,Q2 2025,Profit after Taxation,4606.0
CSIL,quarterly,Q2 2026,EPS,-0.08
CSIL,quarterly,Q1 2026,EPS,-0.26
CSIL,quarterly,Q3 2025,EPS,-0.07
CSIL,quarterly,Q2 2025,EPS,0.04
CSIL,annual,2025,Gross Profit Margin (%),-50.58
CSIL,annual,2024,Gross Profit Margin (%),29.31
CSIL,annual,2023,Gross Profit Margin (%),0.23
CSIL,annual,2022,Gross Profit Margin (%),-29.6
CSIL,annual,2025,Net Profit Margin (%),21.41
CSIL,annual,2024,Net Profit Margin (%),38.85
CSIL,annual,2023,Net Profit Margin (%),24.51
CSIL,annual,2022,Net Profit Margin (%),22.77
CSIL,annual,2025,EPS Growth (%),-76.54
CSIL,annual,2024,EPS Growth (%),28.57
CSIL,annual,2023,EPS Growth (%),152.0
CSIL,annual,2022,EPS Growth (%),-41.86
CSIL,annual,2025,PEG,-0.67
CSIL,annual,2024,PEG,0.12
CSIL,annual,2023,PEG,0.02
CSIL,annual,2022,PEG,-0.15
CSM,annual,2017,Total Income,39523.0
CSM,annual,2016,Total Income,37265.0
CSM,annual,2015,Total Income,30686.0
CSM,annual,2014,Total Income,49143.0
CSM,annual,2017,Profit after Taxation,3499.0
CSM,annual,2016,Profit after Taxation,7257.0
CSM,annual,2015,Profit after Taxation,-7140.0
CSM,annual,2014,Profit after Taxation,5928.0
CSM,annual,2017,EPS,0.17
CSM,annual,2016,EPS,0.36
CSM,annual,2015,EPS,-0.36
CSM,annual,2014,EPS,0.3
CSM,annual,2017,EPS Growth (%),-52.78
CSM,annual,2016,EPS Growth (%),200.0
CSM,annual,2015,EPS Growth (%),-220.0
CSM,annual,2014,EPS Growth (%),3.45
CSM,annual,2017,PEG,-0.39
CSM,annual,2016,PEG,0.03
CSM,annual,2015,PEG,0.16
CSM,annual,2014,PEG,4.53
CTM,annual,2025,Sales,16888072.0
CTM,annual,2024,Sales,16764028.0
CTM,annual,2023,Sales,20852724.0
CTM,annual,2022,Sales,30817244.0
CTM,annual,2025,Profit after Taxation,-2234018.0
CTM,annual,2024,Profit after Taxation,-3641199.0
CTM,annual,2023,Profit after Taxation,824377.0
CTM,annual,2022,Profit after Taxation,286311.0
CTM,annual,2025,EPS,-4.49
CTM,annual,2024,EPS,-7.31
CTM,annual,2023,EPS,1.66
CTM,annual,2022,EPS,0.57
CTM,quarterly,Q3 2026,Sales,4901509.0
CTM,quarterly,Q2 2026,Sales,5168932.0
CTM,quarterly,Q1 2026,Sales,5162267.0
CTM,quarterly,Q3 2025,Sales,5191617.0
CTM,quarterly,Q3 2026,Profit after Taxation,-596950.0
CTM,quarterly,Q2 2026,Profit after Taxation,-485189.0
CTM,quarterly,Q1 2026,Profit after Taxation,-258429.0
CTM,quarterly,Q3 2025,Profit after Taxation,-609937.0
CTM,quarterly,Q3 2026,EPS,-1.2
CTM,quarterly,Q2 2026,EPS,-0.97
CTM,quarterly,Q1 2026,EPS,-0.52
CTM,quarterly,Q3 2025,EPS,-1.22
CTM,annual,2025,Gross Profit Margin (%),-7.9
CTM,annual,2024,Gross Profit Margin (%),-14.24
CTM,annual,2023,Gross Profit Margin (%),-2.89
CTM,annual,2022,Gross Profit Margin (%),9.36
CTM,annual,2025,Net Profit Margin (%),-13.23
CTM,annual,2024,Net Profit Margin (%),-21.72
CTM,annual,2023,Net Profit Margin (%),3.95
CTM,annual,2022,Net Profit Margin (%),0.93
CTM,annual,2025,EPS Growth (%),38.58
CTM,annual,2024,EPS Growth (%),-540.36
CTM,annual,2023,EPS Growth (%),191.23
CTM,annual,2022,EPS Growth (%),-62.0
CTM,annual,2025,PEG,-0.03
CTM,annual,2024,PEG,0.0
CTM,annual,2023,PEG,0.01
CTM,annual,2022,PEG,-0.1
CWSM,annual,2025,Profit after Taxation,-117727.0
CWSM,annual,2024,Profit after Taxation,-121746.0
CWSM,annual,2023,Profit after Taxation,-30803.0
CWSM,annual,2022,Profit after Taxation,-43254.0
CWSM,annual,2025,EPS,-0.97
CWSM,annual,2024,EPS,-1.0
CWSM,annual,2023,EPS,-0.25
CWSM,annual,2022,EPS,-0.36
CWSM,quarterly,Q1 2026,Profit after Taxation,-28147.0
CWSM,quarterly,Q3 2025,Profit after Taxation,-28200.0
CWSM,quarterly,Q2 2025,Profit after Taxation,-27721.0
CWSM,quarterly,Q1 2025,Profit after Taxation,-29061.0
CWSM,quarterly,Q1 2026,EPS,-0.23
CWSM,quarterly,Q3 2025,EPS,-0.23
CWSM,quarterly,Q2 2025,EPS,-0.23
CWSM,quarterly,Q1 2025,EPS,-0.24
CWSM,annual,2025,EPS Growth (%),3.0
CWSM,annual,2024,EPS Growth (%),-300.0
CWSM,annual,2023,EPS Growth (%),30.56
CWSM,annual,2022,EPS Growth (%),-2.86
CWSM,annual,2025,PEG,-14.39
CWSM,annual,2024,PEG,0.08
CWSM,annual,2023,PEG,-0.17
CWSM,annual,2022,PEG,1.67
CYAN,annual,2024,Total Income,747096.0
CYAN,annual,2023,Total Income,418862.0
CYAN,annual,2022,Total Income,-343621.0
CYAN,annual,2021,Total Income,435170.0
CYAN,annual,2024,Profit after Taxation,557684.0
CYAN,annual,2023,Profit after Taxation,324604.0
CYAN,annual,2022,Profit after Taxation,-439010.0
CYAN,annual,2021,Profit after Taxation,203393.0
CYAN,annual,2024,EPS,9.06
CYAN,annual,2023,EPS,5.27
CYAN,annual,2022,EPS,-7.13
CYAN,annual,2021,EPS,3.3
CYAN,quarterly,Q3 2025,Total Income,434858.0
CYAN,quarterly,Q2 2025,Total Income,177848.0
CYAN,quarterly,Q1 2025,Total Income,30473.0
CYAN,quarterly,Q3 2024,Total Income,61047.0
CYAN,quarterly,Q3 2025,Profit after Taxation,370306.0
CYAN,quarterly,Q2 2025,Profit after Taxation,122132.0
CYAN,quarterly,Q1 2025,Profit after Taxation,15167.0
CYAN,quarterly,Q3 2024,Profit after Taxation,44026.0
CYAN,quarterly,Q3 2025,EPS,6.02
CYAN,quarterly,Q2 2025,EPS,1.98
CYAN,quarterly,Q1 2025,EPS,0.25
CYAN,quarterly,Q3 2024,EPS,0.72
CYAN,annual,2024,Net Profit Margin (%),74.65
CYAN,annual,2023,Net Profit Margin (%),77.5
CYAN,annual,2022,Net Profit Margin (%),127.76
CYAN,annual,2021,Net Profit Margin (%),46.74
CYAN,annual,2024,EPS Growth (%),71.92
CYAN,annual,2023,EPS Growth (%),173.91
CYAN,annual,2022,EPS Growth (%),-316.06
CYAN,annual,2021,EPS Growth (%),-43.1
CYAN,annual,2024,PEG,0.06
CYAN,annual,2023,PEG,0.03
CYAN,annual,2022,PEG,0.01
CYAN,annual,2021,PEG,-0.24
DAAG,annual,2026,Sales,386076.0
DAAG,annual,2025,Sales,353207.0
DAAG,annual,2024,Sales,362312.0
DAAG,annual,2023,Sales,214573.0
DAAG,annual,2026,EPS,1.88
DAAG,annual,2025,EPS,-6.17
DAAG,annual,2024,EPS,1.87
DAAG,annual,2023,EPS,4.21
DAAG,quarterly,Q3 2026,Sales,82319.0
DAAG,quarterly,Q2 2026,Sales,89845.0
DAAG,quarterly,Q1 2026,Sales,110926.0
DAAG,quarterly,Q3 2025,Sales,75204.0
DAAG,quarterly,Q3 2026,EPS,-2.15
DAAG,quarterly,Q2 2026,EPS,3.81
DAAG,quarterly,Q1 2026,EPS,-7.76
DAAG,quarterly,Q3 2025,EPS,-6.63
DAAG,annual,2026,Gross Profit Margin (%),23.69
DAAG,annual,2025,Gross Profit Margin (%),15.66
DAAG,annual,2024,Gross Profit Margin (%),25.72
DAAG,annual,2023,Gross Profit Margin (%),24.03
DAAG,annual,2026,Net Profit Margin (%),1.94
DAAG,annual,2025,Net Profit Margin (%),-6.99
DAAG,annual,2024,Net Profit Margin (%),2.07
DAAG,annual,2023,Net Profit Margin (%),7.84
DAAG,annual,2026,EPS Growth (%),130.47
DAAG,annual,2025,EPS Growth (%),-429.95
DAAG,annual,2024,EPS Growth (%),-55.58
DAAG,annual,2023,EPS Growth (%),528.36
DAAG,annual,2026,PEG,0.38
DAAG,annual,2025,PEG,0.04
DAAG,annual,2024,PEG,-2.36
DAAG,annual,2023,PEG,0.01
DADX,annual,2026,Sales,959910.0
DADX,annual,2025,Sales,780943.0
DADX,annual,2024,Sales,1119264.0
DADX,annual,2023,Sales,1413449.0
DADX,annual,2026,Profit after Taxation,479682.0
DADX,annual,2025,Profit after Taxation,-407047.0
DADX,annual,2024,Profit after Taxation,-350403.0
DADX,annual,2023,Profit after Taxation,-420029.0
DADX,annual,2026,EPS,44.56
DADX,annual,2025,EPS,-37.82
DADX,annual,2024,EPS,-32.55
DADX,annual,2023,EPS,-39.02
DADX,quarterly,Q3 2026,Sales,295135.0
DADX,quarterly,Q2 2026,Sales,212407.0
DADX,quarterly,Q1 2026,Sales,205699.0
DADX,quarterly,Q3 2025,Sales,213143.0
DADX,quarterly,Q3 2026,Profit after Taxation,-49637.0
DADX,quarterly,Q2 2026,Profit after Taxation,-53498.0
DADX,quarterly,Q1 2026,Profit after Taxation,-75648.0
DADX,quarterly,Q3 2025,Profit after Taxation,-67552.0
DADX,quarterly,Q3 2026,EPS,-4.61
DADX,quarterly,Q2 2026,EPS,-4.97
DADX,quarterly,Q1 2026,EPS,-7.0
DADX,quarterly,Q3 2025,EPS,-6.28
DADX,annual,2026,Gross Profit Margin (%),-0.42
DADX,annual,2025,Gross Profit Margin (%),-5.85
DADX,annual,2024,Gross Profit Margin (%),5.06
DADX,annual,2023,Gross Profit Margin (%),10.04
DADX,annual,2026,Net Profit Margin (%),49.97
DADX,annual,2025,Net Profit Margin (%),-52.12
DADX,annual,2024,Net Profit Margin (%),-31.31
DADX,annual,2023,Net Profit Margin (%),-29.72
DADX,annual,2026,EPS Growth (%),217.82
DADX,annual,2025,EPS Growth (%),-16.19
DADX,annual,2024,EPS Growth (%),16.58
DADX,annual,2023,EPS Growth (%),-193.83
DADX,annual,2026,PEG,0.01
DADX,annual,2025,PEG,0.11
DADX,annual,2024,PEG,-0.07
DADX,annual,2023,PEG,0.0
DATM,annual,2022,Profit after Taxation,-1146.0
DATM,annual,2021,Profit after Taxation,-1843.0
DATM,annual,2020,Profit after Taxation,-2541.0
DATM,annual,2019,Profit after Taxation,-2530.0
DATM,annual,2022,EPS,-0.01
DATM,annual,2021,EPS,-0.02
DATM,annual,2020,EPS,-0.03
DATM,annual,2019,EPS,-0.03
DATM,quarterly,Q3 2023,Sales,300.0
DATM,quarterly,Q3 2023,Profit after Taxation,-3374.0
DATM,quarterly,Q2 2023,Profit after Taxation,-1610.0
DATM,quarterly,Q1 2023,Profit after Taxation,-1205.0
DATM,quarterly,Q3 2022,Profit after Taxation,-90.0
DATM,quarterly,Q3 2023,EPS,-0.34
DATM,quarterly,Q2 2023,EPS,-0.16
DATM,quarterly,Q1 2023,EPS,-0.12
DATM,quarterly,Q3 2022,EPS,-0.01
DATM,annual,2022,EPS Growth (%),50.0
DATM,annual,2021,EPS Growth (%),33.33
DATM,annual,2019,EPS Growth (%),94.0
DATM,annual,2022,PEG,-1.0
DATM,annual,2021,PEG,-0.75
DATM,annual,2019,PEG,-0.18
DAWH,annual,2023,Total Income,14881160.0
DAWH,annual,2022,Total Income,6222433.0
DAWH,annual,2021,Total Income,6012505.0
DAWH,annual,2020,Total Income,6970128.0
DAWH,annual,2023,Profit after Taxation,10349773.0
DAWH,annual,2022,Profit after Taxation,3692274.0
DAWH,annual,2021,Profit after Taxation,3980848.0
DAWH,annual,2020,Profit after Taxation,3727994.0
DAWH,annual,2023,EPS,21.5
DAWH,annual,2022,EPS,7.67
DAWH,annual,2021,EPS,8.27
DAWH,annual,2020,EPS,7.75
DAWH,quarterly,Q3 2024,Total Income,2758662.0
DAWH,quarterly,Q2 2024,Total Income,5223992.0
DAWH,quarterly,Q1 2024,Total Income,516588.0
DAWH,quarterly,Q3 2023,Total Income,1775389.0
DAWH,quarterly,Q3 2024,Profit after Taxation,1937391.0
DAWH,quarterly,Q2 2024,Profit after Taxation,3830493.0
DAWH,quarterly,Q1 2024,Profit after Taxation,346387.0
DAWH,quarterly,Q3 2023,Profit after Taxation,1368074.0
DAWH,quarterly,Q3 2024,EPS,4.03
DAWH,quarterly,Q2 2024,EPS,7.96
DAWH,quarterly,Q1 2024,EPS,0.72
DAWH,quarterly,Q3 2023,EPS,2.84
DAWH,annual,2023,Net Profit Margin (%),69.55
DAWH,annual,2022,Net Profit Margin (%),59.34
DAWH,annual,2021,Net Profit Margin (%),66.21
DAWH,annual,2020,Net Profit Margin (%),53.49
DAWH,annual,2023,EPS Growth (%),180.31
DAWH,annual,2022,EPS Growth (%),-7.26
DAWH,annual,2021,EPS Growth (%),6.71
DAWH,annual,2020,EPS Growth (%),-22.65
DAWH,annual,2023,PEG,0.03
DAWH,annual,2022,PEG,-1.7
DAWH,annual,2021,PEG,1.72
DAWH,annual,2020,PEG,-0.69
DBCI,annual,2026,Profit after Taxation,-32488.0
DBCI,annual,2025,Profit after Taxation,-12485.0
DBCI,annual,2024,Profit after Taxation,4873.0
DBCI,annual,2023,Profit after Taxation,3610.0
DBCI,annual,2026,EPS,-0.33
DBCI,annual,2025,EPS,-0.13
DBCI,annual,2024,EPS,0.05
DBCI,annual,2023,EPS,0.04
DBCI,quarterly,Q3 2026,Profit after Taxation,-7723.0
DBCI,quarterly,Q2 2026,Profit after Taxation,-5201.0
DBCI,quarterly,Q1 2026,Profit after Taxation,-3123.0
DBCI,quarterly,Q3 2025,Profit after Taxation,-3932.0
DBCI,quarterly,Q3 2026,EPS,-0.08
DBCI,quarterly,Q2 2026,EPS,0.01
DBCI,quarterly,Q1 2026,EPS,-0.03
DBCI,quarterly,Q3 2025,EPS,-0.04
DBCI,annual,2026,EPS Growth (%),-153.85
DBCI,annual,2025,EPS Growth (%),-360.0
DBCI,annual,2024,EPS Growth (%),25.0
DBCI,annual,2023,EPS Growth (%),233.33
DBCI,annual,2026,PEG,0.15
DBCI,annual,2025,PEG,0.13
DBCI,annual,2024,PEG,4.03
DBCI,annual,2023,PEG,0.33
DBSL,annual,2024,Profit after Taxation,-2575.0
DBSL,annual,2023,Profit after Taxation,-3122.0
DBSL,annual,2022,Profit after Taxation,-13923.0
DBSL,annual,2021,Profit after Taxation,-10059.0
DBSL,annual,2024,EPS,-0.64
DBSL,annual,2023,EPS,-0.78
DBSL,annual,2022,EPS,-3.48
DBSL,annual,2021,EPS,-2.51
DBSL,quarterly,Q3 2025,Profit after Taxation,-797.0
DBSL,quarterly,Q2 2025,Profit after Taxation,-582.0
DBSL,quarterly,Q1 2025,Profit after Taxation,-974.0
DBSL,quarterly,Q3 2024,Profit after Taxation,-889.0
DBSL,quarterly,Q3 2025,EPS,-0.2
DBSL,quarterly,Q2 2025,EPS,-0.15
DBSL,quarterly,Q1 2025,EPS,-0.24
DBSL,quarterly,Q3 2024,EPS,-0.29
DBSL,annual,2024,EPS Growth (%),17.95
DBSL,annual,2023,EPS Growth (%),77.59
DBSL,annual,2022,EPS Growth (%),-38.65
DBSL,annual,2021,EPS Growth (%),11.31
DBSL,annual,2024,PEG,-0.61
DBSL,annual,2023,PEG,-0.12
DBSL,annual,2022,PEG,0.05
DBSL,annual,2021,PEG,-0.25
DCL,annual,2026,Sales,24999433.0
DCL,annual,2025,Sales,21413394.0
DCL,annual,2024,Sales,22319082.0
DCL,annual,2023,Sales,20199555.0
DCL,annual,2026,Profit after Taxation,-169752.0
DCL,annual,2025,Profit after Taxation,-967787.0
DCL,annual,2024,Profit after Taxation,-509712.0
DCL,annual,2023,Profit after Taxation,-586306.0
DCL,annual,2026,EPS,-0.32
DCL,annual,2025,EPS,-2.0
DCL,annual,2024,EPS,-1.05
DCL,annual,2023,EPS,-1.21
DCL,quarterly,Q3 2026,Sales,6527975.0
DCL,quarterly,Q2 2026,Sales,6106670.0
DCL,quarterly,Q1 2026,Sales,5590963.0
DCL,quarterly,Q3 2025,Sales,5752917.0
DCL,quarterly,Q3 2026,Profit after Taxation,103798.0
DCL,quarterly,Q2 2026,Profit after Taxation,-215338.0
DCL,quarterly,Q1 2026,Profit after Taxation,-396457.0
DCL,quarterly,Q3 2025,Profit after Taxation,-30773.0
DCL,quarterly,Q3 2026,EPS,0.21
DCL,quarterly,Q2 2026,EPS,-0.44
DCL,quarterly,Q1 2026,EPS,-0.82
DCL,quarterly,Q3 2025,EPS,-0.06
DCL,annual,2026,Gross Profit Margin (%),6.35
DCL,annual,2025,Gross Profit Margin (%),7.22
DCL,annual,2024,Gross Profit Margin (%),1.77
DCL,annual,2023,Gross Profit Margin (%),2.21
DCL,annual,2026,Net Profit Margin (%),-0.68
DCL,annual,2025,Net Profit Margin (%),-4.52
DCL,annual,2024,Net Profit Margin (%),-2.28
DCL,annual,2023,Net Profit Margin (%),-2.9
DCL,annual,2026,EPS Growth (%),84.0
DCL,annual,2025,EPS Growth (%),-90.48
DCL,annual,2024,EPS Growth (%),13.22
DCL,annual,2023,EPS Growth (%),16.55
DCL,annual,2026,PEG,-0.53
DCL,annual,2025,PEG,0.05
DCL,annual,2024,PEG,-0.3
DCL,annual,2023,PEG,-0.27
DCR,annual,2026,Total Income,6751305.0
DCR,annual,2025,Total Income,6055286.0
DCR,annual,2024,Total Income,5504809.0
DCR,annual,2023,Total Income,4803797.0
DCR,annual,2026,Profit after Taxation,12688077.0
DCR,annual,2025,Profit after Taxation,7991911.0
DCR,annual,2024,Profit after Taxation,8140055.0
DCR,annual,2023,Profit after Taxation,9291819.0
DCR,annual,2026,EPS,5.7
DCR,annual,2025,EPS,3.6
DCR,annual,2024,EPS,3.66
DCR,annual,2023,EPS,4.18
DCR,quarterly,Q3 2026,Total Income,1699881.0
DCR,quarterly,Q2 2026,Total Income,1666817.0
DCR,quarterly,Q1 2026,Total Income,1613544.0
DCR,quarterly,Q3 2025,Total Income,1553746.0
DCR,quarterly,Q3 2026,Profit after Taxation,1445841.0
DCR,quarterly,Q2 2026,Profit after Taxation,2400593.0
DCR,quarterly,Q1 2026,Profit after Taxation,1385226.0
DCR,quarterly,Q3 2025,Profit after Taxation,1278842.0
DCR,quarterly,Q3 2026,EPS,0.65
DCR,quarterly,Q2 2026,EPS,1.08
DCR,quarterly,Q1 2026,EPS,0.62
DCR,quarterly,Q3 2025,EPS,0.58
DCR,annual,2026,Net Profit Margin (%),187.94
DCR,annual,2025,Net Profit Margin (%),131.98
DCR,annual,2024,Net Profit Margin (%),147.87
DCR,annual,2023,Net Profit Margin (%),193.43
DCR,annual,2026,EPS Growth (%),58.33
DCR,annual,2025,EPS Growth (%),-1.64
DCR,annual,2024,EPS Growth (%),-12.44
DCR,annual,2023,EPS Growth (%),-4.78
DCR,annual,2026,PEG,0.12
DCR,annual,2025,PEG,-4.58
DCR,annual,2024,PEG,-0.38
DCR,annual,2023,PEG,-0.68
DCTL,annual,2024,Profit after Taxation,334.0
DCTL,annual,2023,Profit after Taxation,-3786.0
DCTL,annual,2022,Profit after Taxation,-2173.0
DCTL,annual,2021,Profit after Taxation,-3200.0
DCTL,annual,2024,EPS,0.14
DCTL,annual,2023,EPS,-1.63
DCTL,annual,2022,EPS,-0.94
DCTL,annual,2021,EPS,-1.38
DCTL,quarterly,Q1 2020,Profit after Taxation,-1067.0
DCTL,quarterly,Q3 2019,Profit after Taxation,-2620.0
DCTL,quarterly,Q2 2019,Profit after Taxation,-2506.0
DCTL,quarterly,Q1 2019,Profit after Taxation,-2455.0
DCTL,quarterly,Q1 2020,EPS,-0.46
DCTL,quarterly,Q3 2019,EPS,-1.13
DCTL,quarterly,Q2 2019,EPS,-1.08
DCTL,quarterly,Q1 2019,EPS,-1.06
DCTL,annual,2024,EPS Growth (%),108.59
DCTL,annual,2023,EPS Growth (%),-73.4
DCTL,annual,2022,EPS Growth (%),31.88
DCTL,annual,2021,EPS Growth (%),-130.0
DCTL,annual,2024,PEG,0.01
DCTL,annual,2023,PEG,0.0
DCTL,annual,2022,PEG,0.0
DCTL,annual,2021,PEG,0.0
DEL,annual,2026,EPS,2.95
DEL,annual,2025,EPS,1.84
DEL,annual,2024,EPS,1.11
DEL,annual,2023,EPS,-0.88
DEL,quarterly,Q3 2026,EPS,0.6
DEL,quarterly,Q2 2026,EPS,1.03
DEL,quarterly,Q1 2026,EPS,1.3
DEL,quarterly,Q3 2025,EPS,0.56
DEL,annual,2026,Net Profit Margin (%),33.88
DEL,annual,2025,Net Profit Margin (%),31.99
DEL,annual,2024,Net Profit Margin (%),25.98
DEL,annual,2023,Net Profit Margin (%),-50.9
DEL,annual,2026,EPS Growth (%),60.33
DEL,annual,2025,EPS Growth (%),65.77
DEL,annual,2024,EPS Growth (%),226.14
DEL,annual,2023,EPS Growth (%),-351.43
DEL,annual,2026,PEG,0.11
DEL,annual,2025,PEG,0.09
DEL,annual,2024,PEG,0.02
DEL,annual,2023,PEG,0.01
DFML,annual,2025,Sales,1405314.0
DFML,annual,2024,Sales,9953.0
DFML,annual,2023,Sales,180.0
DFML,annual,2022,Sales,144.0
DFML,annual,2025,Profit after Taxation,-578443.0
DFML,annual,2024,Profit after Taxation,-457847.0
DFML,annual,2023,Profit after Taxation,-230805.0
DFML,annual,2022,Profit after Taxation,-176830.0
DFML,annual,2024,EPS,-3.43
DFML,annual,2023,EPS,-1.73
DFML,annual,2022,EPS,-1.33
DFML,quarterly,Q3 2024,Sales,43.0
DFML,quarterly,Q2 2024,Sales,8.0
DFML,quarterly,Q1 2024,Sales,17.0
DFML,quarterly,Q3 2023,Sales,94.0
DFML,quarterly,Q3 2024,Profit after Taxation,-100807.0
DFML,quarterly,Q2 2024,Profit after Taxation,-84883.0
DFML,quarterly,Q1 2024,Profit after Taxation,-55373.0
DFML,quarterly,Q3 2023,Profit after Taxation,-49707.0
DFML,quarterly,Q3 2024,EPS,-0.73
DFML,quarterly,Q2 2024,EPS,-0.61
DFML,quarterly,Q1 2024,EPS,-0.4
DFML,quarterly,Q3 2023,EPS,-0.36
DFML,annual,2025,Gross Profit Margin (%),-21.41
DFML,annual,2024,Gross Profit Margin (%),-2842.16
DFML,annual,2023,Gross Profit Margin (%),-78471.11
DFML,annual,2022,Gross Profit Margin (%),-57728.47
DFML,annual,2025,Net Profit Margin (%),-41.16
DFML,annual,2024,Net Profit Margin (%),-4600.09
DFML,annual,2023,Net Profit Margin (%),-128225.0
DFML,annual,2022,Net Profit Margin (%),-122798.61
DFML,annual,2025,EPS Growth (%),100.0
DFML,annual,2024,EPS Growth (%),-98.27
DFML,annual,2023,EPS Growth (%),-30.08
DFML,annual,2022,EPS Growth (%),6.34
DFML,annual,2024,PEG,0.12
DFML,annual,2023,PEG,0.21
DFML,annual,2022,PEG,-0.52
DFSM,annual,2026,Sales,275146.0
DFSM,annual,2025,Sales,219249.0
DFSM,annual,2024,Sales,446380.0
DFSM,annual,2023,Sales,488344.0
DFSM,annual,2026,Profit after Taxation,-210681.0
DFSM,annual,2025,Profit after Taxation,-213302.0
DFSM,annual,2024,Profit after Taxation,-383059.0
DFSM,annual,2023,Profit after Taxation,-286601.0
DFSM,annual,2026,EPS,-2.16
DFSM,annual,2025,EPS,-2.18
DFSM,annual,2024,EPS,-3.92
DFSM,annual,2023,EPS,-2.93
DFSM,quarterly,Q3 2026,Sales,56214.0
DFSM,quarterly,Q2 2026,Sales,41530.0
DFSM,quarterly,Q1 2026,Sales,70540.0
DFSM,quarterly,Q3 2025,Sales,65088.0
DFSM,quarterly,Q3 2026,Profit after Taxation,-31809.0
DFSM,quarterly,Q2 2026,Profit after Taxation,-77664.0
DFSM,quarterly,Q1 2026,Profit after Taxation,-58426.0
DFSM,quarterly,Q3 2025,Profit after Taxation,-55558.0
DFSM,quarterly,Q3 2026,EPS,-0.33
DFSM,quarterly,Q2 2026,EPS,-0.79
DFSM,quarterly,Q1 2026,EPS,-0.6
DFSM,quarterly,Q3 2025,EPS,-0.57
DFSM,annual,2026,Gross Profit Margin (%),-87.69
DFSM,annual,2025,Gross Profit Margin (%),-109.32
DFSM,annual,2024,Gross Profit Margin (%),-98.81
DFSM,annual,2023,Gross Profit Margin (%),-46.68
DFSM,annual,2026,Net Profit Margin (%),-76.57
DFSM,annual,2025,Net Profit Margin (%),-97.29
DFSM,annual,2024,Net Profit Margin (%),-85.81
DFSM,annual,2023,Net Profit Margin (%),-58.69
DFSM,annual,2026,EPS Growth (%),0.92
DFSM,annual,2025,EPS Growth (%),44.39
DFSM,annual,2024,EPS Growth (%),-33.79
DFSM,annual,2023,EPS Growth (%),-48.73
DFSM,annual,2026,PEG,-13.12
DFSM,annual,2025,PEG,-0.07
DFSM,annual,2024,PEG,0.03
DFSM,annual,2023,PEG,0.01
DGKC,annual,2026,Sales,79562656.0
DGKC,annual,2025,Sales,71892837.0
DGKC,annual,2024,Sales,66038689.0
DGKC,annual,2023,Sales,64983821.0
DGKC,annual,2026,Profit after Taxation,11425385.0
DGKC,annual,2025,Profit after Taxation,8675059.0
DGKC,annual,2024,Profit after Taxation,542396.0
DGKC,annual,2023,Profit after Taxation,-3635976.0
DGKC,annual,2026,EPS,26.08
DGKC,annual,2025,EPS,19.8
DGKC,annual,2024,EPS,1.24
DGKC,annual,2023,EPS,-8.3
DGKC,quarterly,Q3 2026,Sales,19996880.0
DGKC,quarterly,Q2 2026,Sales,20781561.0
DGKC,quarterly,Q1 2026,Sales,19808162.0
DGKC,quarterly,Q3 2025,Sales,18125324.0
DGKC,quarterly,Q3 2026,Profit after Taxation,2500968.0
DGKC,quarterly,Q2 2026,Profit after Taxation,3694386.0
DGKC,quarterly,Q1 2026,Profit after Taxation,2159956.0
DGKC,quarterly,Q3 2025,Profit after Taxation,1995716.0
DGKC,quarterly,Q3 2026,EPS,5.71
DGKC,quarterly,Q2 2026,EPS,8.43
DGKC,quarterly,Q1 2026,EPS,4.93
DGKC,quarterly,Q3 2025,EPS,4.56
DGKC,annual,2026,Gross Profit Margin (%),26.06
DGKC,annual,2025,Gross Profit Margin (%),25.74
DGKC,annual,2024,Gross Profit Margin (%),15.94
DGKC,annual,2023,Gross Profit Margin (%),14.7
DGKC,annual,2026,Net Profit Margin (%),14.36
DGKC,annual,2025,Net Profit Margin (%),12.07
DGKC,annual,2024,Net Profit Margin (%),0.82
DGKC,annual,2023,Net Profit Margin (%),-5.6
DGKC,annual,2026,EPS Growth (%),31.72
DGKC,annual,2025,EPS Growth (%),1496.77
DGKC,annual,2024,EPS Growth (%),114.94
DGKC,annual,2023,EPS Growth (%),-222.42
DGKC,annual,2026,PEG,0.27
DGKC,annual,2025,PEG,0.01
DGKC,annual,2024,PEG,0.63
DGKC,annual,2023,PEG,0.03
DHPL,quarterly,Q3 2025,Sales,633658.0
DHPL,quarterly,Q2 2025,Sales,2658829.0
DHPL,quarterly,Q3 2025,Sales,633658.0
DHPL,quarterly,Q3 2025,Profit after Taxation,461257.0
DHPL,quarterly,Q2 2025,Profit after Taxation,1769463.0
DHPL,quarterly,Q3 2025,Profit after Taxation,461257.0
DHPL,quarterly,Q3 2024,Profit after Taxation,-48.0
DHPL,quarterly,Q3 2025,EPS,0.96
DHPL,quarterly,Q2 2025,EPS,3.68
DHPL,quarterly,Q3 2025,EPS,0.96
DIIL,annual,2026,Sales,693871.0
DIIL,annual,2025,Sales,18100.0
DIIL,annual,2023,Sales,959924.0
DIIL,annual,2026,Profit after Taxation,38264.0
DIIL,annual,2025,Profit after Taxation,-153761.0
DIIL,annual,2024,Profit after Taxation,-24233.0
DIIL,annual,2023,Profit after Taxation,-43648.0
DIIL,annual,2026,EPS,4.25
DIIL,annual,2025,EPS,-17.08
DIIL,annual,2024,EPS,-2.69
DIIL,annual,2023,EPS,-4.85
DIIL,quarterly,Q3 2025,Profit after Taxation,-4412.0
DIIL,quarterly,Q2 2026,Profit after Taxation,1752.0
DIIL,quarterly,Q1 2026,Profit after Taxation,1752.0
DIIL,quarterly,Q3 2025,Profit after Taxation,-4412.0
DIIL,quarterly,Q3 2025,EPS,-0.49
DIIL,quarterly,Q2 2026,EPS,0.19
DIIL,quarterly,Q1 2026,EPS,0.19
DIIL,quarterly,Q3 2025,EPS,-0.49
DIIL,annual,2026,Gross Profit Margin (%),9.07
DIIL,annual,2025,Gross Profit Margin (%),-833.6
DIIL,annual,2023,Gross Profit Margin (%),3.54
DIIL,annual,2026,Net Profit Margin (%),5.51
DIIL,annual,2025,Net Profit Margin (%),-849.51
DIIL,annual,2023,Net Profit Margin (%),-4.55
DIIL,annual,2026,EPS Growth (%),124.88
DIIL,annual,2025,EPS Growth (%),-534.94
DIIL,annual,2024,EPS Growth (%),44.54
DIIL,annual,2023,EPS Growth (%),-182.48
DIIL,annual,2026,PEG,0.11
DIIL,annual,2025,PEG,0.0
DIIL,annual,2024,PEG,-0.18
DIIL,annual,2023,PEG,0.03
DINT,annual,2026,Sales,33089926.0
DINT,annual,2025,Sales,40118920.0
DINT,annual,2024,Sales,40154921.0
DINT,annual,2023,Sales,32313735.0
DINT,annual,2026,Profit after Taxation,103550.0
DINT,annual,2025,Profit after Taxation,-706496.0
DINT,annual,2024,Profit after Taxation,-2768498.0
DINT,annual,2023,Profit after Taxation,-867523.0
DINT,annual,2026,EPS,1.97
DINT,annual,2025,EPS,-13.47
DINT,annual,2024,EPS,-52.77
DINT,annual,2023,EPS,-16.53
DINT,quarterly,Q3 2026,Sales,8075592.0
DINT,quarterly,Q2 2026,Sales,7524345.0
DINT,quarterly,Q1 2026,Sales,9073833.0
DINT,quarterly,Q3 2025,Sales,10299112.0
DINT,quarterly,Q3 2026,Profit after Taxation,60761.0
DINT,quarterly,Q2 2026,Profit after Taxation,25349.0
DINT,quarterly,Q1 2026,Profit after Taxation,-147265.0
DINT,quarterly,Q3 2025,Profit after Taxation,-67206.0
DINT,quarterly,Q3 2026,EPS,1.16
DINT,quarterly,Q2 2026,EPS,0.48
DINT,quarterly,Q1 2026,EPS,-2.81
DINT,quarterly,Q3 2025,EPS,-1.28
DINT,annual,2026,Gross Profit Margin (%),12.57
DINT,annual,2025,Gross Profit Margin (%),9.33
DINT,annual,2024,Gross Profit Margin (%),7.13
DINT,annual,2023,Gross Profit Margin (%),9.6
DINT,annual,2026,Net Profit Margin (%),0.31
DINT,annual,2025,Net Profit Margin (%),-1.76
DINT,annual,2024,Net Profit Margin (%),-6.89
DINT,annual,2023,Net Profit Margin (%),-2.68
DINT,annual,2026,EPS Growth (%),114.63
DINT,annual,2025,EPS Growth (%),74.47
DINT,annual,2024,EPS Growth (%),-219.24
DINT,annual,2023,EPS Growth (%),-125.19
DINT,annual,2026,PEG,0.36
DINT,annual,2025,PEG,-0.06
DINT,annual,2024,PEG,0.01
DINT,annual,2023,PEG,0.04
DKL,annual,2020,Sales,2571.0
DKL,annual,2019,Sales,1225.0
DKL,annual,2021,Profit after Taxation,-2410.0
DKL,annual,2020,Profit after Taxation,-6809.0
DKL,annual,2019,Profit after Taxation,-716.0
DKL,annual,2018,Profit after Taxation,-2928.0
DKL,annual,2021,EPS,-0.24
DKL,annual,2020,EPS,-0.68
DKL,annual,2019,EPS,-0.07
DKL,annual,2018,EPS,-0.29
DKL,quarterly,Q1 2022,Profit after Taxation,-57613.0
DKL,quarterly,Q3 2021,Profit after Taxation,-246.0
DKL,quarterly,Q2 2021,Profit after Taxation,-627.0
DKL,quarterly,Q1 2021,Profit after Taxation,-362.0
DKL,quarterly,Q1 2022,EPS,-5.76
DKL,quarterly,Q3 2021,EPS,-0.02
DKL,quarterly,Q2 2021,EPS,-0.06
DKL,quarterly,Q1 2021,EPS,-0.04
DKL,annual,2020,Gross Profit Margin (%),17.52
DKL,annual,2019,Gross Profit Margin (%),100.0
DKL,annual,2020,Net Profit Margin (%),-264.82
DKL,annual,2019,Net Profit Margin (%),-58.43
DKL,annual,2021,EPS Growth (%),64.71
DKL,annual,2020,EPS Growth (%),-871.43
DKL,annual,2019,EPS Growth (%),75.86
DKL,annual,2018,EPS Growth (%),50.0
DKL,annual,2021,PEG,-0.35
DKL,annual,2020,PEG,0.0
DKL,annual,2018,PEG,-0.41
DKTM,annual,2022,Sales,65281.0
DKTM,annual,2023,Profit after Taxation,-54524.0
DKTM,annual,2022,Profit after Taxation,-56574.0
DKTM,annual,2021,Profit after Taxation,-45875.0
DKTM,annual,2020,Profit after Taxation,-74289.0
DKTM,annual,2023,EPS,-5.67
DKTM,annual,2022,EPS,-5.89
DKTM,annual,2021,EPS,-4.77
DKTM,annual,2020,EPS,-7.73
DKTM,quarterly,Q1 2024,Profit after Taxation,-7088.0
DKTM,quarterly,Q3 2023,Profit after Taxation,-14893.0
DKTM,quarterly,Q2 2023,Profit after Taxation,-16755.0
DKTM,quarterly,Q1 2023,Profit after Taxation,-14748.0
DKTM,quarterly,Q1 2024,EPS,-0.74
DKTM,quarterly,Q3 2023,EPS,-1.55
DKTM,quarterly,Q2 2023,EPS,-1.74
DKTM,quarterly,Q1 2023,EPS,-1.53
DKTM,annual,2022,Gross Profit Margin (%),-65.24
DKTM,annual,2022,Net Profit Margin (%),-86.66
DKTM,annual,2023,EPS Growth (%),3.74
DKTM,annual,2022,EPS Growth (%),-23.48
DKTM,annual,2021,EPS Growth (%),38.29
DKTM,annual,2020,EPS Growth (%),2.4
DKTM,annual,2023,PEG,-0.04
DKTM,annual,2022,PEG,0.01
DKTM,annual,2021,PEG,-0.01
DKTM,annual,2020,PEG,-0.05
DLL,annual,2022,Sales,63.0
DLL,annual,2025,Profit after Taxation,17090471.0
DLL,annual,2024,Profit after Taxation,3039968.0
DLL,annual,2023,Profit after Taxation,917234.0
DLL,annual,2022,Profit after Taxation,-168685.0
DLL,annual,2025,EPS,288.2
DLL,annual,2024,EPS,51.26
DLL,annual,2023,EPS,15.46
DLL,annual,2022,EPS,-2.31
DLL,quarterly,Q2 2026,Profit after Taxation,7856050.0
DLL,quarterly,Q1 2026,Profit after Taxation,-4396060.0
DLL,quarterly,Q3 2025,Profit after Taxation,850399.0
DLL,quarterly,Q2 2025,Profit after Taxation,343891.0
DLL,quarterly,Q2 2026,EPS,10.17
DLL,quarterly,Q1 2026,EPS,-54.9
DLL,quarterly,Q3 2025,EPS,17.35
DLL,quarterly,Q2 2025,EPS,0.62
DLL,annual,2022,Gross Profit Margin (%),-447.62
DLL,annual,2022,Net Profit Margin (%),-267753.97
DLL,annual,2025,EPS Growth (%),462.23
DLL,annual,2024,EPS Growth (%),231.57
DLL,annual,2023,EPS Growth (%),769.26
DLL,annual,2022,EPS Growth (%),-124.47
DLL,annual,2025,PEG,0.01
DLL,annual,2024,PEG,0.02
DLL,annual,2023,PEG,0.02
DLL,annual,2022,PEG,0.73
DMC,annual,2026,Sales,225141.0
DMC,annual,2025,Sales,32481.0
DMC,annual,2026,Profit after Taxation,76318.0
DMC,annual,2025,Profit after Taxation,45300.0
DMC,annual,2024,Profit after Taxation,14854.0
DMC,annual,2023,Profit after Taxation,-14193.0
DMC,annual,2026,EPS,25.0
DMC,annual,2025,EPS,14.84
DMC,annual,2024,EPS,4.87
DMC,annual,2023,EPS,-4.65
DMC,quarterly,Q3 2026,Sales,100753.0
DMC,quarterly,Q2 2026,Sales,8721.0
DMC,quarterly,Q1 2026,Sales,8362.0
DMC,quarterly,Q3 2026,Profit after Taxation,73533.0
DMC,quarterly,Q2 2026,Profit after Taxation,9034.0
DMC,quarterly,Q1 2026,Profit after Taxation,-3302.0
DMC,quarterly,Q3 2025,Profit after Taxation,-3917.0
DMC,quarterly,Q3 2026,EPS,24.09
DMC,quarterly,Q2 2026,EPS,2.96
DMC,quarterly,Q1 2026,EPS,-1.08
DMC,quarterly,Q3 2025,EPS,-1.28
DMC,annual,2026,Gross Profit Margin (%),33.66
DMC,annual,2025,Gross Profit Margin (%),-4.62
DMC,annual,2026,Net Profit Margin (%),33.9
DMC,annual,2025,Net Profit Margin (%),139.47
DMC,annual,2026,EPS Growth (%),68.46
DMC,annual,2025,EPS Growth (%),204.72
DMC,annual,2024,EPS Growth (%),204.73
DMC,annual,2023,EPS Growth (%),-119.94
DMC,annual,2026,PEG,0.12
DMC,annual,2025,PEG,0.01
DMC,annual,2024,PEG,0.05
DMC,annual,2023,PEG,0.08
DMIL,annual,2020,Profit after Taxation,13509.0
DMIL,annual,2019,Profit after Taxation,-7341.0
DMIL,annual,2018,Profit after Taxation,-15863.0
DMIL,annual,2017,Profit after Taxation,-2775.0
DMIL,annual,2020,EPS,4.43
DMIL,annual,2019,EPS,-2.41
DMIL,annual,2018,EPS,-5.2
DMIL,annual,2017,EPS,-0.91
DMIL,annual,2020,EPS Growth (%),283.82
DMIL,annual,2019,EPS Growth (%),53.65
DMIL,annual,2018,EPS Growth (%),-471.43
DMIL,annual,2017,EPS Growth (%),95.28
DMIL,annual,2020,PEG,0.02
DMIL,annual,2019,PEG,-0.32
DMIL,annual,2018,PEG,0.02
DMIL,annual,2017,PEG,-0.8
DMTM,annual,2023,Sales,3867.0
DMTM,annual,2022,Sales,22237.0
DMTM,annual,2023,Profit after Taxation,-35810.0
DMTM,annual,2022,Profit after Taxation,-66303.0
DMTM,annual,2021,Profit after Taxation,-52793.0
DMTM,annual,2020,Profit after Taxation,-104012.0
DMTM,annual,2023,EPS,-3.1
DMTM,annual,2022,EPS,-5.74
DMTM,annual,2021,EPS,-4.57
DMTM,annual,2020,EPS,-9.0
DMTM,quarterly,Q2 2024,Profit after Taxation,-8797.0
DMTM,quarterly,Q1 2024,Profit after Taxation,-3186.0
DMTM,quarterly,Q3 2023,Profit after Taxation,-18345.0
DMTM,quarterly,Q2 2023,Profit after Taxation,-8609.0
DMTM,quarterly,Q2 2024,EPS,-0.76
DMTM,quarterly,Q1 2024,EPS,-0.28
DMTM,quarterly,Q3 2023,EPS,-1.59
DMTM,quarterly,Q2 2023,EPS,-0.74
DMTM,annual,2023,Gross Profit Margin (%),-1131.35
DMTM,annual,2022,Gross Profit Margin (%),-245.64
DMTM,annual,2023,Net Profit Margin (%),-926.13
DMTM,annual,2022,Net Profit Margin (%),-298.17
DMTM,annual,2023,EPS Growth (%),45.99
DMTM,annual,2022,EPS Growth (%),-25.6
DMTM,annual,2021,EPS Growth (%),49.22
DMTM,annual,2020,EPS Growth (%),21.74
DMTM,annual,2023,PEG,-0.01
DMTM,annual,2022,PEG,0.01
DMTM,annual,2021,PEG,0.0
DMTM,annual,2020,PEG,0.0
DMTX,annual,2021,Sales,1698.0
DMTX,annual,2024,Profit after Taxation,14854.0
DMTX,annual,2023,Profit after Taxation,-14193.0
DMTX,annual,2022,Profit after Taxation,71193.0
DMTX,annual,2021,Profit after Taxation,-13666.0
DMTX,annual,2024,EPS,4.87
DMTX,annual,2023,EPS,-4.65
DMTX,annual,2022,EPS,23.32
DMTX,annual,2021,EPS,-4.48
DMTX,quarterly,Q3 2025,Profit after Taxation,-3917.0
DMTX,quarterly,Q2 2025,Profit after Taxation,274.0
DMTX,quarterly,Q1 2025,Profit after Taxation,-7801.0
DMTX,quarterly,Q3 2024,Profit after Taxation,32941.0
DMTX,quarterly,Q3 2025,EPS,-1.28
DMTX,quarterly,Q2 2025,EPS,0.09
DMTX,quarterly,Q1 2025,EPS,-2.56
DMTX,quarterly,Q3 2024,EPS,10.79
DMTX,annual,2021,Gross Profit Margin (%),-1.66
DMTX,annual,2021,Net Profit Margin (%),-804.96
DMTX,annual,2024,EPS Growth (%),204.73
DMTX,annual,2023,EPS Growth (%),-119.94
DMTX,annual,2022,EPS Growth (%),620.54
DMTX,annual,2021,EPS Growth (%),-201.13
DMTX,annual,2024,PEG,0.05
DMTX,annual,2023,PEG,0.08
DMTX,annual,2022,PEG,0.0
DMTX,annual,2021,PEG,0.05
DNCC,annual,2026,Sales,7455547.0
DNCC,annual,2025,Sales,6344183.0
DNCC,annual,2024,Sales,2456355.0
DNCC,annual,2026,Profit after Taxation,102008.0
DNCC,annual,2025,Profit after Taxation,-153137.0
DNCC,annual,2024,Profit after Taxation,20426.0
DNCC,annual,2023,Profit after Taxation,-367436.0
DNCC,annual,2026,EPS,0.32
DNCC,annual,2025,EPS,-0.48
DNCC,annual,2024,EPS,0.08
DNCC,annual,2023,EPS,-1.48
DNCC,quarterly,Q3 2026,Sales,1989361.0
DNCC,quarterly,Q2 2026,Sales,1475170.0
DNCC,quarterly,Q1 2026,Sales,1742167.0
DNCC,quarterly,Q3 2025,Sales,1458992.0
DNCC,quarterly,Q3 2026,Profit after Taxation,886.0
DNCC,quarterly,Q2 2026,Profit after Taxation,-35446.0
DNCC,quarterly,Q1 2026,Profit after Taxation,-17468.0
DNCC,quarterly,Q3 2025,Profit after Taxation,-5627.0
DNCC,quarterly,Q2 2026,EPS,-0.11
DNCC,quarterly,Q1 2026,EPS,-0.04
DNCC,quarterly,Q3 2025,EPS,-0.02
DNCC,annual,2026,Gross Profit Margin (%),13.84
DNCC,annual,2025,Gross Profit Margin (%),9.34
DNCC,annual,2024,Gross Profit Margin (%),8.29
DNCC,annual,2026,Net Profit Margin (%),1.37
DNCC,annual,2025,Net Profit Margin (%),-2.41
DNCC,annual,2024,Net Profit Margin (%),0.83
DNCC,annual,2026,EPS Growth (%),166.67
DNCC,annual,2025,EPS Growth (%),-700.0
DNCC,annual,2024,EPS Growth (%),105.41
DNCC,annual,2023,EPS Growth (%),-4.23
DNCC,annual,2026,PEG,0.37
DNCC,annual,2025,PEG,0.04
DNCC,annual,2024,PEG,1.66
DNCC,annual,2023,PEG,1.65
DOL,annual,2026,Sales,4992624.0
DOL,annual,2025,Sales,5916317.0
DOL,annual,2024,Sales,5694089.0
DOL,annual,2023,Sales,6721346.0
DOL,annual,2026,Profit after Taxation,303344.0
DOL,annual,2025,Profit after Taxation,790159.0
DOL,annual,2024,Profit after Taxation,471039.0
DOL,annual,2023,Profit after Taxation,1400634.0
DOL,annual,2026,EPS,1.73
DOL,annual,2025,EPS,4.51
DOL,annual,2024,EPS,2.69
DOL,annual,2023,EPS,8.0
DOL,quarterly,Q3 2026,Sales,1184712.0
DOL,quarterly,Q2 2026,Sales,1178707.0
DOL,quarterly,Q1 2026,Sales,1244948.0
DOL,quarterly,Q3 2025,Sales,1420797.0
DOL,quarterly,Q3 2026,Profit after Taxation,23829.0
DOL,quarterly,Q2 2026,Profit after Taxation,107055.0
DOL,quarterly,Q1 2026,Profit after Taxation,108518.0
DOL,quarterly,Q3 2025,Profit after Taxation,219305.0
DOL,quarterly,Q3 2026,EPS,0.14
DOL,quarterly,Q2 2026,EPS,0.61
DOL,quarterly,Q1 2026,EPS,0.62
DOL,quarterly,Q3 2025,EPS,1.25
DOL,annual,2026,Gross Profit Margin (%),17.31
DOL,annual,2025,Gross Profit Margin (%),28.81
DOL,annual,2024,Gross Profit Margin (%),19.55
DOL,annual,2023,Gross Profit Margin (%),41.01
DOL,annual,2026,Net Profit Margin (%),6.08
DOL,annual,2025,Net Profit Margin (%),13.36
DOL,annual,2024,Net Profit Margin (%),8.27
DOL,annual,2023,Net Profit Margin (%),20.84
DOL,annual,2026,EPS Growth (%),-61.64
DOL,annual,2025,EPS Growth (%),67.66
DOL,annual,2024,EPS Growth (%),-66.37
DOL,annual,2023,EPS Growth (%),197.4
DOL,annual,2026,PEG,-0.3
DOL,annual,2025,PEG,0.1
DOL,annual,2024,PEG,-0.13
DOL,annual,2023,PEG,0.02
DSFL,annual,2024,Profit after Taxation,-204610.0
DSFL,annual,2023,Profit after Taxation,-2191928.0
DSFL,annual,2022,Profit after Taxation,-1591903.0
DSFL,annual,2021,Profit after Taxation,-400851.0
DSFL,annual,2024,EPS,-0.56
DSFL,annual,2023,EPS,-5.98
DSFL,annual,2022,EPS,-4.35
DSFL,annual,2021,EPS,-1.09
DSFL,quarterly,Q3 2025,Profit after Taxation,-33757.0
DSFL,quarterly,Q2 2025,Profit after Taxation,-116428.0
DSFL,quarterly,Q1 2025,Profit after Taxation,242924.0
DSFL,quarterly,Q3 2024,Profit after Taxation,-74688.0
DSFL,quarterly,Q3 2025,EPS,-0.19
DSFL,quarterly,Q2 2025,EPS,-0.32
DSFL,quarterly,Q1 2025,EPS,0.66
DSFL,quarterly,Q3 2024,EPS,-0.2
DSFL,annual,2024,EPS Growth (%),90.64
DSFL,annual,2023,EPS Growth (%),-37.47
DSFL,annual,2022,EPS Growth (%),-299.08
DSFL,annual,2021,EPS Growth (%),56.92
DSFL,annual,2024,PEG,-0.02
DSFL,annual,2023,PEG,0.0
DSFL,annual,2022,PEG,0.0
DSFL,annual,2021,PEG,-0.01
DSIL,annual,2026,Sales,57.0
DSIL,annual,2025,Sales,3782.0
DSIL,annual,2024,Sales,29166.0
DSIL,annual,2023,Sales,37180.0
DSIL,annual,2026,Profit after Taxation,1441.0
DSIL,annual,2025,Profit after Taxation,5246.0
DSIL,annual,2024,Profit after Taxation,-3456.0
DSIL,annual,2023,Profit after Taxation,-14426.0
DSIL,annual,2026,EPS,0.02
DSIL,annual,2025,EPS,0.06
DSIL,annual,2024,EPS,-0.04
DSIL,annual,2023,EPS,-0.17
DSIL,quarterly,Q2 2026,Sales,22.0
DSIL,quarterly,Q1 2026,Sales,35.0
DSIL,quarterly,Q3 2025,Sales,510.0
DSIL,quarterly,Q3 2026,Profit after Taxation,-10512.0
DSIL,quarterly,Q2 2026,Profit after Taxation,5253.0
DSIL,quarterly,Q1 2026,Profit after Taxation,3310.0
DSIL,quarterly,Q3 2025,Profit after Taxation,-2570.0
DSIL,quarterly,Q3 2026,EPS,-0.13
DSIL,quarterly,Q2 2026,EPS,0.06
DSIL,quarterly,Q1 2026,EPS,0.04
DSIL,quarterly,Q3 2025,EPS,-0.03
DSIL,annual,2026,Gross Profit Margin (%),-14.66
DSIL,annual,2025,Gross Profit Margin (%),-2.91
DSIL,annual,2024,Gross Profit Margin (%),27.09
DSIL,annual,2023,Gross Profit Margin (%),40.51
DSIL,annual,2026,Net Profit Margin (%),2528.66
DSIL,annual,2025,Net Profit Margin (%),138.71
DSIL,annual,2024,Net Profit Margin (%),-11.85
DSIL,annual,2023,Net Profit Margin (%),-38.8
DSIL,annual,2026,EPS Growth (%),-66.67
DSIL,annual,2025,EPS Growth (%),250.0
DSIL,annual,2024,EPS Growth (%),76.47
DSIL,annual,2023,EPS Growth (%),-150.0
DSIL,annual,2026,PEG,-7.11
DSIL,annual,2025,PEG,0.4
DSIL,annual,2024,PEG,-1.13
DSIL,annual,2023,PEG,0.08
DSL,annual,2026,Profit after Taxation,-164831.0
DSL,annual,2025,Profit after Taxation,302461.0
DSL,annual,2024,Profit after Taxation,-242236.0
DSL,annual,2023,Profit after Taxation,-212567.0
DSL,annual,2026,EPS,-0.37
DSL,annual,2025,EPS,0.68
DSL,annual,2024,EPS,-0.65
DSL,annual,2023,EPS,-0.67
DSL,quarterly,Q3 2026,Profit after Taxation,-55509.0
DSL,quarterly,Q2 2026,Profit after Taxation,-52888.0
DSL,quarterly,Q3 2025,Profit after Taxation,-36533.0
DSL,quarterly,Q2 2025,Profit after Taxation,-52729.0
DSL,quarterly,Q3 2026,EPS,-0.12
DSL,quarterly,Q2 2026,EPS,-0.12
DSL,quarterly,Q3 2025,EPS,-0.14
DSL,quarterly,Q2 2025,EPS,-0.12
DSL,annual,2026,EPS Growth (%),-154.41
DSL,annual,2025,EPS Growth (%),204.62
DSL,annual,2024,EPS Growth (%),2.99
DSL,annual,2023,EPS Growth (%),-55.81
DSL,annual,2026,PEG,0.09
DSL,annual,2025,PEG,0.06
DSL,annual,2024,PEG,-2.97
DSL,annual,2023,PEG,0.14
DSML,annual,2023,Profit after Taxation,-11918.0
DSML,annual,2022,Profit after Taxation,228960.0
DSML,annual,2021,Profit after Taxation,21112.0
DSML,annual,2020,Profit after Taxation,-49738.0
DSML,annual,2023,EPS,-1.49
DSML,annual,2022,EPS,28.62
DSML,annual,2021,EPS,2.64
DSML,annual,2020,EPS,-6.22
DSML,quarterly,Q6 2024,Sales,68042.0
DSML,quarterly,Q2 2024,Sales,4774.0
DSML,quarterly,Q6 2024,Profit after Taxation,-68700.0
DSML,quarterly,Q5 2024,Profit after Taxation,-52832.0
DSML,quarterly,Q3 2024,Profit after Taxation,4620.0
DSML,quarterly,Q2 2024,Profit after Taxation,470.0
DSML,quarterly,Q6 2024,EPS,-0.01
DSML,quarterly,Q5 2024,EPS,-0.01
DSML,quarterly,Q3 2024,EPS,0.06
DSML,quarterly,Q2 2024,EPS,0.01
DSML,annual,2024,EPS Growth (%),-105.21
DSML,annual,2023,EPS Growth (%),984.5
DSML,annual,2022,EPS Growth (%),142.43
DSML,annual,2021,EPS Growth (%),-903.23
DSML,annual,2024,PEG,0.05
DSML,annual,2023,PEG,0.0
DSML,annual,2022,PEG,0.03
DSML,annual,2021,PEG,0.0
DWAE,annual,2026,Profit after Taxation,-50622.0
DWAE,annual,2025,Profit after Taxation,-51943.0
DWAE,annual,2024,Profit after Taxation,-67912.0
DWAE,annual,2023,Profit after Taxation,-85086.0
DWAE,annual,2026,EPS,-2.37
DWAE,annual,2025,EPS,-2.43
DWAE,annual,2024,EPS,-3.17
DWAE,annual,2023,EPS,-3.98
DWAE,quarterly,Q3 2026,Profit after Taxation,-12195.0
DWAE,quarterly,Q2 2026,Profit after Taxation,-12320.0
DWAE,quarterly,Q1 2026,Profit after Taxation,-12831.0
DWAE,quarterly,Q3 2025,Profit after Taxation,-11741.0
DWAE,quarterly,Q3 2026,EPS,-0.57
DWAE,quarterly,Q2 2026,EPS,-0.58
DWAE,quarterly,Q1 2026,EPS,-0.6
DWAE,quarterly,Q3 2025,EPS,-0.55
DWAE,annual,2026,EPS Growth (%),2.47
DWAE,annual,2025,EPS Growth (%),23.34
DWAE,annual,2024,EPS Growth (%),20.35
DWAE,annual,2023,EPS Growth (%),-67.93
DWAE,annual,2026,PEG,-4.25
DWAE,annual,2025,PEG,-0.58
DWAE,annual,2024,PEG,-0.37
DWAE,annual,2023,PEG,0.01
DWSM,annual,2025,Sales,1296929.0
DWSM,annual,2024,Sales,2483412.0
DWSM,annual,2023,Sales,6206791.0
DWSM,annual,2022,Sales,8454777.0
DWSM,annual,2025,Profit after Taxation,-572398.0
DWSM,annual,2024,Profit after Taxation,-608932.0
DWSM,annual,2023,Profit after Taxation,-863655.0
DWSM,annual,2022,Profit after Taxation,-758822.0
DWSM,annual,2025,EPS,-6.25
DWSM,annual,2024,EPS,-6.65
DWSM,annual,2023,EPS,-9.44
DWSM,annual,2022,EPS,-8.29
DWSM,quarterly,Q3 2026,Sales,127898.0
DWSM,quarterly,Q2 2026,Sales,1110679.0
DWSM,quarterly,Q1 2026,Sales,8336.0
DWSM,quarterly,Q3 2025,Sales,77820.0
DWSM,quarterly,Q3 2026,Profit after Taxation,-112968.0
DWSM,quarterly,Q2 2026,Profit after Taxation,-380233.0
DWSM,quarterly,Q1 2026,Profit after Taxation,-189840.0
DWSM,quarterly,Q3 2025,Profit after Taxation,-123889.0
DWSM,quarterly,Q3 2026,EPS,-1.23
DWSM,quarterly,Q2 2026,EPS,-4.16
DWSM,quarterly,Q1 2026,EPS,-2.07
DWSM,quarterly,Q3 2025,EPS,-1.35
DWSM,annual,2025,Gross Profit Margin (%),-76.71
DWSM,annual,2024,Gross Profit Margin (%),-18.27
DWSM,annual,2023,Gross Profit Margin (%),-1.37
DWSM,annual,2022,Gross Profit Margin (%),-1.65
DWSM,annual,2025,Net Profit Margin (%),-44.13
DWSM,annual,2024,Net Profit Margin (%),-24.52
DWSM,annual,2023,Net Profit Margin (%),-13.91
DWSM,annual,2022,Net Profit Margin (%),-8.98
DWSM,annual,2025,EPS Growth (%),6.02
DWSM,annual,2024,EPS Growth (%),29.56
DWSM,annual,2023,EPS Growth (%),-13.87
DWSM,annual,2022,EPS Growth (%),4.6
DWSM,annual,2025,PEG,-0.19
DWSM,annual,2024,PEG,-0.02
DWSM,annual,2023,PEG,0.01
DWSM,annual,2022,PEG,-0.05
DWTM,annual,2022,Sales,323047.0
DWTM,annual,2025,Profit after Taxation,-126360.0
DWTM,annual,2024,Profit after Taxation,-135251.0
DWTM,annual,2023,Profit after Taxation,-543472.0
DWTM,annual,2022,Profit after Taxation,-340925.0
DWTM,annual,2025,EPS,-2.74
DWTM,annual,2024,EPS,-2.94
DWTM,annual,2023,EPS,-11.8
DWTM,annual,2022,EPS,-7.4
DWTM,quarterly,Q3 2026,Profit after Taxation,-28104.0
DWTM,quarterly,Q2 2026,Profit after Taxation,-27061.0
DWTM,quarterly,Q1 2026,Profit after Taxation,-27920.0
DWTM,quarterly,Q3 2025,Profit after Taxation,-31201.0
DWTM,quarterly,Q3 2026,EPS,-0.61
DWTM,quarterly,Q2 2026,EPS,-0.58
DWTM,quarterly,Q1 2026,EPS,-0.61
DWTM,quarterly,Q3 2025,EPS,-0.68
DWTM,annual,2022,Gross Profit Margin (%),-7.0
DWTM,annual,2022,Net Profit Margin (%),-105.53
DWTM,annual,2025,EPS Growth (%),6.8
DWTM,annual,2024,EPS Growth (%),75.08
DWTM,annual,2023,EPS Growth (%),-59.46
DWTM,annual,2022,EPS Growth (%),32.48
DWTM,annual,2025,PEG,-0.38
DWTM,annual,2024,PEG,-0.03
DWTM,annual,2023,PEG,0.0
DWTM,annual,2022,PEG,-0.01
DYNO,annual,2026,Sales,15064293.0
DYNO,annual,2025,Sales,12734285.0
DYNO,annual,2024,Sales,12759896.0
DYNO,annual,2023,Sales,11080438.0
DYNO,annual,2026,Profit after Taxation,1086685.0
DYNO,annual,2025,Profit after Taxation,867653.0
DYNO,annual,2024,Profit after Taxation,1191509.0
DYNO,annual,2023,Profit after Taxation,665164.0
DYNO,annual,2026,EPS,57.58
DYNO,annual,2025,EPS,45.97
DYNO,annual,2024,EPS,63.13
DYNO,annual,2023,EPS,35.25
DYNO,quarterly,Q3 2026,Sales,3991480.0
DYNO,quarterly,Q2 2026,Sales,3880361.0
DYNO,quarterly,Q1 2026,Sales,3326924.0
DYNO,quarterly,Q3 2025,Sales,3270804.0
DYNO,quarterly,Q3 2026,Profit after Taxation,310725.0
DYNO,quarterly,Q2 2026,Profit after Taxation,362216.0
DYNO,quarterly,Q1 2026,Profit after Taxation,191214.0
DYNO,quarterly,Q3 2025,Profit after Taxation,242662.0
DYNO,quarterly,Q3 2026,EPS,16.46
DYNO,quarterly,Q2 2026,EPS,19.19
DYNO,quarterly,Q1 2026,EPS,10.13
DYNO,quarterly,Q3 2025,EPS,12.86
DYNO,annual,2026,Gross Profit Margin (%),18.69
DYNO,annual,2025,Gross Profit Margin (%),17.68
DYNO,annual,2024,Gross Profit Margin (%),22.42
DYNO,annual,2023,Gross Profit Margin (%),17.09
DYNO,annual,2026,Net Profit Margin (%),7.21
DYNO,annual,2025,Net Profit Margin (%),6.81
DYNO,annual,2024,Net Profit Margin (%),9.34
DYNO,annual,2023,Net Profit Margin (%),6.0
DYNO,annual,2026,EPS Growth (%),25.26
DYNO,annual,2025,EPS Growth (%),-27.18
DYNO,annual,2024,EPS Growth (%),79.09
DYNO,annual,2023,EPS Growth (%),7.05
DYNO,annual,2026,PEG,0.23
DYNO,annual,2025,PEG,-0.23
DYNO,annual,2024,PEG,0.05
DYNO,annual,2023,PEG,0.51
ECOP,annual,2026,Sales,6514393.0
ECOP,annual,2025,Sales,7183111.0
ECOP,annual,2024,Sales,6212186.0
ECOP,annual,2023,Sales,5689493.0
ECOP,annual,2026,Profit after Taxation,414880.0
ECOP,annual,2025,Profit after Taxation,339840.0
ECOP,annual,2024,Profit after Taxation,128943.0
ECOP,annual,2023,Profit after Taxation,40143.0
ECOP,annual,2026,EPS,8.6
ECOP,annual,2025,EPS,7.04
ECOP,annual,2024,EPS,2.67
ECOP,annual,2023,EPS,0.83
ECOP,quarterly,Q3 2026,Sales,1859643.0
ECOP,quarterly,Q2 2026,Sales,1278733.0
ECOP,quarterly,Q1 2026,Sales,1600092.0
ECOP,quarterly,Q3 2025,Sales,1958294.0
ECOP,quarterly,Q3 2026,Profit after Taxation,152591.0
ECOP,quarterly,Q2 2026,Profit after Taxation,-10927.0
ECOP,quarterly,Q1 2026,Profit after Taxation,99301.0
ECOP,quarterly,Q3 2025,Profit after Taxation,126230.0
ECOP,quarterly,Q3 2026,EPS,3.16
ECOP,quarterly,Q2 2026,EPS,-0.23
ECOP,quarterly,Q1 2026,EPS,2.06
ECOP,quarterly,Q3 2025,EPS,2.62
ECOP,annual,2026,Gross Profit Margin (%),20.65
ECOP,annual,2025,Gross Profit Margin (%),16.75
ECOP,annual,2024,Gross Profit Margin (%),12.48
ECOP,annual,2023,Gross Profit Margin (%),10.23
ECOP,annual,2026,Net Profit Margin (%),6.37
ECOP,annual,2025,Net Profit Margin (%),4.73
ECOP,annual,2024,Net Profit Margin (%),2.08
ECOP,annual,2023,Net Profit Margin (%),0.71
ECOP,annual,2026,EPS Growth (%),22.16
ECOP,annual,2025,EPS Growth (%),163.67
ECOP,annual,2024,EPS Growth (%),221.69
ECOP,annual,2023,EPS Growth (%),-60.1
ECOP,annual,2026,PEG,0.31
ECOP,annual,2025,PEG,0.06
ECOP,annual,2024,PEG,0.03
ECOP,annual,2023,PEG,-0.29
EFERT,annual,2025,Sales,193247740.0
EFERT,annual,2024,Sales,186708958.0
EFERT,annual,2023,Sales,161666127.0
EFERT,annual,2022,Sales,96944967.0
EFERT,annual,2025,Profit after Taxation,23770535.0
EFERT,annual,2024,Profit after Taxation,30206762.0
EFERT,annual,2023,Profit after Taxation,25678418.0
EFERT,annual,2022,Profit after Taxation,15408134.0
EFERT,annual,2025,EPS,17.8
EFERT,annual,2024,EPS,22.62
EFERT,annual,2023,EPS,19.23
EFERT,annual,2022,EPS,11.54
EFERT,quarterly,Q2 2026,Sales,25895772.0
EFERT,quarterly,Q1 2026,Sales,26338683.0
EFERT,quarterly,Q3 2025,Sales,50000267.0
EFERT,quarterly,Q2 2025,Sales,37824415.0
EFERT,quarterly,Q2 2026,Profit after Taxation,3110901.0
EFERT,quarterly,Q1 2026,Profit after Taxation,2891066.0
EFERT,quarterly,Q3 2025,Profit after Taxation,5429725.0
EFERT,quarterly,Q2 2025,Profit after Taxation,5243800.0
EFERT,quarterly,Q2 2026,EPS,2.33
EFERT,quarterly,Q1 2026,EPS,2.17
EFERT,quarterly,Q3 2025,EPS,4.07
EFERT,quarterly,Q2 2025,EPS,3.93
EFERT,annual,2025,Gross Profit Margin (%),35.37
EFERT,annual,2024,Gross Profit Margin (%),32.96
EFERT,annual,2023,Gross Profit Margin (%),36.76
EFERT,annual,2022,Gross Profit Margin (%),30.33
EFERT,annual,2025,Net Profit Margin (%),12.3
EFERT,annual,2024,Net Profit Margin (%),16.18
EFERT,annual,2023,Net Profit Margin (%),15.88
EFERT,annual,2022,Net Profit Margin (%),15.89
EFERT,annual,2025,EPS Growth (%),-21.31
EFERT,annual,2024,EPS Growth (%),17.63
EFERT,annual,2023,EPS Growth (%),66.64
EFERT,annual,2022,EPS Growth (%),-26.87
EFERT,annual,2025,PEG,-0.6
EFERT,annual,2024,PEG,0.51
EFERT,annual,2023,PEG,0.09
EFERT,annual,2022,PEG,-0.25
EFGH,annual,2023,EPS,-5.37
EFGH,annual,2022,EPS,-5.09
EFGH,annual,2021,EPS,1.44
EFGH,annual,2020,EPS,0.08
EFGH,quarterly,Q3 2024,EPS,0.78
EFGH,quarterly,Q2 2024,EPS,0.59
EFGH,quarterly,Q1 2024,EPS,0.11
EFGH,quarterly,Q3 2023,EPS,0.61
EFGH,annual,2023,Net Profit Margin (%),-33.96
EFGH,annual,2022,Net Profit Margin (%),-47.08
EFGH,annual,2021,Net Profit Margin (%),10.32
EFGH,annual,2020,Net Profit Margin (%),0.79
EFGH,annual,2023,EPS Growth (%),-5.5
EFGH,annual,2022,EPS Growth (%),-453.47
EFGH,annual,2021,EPS Growth (%),1700.0
EFGH,annual,2020,EPS Growth (%),103.36
EFGH,annual,2023,PEG,0.43
EFGH,annual,2022,PEG,0.01
EFGH,annual,2021,PEG,0.01
EFGH,annual,2020,PEG,2.73
EFOODS,annual,2018,Sales,32439451.0
EFOODS,annual,2017,Sales,34653486.0
EFOODS,annual,2016,Sales,44346031.0
EFOODS,annual,2015,Sales,49834089.0
EFOODS,annual,2018,Profit after Taxation,63783.0
EFOODS,annual,2017,Profit after Taxation,379297.0
EFOODS,annual,2016,Profit after Taxation,2386712.0
EFOODS,annual,2015,Profit after Taxation,3162455.0
EFOODS,annual,2018,EPS,0.08
EFOODS,annual,2017,EPS,0.49
EFOODS,annual,2016,EPS,3.11
EFOODS,annual,2015,EPS,4.13
EFOODS,quarterly,Q1 2019,Sales,8682771.0
EFOODS,quarterly,Q3 2018,Sales,8596175.0
EFOODS,quarterly,Q2 2018,Sales,8201994.0
EFOODS,quarterly,Q1 2018,Sales,7144026.0
EFOODS,quarterly,Q1 2019,Profit after Taxation,83452.0
EFOODS,quarterly,Q3 2018,Profit after Taxation,1895.0
EFOODS,quarterly,Q2 2018,Profit after Taxation,209974.0
EFOODS,quarterly,Q1 2018,Profit after Taxation,301322.0
EFOODS,quarterly,Q1 2019,EPS,0.11
EFOODS,quarterly,Q2 2018,EPS,0.27
EFOODS,quarterly,Q1 2018,EPS,0.39
EFOODS,annual,2018,Gross Profit Margin (%),15.89
EFOODS,annual,2017,Gross Profit Margin (%),16.26
EFOODS,annual,2016,Gross Profit Margin (%),22.64
EFOODS,annual,2015,Gross Profit Margin (%),23.14
EFOODS,annual,2018,Net Profit Margin (%),0.2
EFOODS,annual,2017,Net Profit Margin (%),1.09
EFOODS,annual,2016,Net Profit Margin (%),5.38
EFOODS,annual,2015,Net Profit Margin (%),6.35
EFOODS,annual,2018,EPS Growth (%),-83.67
EFOODS,annual,2017,EPS Growth (%),-84.24
EFOODS,annual,2016,EPS Growth (%),-24.7
EFOODS,annual,2015,EPS Growth (%),256.03
EFOODS,annual,2018,PEG,-11.91
EFOODS,annual,2017,PEG,-1.97
EFOODS,annual,2016,PEG,-2.5
EFOODS,annual,2015,PEG,0.14
EFUG,annual,2025,Profit after Taxation,5298504.0
EFUG,annual,2024,Profit after Taxation,3711128.0
EFUG,annual,2023,Profit after Taxation,3281611.0
EFUG,annual,2022,Profit after Taxation,2005722.0
EFUG,annual,2025,EPS,26.49
EFUG,annual,2024,EPS,18.56
EFUG,annual,2023,EPS,16.41
EFUG,annual,2022,EPS,10.03
EFUG,quarterly,Q2 2026,Profit after Taxation,1164664.0
EFUG,quarterly,Q1 2026,Profit after Taxation,1064640.0
EFUG,quarterly,Q3 2025,Profit after Taxation,1683797.0
EFUG,quarterly,Q2 2025,Profit after Taxation,1026717.0
EFUG,quarterly,Q2 2026,EPS,5.82
EFUG,quarterly,Q1 2026,EPS,5.32
EFUG,quarterly,Q3 2025,EPS,8.42
EFUG,quarterly,Q2 2025,EPS,5.13
EFUG,annual,2025,Gross Profit Margin (%),15.07
EFUG,annual,2024,Gross Profit Margin (%),16.62
EFUG,annual,2023,Gross Profit Margin (%),13.31
EFUG,annual,2022,Gross Profit Margin (%),0.68
EFUG,annual,2025,Net Profit Margin (%),36.52
EFUG,annual,2024,Net Profit Margin (%),25.5
EFUG,annual,2023,Net Profit Margin (%),26.49
EFUG,annual,2022,Net Profit Margin (%),19.49
EFUG,annual,2025,EPS Growth (%),42.73
EFUG,annual,2024,EPS Growth (%),13.1
EFUG,annual,2023,EPS Growth (%),63.61
EFUG,annual,2022,EPS Growth (%),-25.87
EFUG,annual,2025,PEG,0.11
EFUG,annual,2024,PEG,0.48
EFUG,annual,2023,PEG,0.08
EFUG,annual,2022,PEG,-0.36
EFUL,annual,2025,Profit after Taxation,2442123.0
EFUL,annual,2024,Profit after Taxation,2987370.0
EFUL,annual,2023,Profit after Taxation,2064540.0
EFUL,annual,2022,Profit after Taxation,1692118.0
EFUL,annual,2025,EPS,23.26
EFUL,annual,2024,EPS,28.79
EFUL,annual,2023,EPS,20.64
EFUL,annual,2022,EPS,16.92
EFUL,quarterly,Q2 2026,Profit after Taxation,894618.0
EFUL,quarterly,Q1 2026,Profit after Taxation,394792.0
EFUL,quarterly,Q3 2025,Profit after Taxation,598778.0
EFUL,quarterly,Q2 2025,Profit after Taxation,575245.0
EFUL,quarterly,Q2 2026,EPS,8.52
EFUL,quarterly,Q1 2026,EPS,3.76
EFUL,quarterly,Q3 2025,EPS,5.7
EFUL,quarterly,Q2 2025,EPS,5.48
EFUL,annual,2025,Net Profit Margin (%),4.64
EFUL,annual,2024,Net Profit Margin (%),7.56
EFUL,annual,2023,Net Profit Margin (%),5.67
EFUL,annual,2022,Net Profit Margin (%),4.4
EFUL,annual,2025,EPS Growth (%),-19.21
EFUL,annual,2024,EPS Growth (%),39.49
EFUL,annual,2023,EPS Growth (%),21.99
EFUL,annual,2022,EPS Growth (%),12.2
EFUL,annual,2025,PEG,-0.36
EFUL,annual,2024,PEG,0.15
EFUL,annual,2023,PEG,0.43
EFUL,annual,2022,PEG,0.99
ELCM,annual,2026,Sales,949914.0
ELCM,annual,2025,Sales,996623.0
ELCM,annual,2024,Sales,960658.0
ELCM,annual,2023,Sales,801296.0
ELCM,annual,2026,Profit after Taxation,-34919.0
ELCM,annual,2025,Profit after Taxation,10592.0
ELCM,annual,2024,Profit after Taxation,-25740.0
ELCM,annual,2023,Profit after Taxation,820.0
ELCM,annual,2026,EPS,-26.86
ELCM,annual,2025,EPS,8.15
ELCM,annual,2024,EPS,-19.8
ELCM,annual,2023,EPS,0.63
ELCM,quarterly,Q3 2026,Sales,227623.0
ELCM,quarterly,Q2 2026,Sales,241414.0
ELCM,quarterly,Q1 2026,Sales,253126.0
ELCM,quarterly,Q3 2025,Sales,235260.0
ELCM,quarterly,Q3 2026,Profit after Taxation,-6074.0
ELCM,quarterly,Q2 2026,Profit after Taxation,-15210.0
ELCM,quarterly,Q1 2026,Profit after Taxation,-3564.0
ELCM,quarterly,Q3 2025,Profit after Taxation,1295.0
ELCM,quarterly,Q3 2026,EPS,-4.67
ELCM,quarterly,Q2 2026,EPS,-11.7
ELCM,quarterly,Q1 2026,EPS,-2.74
ELCM,quarterly,Q3 2025,EPS,1.0
ELCM,annual,2026,Gross Profit Margin (%),0.02
ELCM,annual,2025,Gross Profit Margin (%),4.18
ELCM,annual,2024,Gross Profit Margin (%),0.28
ELCM,annual,2023,Gross Profit Margin (%),3.27
ELCM,annual,2026,Net Profit Margin (%),-3.68
ELCM,annual,2025,Net Profit Margin (%),1.06
ELCM,annual,2024,Net Profit Margin (%),-2.68
ELCM,annual,2023,Net Profit Margin (%),0.1
ELCM,annual,2026,EPS Growth (%),-429.57
ELCM,annual,2025,EPS Growth (%),141.16
ELCM,annual,2024,EPS Growth (%),-3242.86
ELCM,annual,2023,EPS Growth (%),-85.0
ELCM,annual,2026,PEG,0.03
ELCM,annual,2025,PEG,0.11
ELCM,annual,2024,PEG,0.0
ELCM,annual,2023,PEG,-1.45
ELSM,annual,2026,Sales,16225619.0
ELSM,annual,2025,Sales,15886089.0
ELSM,annual,2024,Sales,15510705.0
ELSM,annual,2023,Sales,12224218.0
ELSM,annual,2026,Profit after Taxation,206175.0
ELSM,annual,2025,Profit after Taxation,76618.0
ELSM,annual,2024,Profit after Taxation,152980.0
ELSM,annual,2023,Profit after Taxation,419735.0
ELSM,annual,2026,EPS,18.83
ELSM,annual,2025,EPS,7.0
ELSM,annual,2024,EPS,13.97
ELSM,annual,2023,EPS,38.33
ELSM,quarterly,Q3 2026,Sales,4100934.0
ELSM,quarterly,Q2 2026,Sales,3956736.0
ELSM,quarterly,Q1 2026,Sales,3928580.0
ELSM,quarterly,Q3 2025,Sales,3963704.0
ELSM,quarterly,Q3 2026,Profit after Taxation,26269.0
ELSM,quarterly,Q2 2026,Profit after Taxation,25164.0
ELSM,quarterly,Q1 2026,Profit after Taxation,25137.0
ELSM,quarterly,Q3 2025,Profit after Taxation,8944.0
ELSM,quarterly,Q3 2026,EPS,2.4
ELSM,quarterly,Q2 2026,EPS,2.29
ELSM,quarterly,Q1 2026,EPS,2.3
ELSM,quarterly,Q3 2025,EPS,0.82
ELSM,annual,2026,Gross Profit Margin (%),6.95
ELSM,annual,2025,Gross Profit Margin (%),6.11
ELSM,annual,2024,Gross Profit Margin (%),6.75
ELSM,annual,2023,Gross Profit Margin (%),8.52
ELSM,annual,2026,Net Profit Margin (%),1.27
ELSM,annual,2025,Net Profit Margin (%),0.48
ELSM,annual,2024,Net Profit Margin (%),0.99
ELSM,annual,2023,Net Profit Margin (%),3.43
ELSM,annual,2026,EPS Growth (%),169.0
ELSM,annual,2025,EPS Growth (%),-49.89
ELSM,annual,2024,EPS Growth (%),-63.55
ELSM,annual,2023,EPS Growth (%),-65.91
ELSM,annual,2026,PEG,0.04
ELSM,annual,2025,PEG,-0.29
ELSM,annual,2024,PEG,-0.09
ELSM,annual,2023,PEG,-0.04
EMCO,annual,2026,Sales,4679408.0
EMCO,annual,2025,Sales,3607041.0
EMCO,annual,2024,Sales,4192405.0
EMCO,annual,2023,Sales,3545524.0
EMCO,annual,2026,Profit after Taxation,69442.0
EMCO,annual,2025,Profit after Taxation,55740.0
EMCO,annual,2024,Profit after Taxation,218998.0
EMCO,annual,2023,Profit after Taxation,292916.0
EMCO,annual,2026,EPS,1.98
EMCO,annual,2025,EPS,1.59
EMCO,annual,2024,EPS,6.26
EMCO,annual,2023,EPS,8.37
EMCO,quarterly,Q3 2026,Sales,1297376.0
EMCO,quarterly,Q2 2026,Sales,1304292.0
EMCO,quarterly,Q1 2026,Sales,1156368.0
EMCO,quarterly,Q3 2025,Sales,1089111.0
EMCO,quarterly,Q3 2026,Profit after Taxation,33737.0
EMCO,quarterly,Q2 2026,Profit after Taxation,15423.0
EMCO,quarterly,Q1 2026,Profit after Taxation,15332.0
EMCO,quarterly,Q3 2025,Profit after Taxation,89484.0
EMCO,quarterly,Q3 2026,EPS,0.96
EMCO,quarterly,Q2 2026,EPS,0.44
EMCO,quarterly,Q1 2026,EPS,0.44
EMCO,quarterly,Q3 2025,EPS,2.56
EMCO,annual,2026,Gross Profit Margin (%),18.15
EMCO,annual,2025,Gross Profit Margin (%),17.2
EMCO,annual,2024,Gross Profit Margin (%),26.8
EMCO,annual,2023,Gross Profit Margin (%),27.2
EMCO,annual,2026,Net Profit Margin (%),1.48
EMCO,annual,2025,Net Profit Margin (%),1.55
EMCO,annual,2024,Net Profit Margin (%),5.22
EMCO,annual,2023,Net Profit Margin (%),8.26
EMCO,annual,2026,EPS Growth (%),24.53
EMCO,annual,2025,EPS Growth (%),-74.6
EMCO,annual,2024,EPS Growth (%),-25.21
EMCO,annual,2023,EPS Growth (%),35.0
EMCO,annual,2026,PEG,1.02
EMCO,annual,2025,PEG,-0.39
EMCO,annual,2024,PEG,-0.22
EMCO,annual,2023,PEG,0.1
ENGRO,annual,2023,Profit after Taxation,17566235.0
ENGRO,annual,2022,Profit after Taxation,21196420.0
ENGRO,annual,2021,Profit after Taxation,18516153.0
ENGRO,annual,2020,Profit after Taxation,16301478.0
ENGRO,annual,2023,EPS,32.26
ENGRO,annual,2022,EPS,36.79
ENGRO,annual,2021,EPS,32.14
ENGRO,annual,2020,EPS,28.29
ENGRO,quarterly,Q3 2024,Profit after Taxation,3668624.0
ENGRO,quarterly,Q2 2024,Profit after Taxation,8230062.0
ENGRO,quarterly,Q1 2024,Profit after Taxation,5966408.0
ENGRO,quarterly,Q3 2023,Profit after Taxation,3693776.0
ENGRO,quarterly,Q3 2024,EPS,6.84
ENGRO,quarterly,Q2 2024,EPS,15.34
ENGRO,quarterly,Q1 2024,EPS,11.12
ENGRO,quarterly,Q3 2023,EPS,6.88
ENGRO,annual,2023,EPS Growth (%),-12.31
ENGRO,annual,2022,EPS Growth (%),14.47
ENGRO,annual,2021,EPS Growth (%),13.61
ENGRO,annual,2020,EPS Growth (%),13.93
ENGRO,annual,2023,PEG,-0.74
ENGRO,annual,2022,PEG,0.49
ENGRO,annual,2021,PEG,0.62
ENGRO,annual,2020,PEG,0.78
ENGROH,annual,2025,Total Income,548958.0
ENGROH,annual,2024,Total Income,14473158.0
ENGROH,annual,2023,Total Income,14881160.0
ENGROH,annual,2022,Total Income,6222433.0
ENGROH,annual,2025,Profit after Taxation,253154.0
ENGROH,annual,2024,Profit after Taxation,9854391.0
ENGROH,annual,2023,Profit after Taxation,10349773.0
ENGROH,annual,2022,Profit after Taxation,3692274.0
ENGROH,annual,2025,EPS,0.21
ENGROH,annual,2024,EPS,20.48
ENGROH,annual,2023,EPS,21.5
ENGROH,annual,2022,EPS,7.67
ENGROH,quarterly,Q2 2026,Total Income,6292124.0
ENGROH,quarterly,Q1 2026,Total Income,4217.0
ENGROH,quarterly,Q3 2025,Total Income,405554.0
ENGROH,quarterly,Q2 2025,Total Income,62.0
ENGROH,quarterly,Q2 2026,Profit after Taxation,6075528.0
ENGROH,quarterly,Q1 2026,Profit after Taxation,-110405.0
ENGROH,quarterly,Q3 2025,Profit after Taxation,302832.0
ENGROH,quarterly,Q2 2025,Profit after Taxation,-40337.0
ENGROH,quarterly,Q2 2026,EPS,5.06
ENGROH,quarterly,Q1 2026,EPS,-0.09
ENGROH,quarterly,Q3 2025,EPS,0.25
ENGROH,quarterly,Q2 2025,EPS,-0.03
ENGROH,annual,2025,Net Profit Margin (%),46.12
ENGROH,annual,2024,Net Profit Margin (%),68.09
ENGROH,annual,2023,Net Profit Margin (%),69.55
ENGROH,annual,2022,Net Profit Margin (%),59.34
ENGROH,annual,2025,EPS Growth (%),-98.97
ENGROH,annual,2024,EPS Growth (%),-4.74
ENGROH,annual,2023,EPS Growth (%),180.31
ENGROH,annual,2022,EPS Growth (%),-7.26
ENGROH,annual,2025,PEG,-11.42
ENGROH,annual,2024,PEG,-2.67
ENGROH,annual,2023,PEG,0.03
ENGROH,annual,2022,PEG,-1.7
EPCL,annual,2025,Sales,77405668.0
EPCL,annual,2024,Sales,75677747.0
EPCL,annual,2023,Sales,81224448.0
EPCL,annual,2022,Sales,82059583.0
EPCL,annual,2025,Profit after Taxation,-3043128.0
EPCL,annual,2024,Profit after Taxation,610340.0
EPCL,annual,2023,Profit after Taxation,9230660.0
EPCL,annual,2022,Profit after Taxation,11709894.0
EPCL,annual,2025,EPS,-3.35
EPCL,annual,2024,EPS,0.45
EPCL,annual,2023,EPS,9.45
EPCL,annual,2022,EPS,12.39
EPCL,quarterly,Q2 2026,Sales,16668049.0
EPCL,quarterly,Q1 2026,Sales,21816904.0
EPCL,quarterly,Q3 2025,Sales,19679826.0
EPCL,quarterly,Q2 2025,Sales,19452566.0
EPCL,quarterly,Q2 2026,Profit after Taxation,1213221.0
EPCL,quarterly,Q1 2026,Profit after Taxation,501292.0
EPCL,quarterly,Q3 2025,Profit after Taxation,-8802.0
EPCL,quarterly,Q2 2025,Profit after Taxation,-2068658.0
EPCL,quarterly,Q2 2026,EPS,1.33
EPCL,quarterly,Q1 2026,EPS,0.55
EPCL,quarterly,Q3 2025,EPS,-0.01
EPCL,quarterly,Q2 2025,EPS,-2.42
EPCL,annual,2025,Gross Profit Margin (%),6.81
EPCL,annual,2024,Gross Profit Margin (%),8.68
EPCL,annual,2023,Gross Profit Margin (%),25.52
EPCL,annual,2022,Gross Profit Margin (%),28.49
EPCL,annual,2025,Net Profit Margin (%),-3.93
EPCL,annual,2024,Net Profit Margin (%),0.81
EPCL,annual,2023,Net Profit Margin (%),11.36
EPCL,annual,2022,Net Profit Margin (%),14.27
EPCL,annual,2025,EPS Growth (%),-844.44
EPCL,annual,2024,EPS Growth (%),-95.24
EPCL,annual,2023,EPS Growth (%),-23.73
EPCL,annual,2022,EPS Growth (%),-24.08
EPCL,annual,2025,PEG,0.01
EPCL,annual,2024,PEG,-0.86
EPCL,annual,2023,PEG,-0.21
EPCL,annual,2022,PEG,-0.14
EPQL,annual,2025,Sales,11888573.0
EPQL,annual,2024,Sales,13249779.0
EPQL,annual,2023,Sales,13256377.0
EPQL,annual,2022,Sales,10026884.0
EPQL,annual,2025,Profit after Taxation,836279.0
EPQL,annual,2024,Profit after Taxation,2140807.0
EPQL,annual,2023,Profit after Taxation,2511119.0
EPQL,annual,2022,Profit after Taxation,1471756.0
EPQL,annual,2025,EPS,2.58
EPQL,annual,2024,EPS,6.61
EPQL,annual,2023,EPS,7.76
EPQL,annual,2022,EPS,4.54
EPQL,quarterly,Q2 2026,Sales,2913653.0
EPQL,quarterly,Q1 2026,Sales,3150483.0
EPQL,quarterly,Q3 2025,Sales,3387067.0
EPQL,quarterly,Q2 2025,Sales,2163776.0
EPQL,quarterly,Q2 2026,Profit after Taxation,194974.0
EPQL,quarterly,Q1 2026,Profit after Taxation,151434.0
EPQL,quarterly,Q3 2025,Profit after Taxation,391151.0
EPQL,quarterly,Q2 2025,Profit after Taxation,75330.0
EPQL,quarterly,Q2 2026,EPS,0.6
EPQL,quarterly,Q1 2026,EPS,0.47
EPQL,quarterly,Q3 2025,EPS,1.21
EPQL,quarterly,Q2 2025,EPS,0.23
EPQL,annual,2025,Gross Profit Margin (%),11.05
EPQL,annual,2024,Gross Profit Margin (%),21.14
EPQL,annual,2023,Gross Profit Margin (%),20.09
EPQL,annual,2022,Gross Profit Margin (%),17.07
EPQL,annual,2025,Net Profit Margin (%),7.03
EPQL,annual,2024,Net Profit Margin (%),16.16
EPQL,annual,2023,Net Profit Margin (%),18.94
EPQL,annual,2022,Net Profit Margin (%),14.68
EPQL,annual,2025,EPS Growth (%),-60.97
EPQL,annual,2024,EPS Growth (%),-14.82
EPQL,annual,2023,EPS Growth (%),70.93
EPQL,annual,2022,EPS Growth (%),-7.72
EPQL,annual,2025,PEG,-0.21
EPQL,annual,2024,PEG,-0.27
EPQL,annual,2023,PEG,0.06
EPQL,annual,2022,PEG,-0.71
ESBL,annual,2026,Total Income,77557.0
ESBL,annual,2025,Total Income,108378.0
ESBL,annual,2024,Total Income,136493.0
ESBL,annual,2023,Total Income,110651.0
ESBL,annual,2026,Profit after Taxation,-73788.0
ESBL,annual,2025,Profit after Taxation,-68404.0
ESBL,annual,2024,Profit after Taxation,-23098.0
ESBL,annual,2023,Profit after Taxation,-48629.0
ESBL,annual,2026,EPS,-0.54
ESBL,annual,2025,EPS,-0.5
ESBL,annual,2024,EPS,-0.17
ESBL,annual,2023,EPS,-0.36
ESBL,quarterly,Q3 2026,Total Income,17558.0
ESBL,quarterly,Q2 2026,Total Income,19133.0
ESBL,quarterly,Q1 2026,Total Income,16376.0
ESBL,quarterly,Q3 2025,Total Income,24815.0
ESBL,quarterly,Q3 2026,Profit after Taxation,-19229.0
ESBL,quarterly,Q2 2026,Profit after Taxation,-18404.0
ESBL,quarterly,Q1 2026,Profit after Taxation,-26969.0
ESBL,quarterly,Q3 2025,Profit after Taxation,-21054.0
ESBL,quarterly,Q3 2026,EPS,-0.14
ESBL,quarterly,Q2 2026,EPS,-0.14
ESBL,quarterly,Q1 2026,EPS,-0.2
ESBL,quarterly,Q3 2025,EPS,-0.16
ESBL,annual,2026,Net Profit Margin (%),-95.14
ESBL,annual,2025,Net Profit Margin (%),-63.12
ESBL,annual,2024,Net Profit Margin (%),-16.92
ESBL,annual,2023,Net Profit Margin (%),-43.95
ESBL,annual,2026,EPS Growth (%),-8.0
ESBL,annual,2025,EPS Growth (%),-194.12
ESBL,annual,2024,EPS Growth (%),52.78
ESBL,annual,2023,EPS Growth (%),75.17
ESBL,annual,2026,PEG,2.75
ESBL,annual,2025,PEG,0.06
ESBL,annual,2024,PEG,-0.42
ESBL,annual,2023,PEG,-0.12
EWIC,annual,2025,Profit after Taxation,1449450.0
EWIC,annual,2024,Profit after Taxation,972853.0
EWIC,annual,2023,Profit after Taxation,583150.0
EWIC,annual,2022,Profit after Taxation,388101.0
EWIC,annual,2025,EPS,5.15
EWIC,annual,2024,EPS,3.46
EWIC,annual,2023,EPS,2.88
EWIC,annual,2022,EPS,1.92
EWIC,quarterly,Q2 2026,Profit after Taxation,598332.0
EWIC,quarterly,Q1 2026,Profit after Taxation,483346.0
EWIC,quarterly,Q3 2025,Profit after Taxation,531705.0
EWIC,quarterly,Q2 2025,Profit after Taxation,90299.0
EWIC,quarterly,Q2 2026,EPS,1.93
EWIC,quarterly,Q1 2026,EPS,1.72
EWIC,quarterly,Q3 2025,EPS,2.08
EWIC,quarterly,Q2 2025,EPS,0.29
EWIC,annual,2025,Gross Profit Margin (%),15.13
EWIC,annual,2024,Gross Profit Margin (%),13.57
EWIC,annual,2023,Gross Profit Margin (%),10.25
EWIC,annual,2022,Gross Profit Margin (%),15.18
EWIC,annual,2025,Net Profit Margin (%),19.89
EWIC,annual,2024,Net Profit Margin (%),22.6
EWIC,annual,2023,Net Profit Margin (%),15.32
EWIC,annual,2022,Net Profit Margin (%),14.2
EWIC,annual,2025,EPS Growth (%),48.84
EWIC,annual,2024,EPS Growth (%),20.14
EWIC,annual,2023,EPS Growth (%),50.0
EWIC,annual,2022,EPS Growth (%),-51.88
EWIC,annual,2025,PEG,0.17
EWIC,annual,2024,PEG,0.82
EWIC,annual,2023,PEG,0.37
EWIC,annual,2022,PEG,-0.83
EWLA,annual,2017,Profit after Taxation,-691.0
EWLA,annual,2016,Profit after Taxation,-4917.0
EWLA,annual,2015,Profit after Taxation,-3307.0
EWLA,annual,2014,Profit after Taxation,29047.0
EWLA,annual,2017,EPS,-0.01
EWLA,annual,2016,EPS,-0.08
EWLA,annual,2015,EPS,-0.06
EWLA,annual,2014,EPS,0.49
EWLA,annual,2017,EPS Growth (%),87.5
EWLA,annual,2016,EPS Growth (%),-33.33
EWLA,annual,2015,EPS Growth (%),-112.24
EWLA,annual,2014,EPS Growth (%),390.0
EWLA,annual,2017,PEG,-19.43
EWLA,annual,2016,PEG,6.77
EWLA,annual,2015,PEG,1.34
EWLA,annual,2014,PEG,0.06
EXIDE,annual,2026,Sales,19636697.0
EXIDE,annual,2025,Sales,23895008.0
EXIDE,annual,2024,Sales,25667602.0
EXIDE,annual,2023,Sales,23402183.0
EXIDE,annual,2026,Profit after Taxation,431676.0
EXIDE,annual,2025,Profit after Taxation,614436.0
EXIDE,annual,2024,Profit after Taxation,1254623.0
EXIDE,annual,2023,Profit after Taxation,754562.0
EXIDE,annual,2026,EPS,55.57
EXIDE,annual,2025,EPS,79.09
EXIDE,annual,2024,EPS,161.5
EXIDE,annual,2023,EPS,97.13
EXIDE,quarterly,Q1 2027,Sales,5283910.0
EXIDE,quarterly,Q3 2026,Sales,3500451.0
EXIDE,quarterly,Q2 2026,Sales,4047359.0
EXIDE,quarterly,Q1 2026,Sales,7049445.0
EXIDE,quarterly,Q1 2027,Profit after Taxation,127420.0
EXIDE,quarterly,Q3 2026,Profit after Taxation,-48458.0
EXIDE,quarterly,Q2 2026,Profit after Taxation,54068.0
EXIDE,quarterly,Q1 2026,Profit after Taxation,223335.0
EXIDE,quarterly,Q1 2027,EPS,16.4
EXIDE,quarterly,Q3 2026,EPS,-6.24
EXIDE,quarterly,Q2 2026,EPS,6.96
EXIDE,quarterly,Q1 2026,EPS,28.75
EXIDE,annual,2026,Gross Profit Margin (%),13.92
EXIDE,annual,2025,Gross Profit Margin (%),16.19
EXIDE,annual,2024,Gross Profit Margin (%),18.9
EXIDE,annual,2023,Gross Profit Margin (%),14.37
EXIDE,annual,2026,Net Profit Margin (%),2.2
EXIDE,annual,2025,Net Profit Margin (%),2.57
EXIDE,annual,2024,Net Profit Margin (%),4.89
EXIDE,annual,2023,Net Profit Margin (%),3.22
EXIDE,annual,2026,EPS Growth (%),-29.74
EXIDE,annual,2025,EPS Growth (%),-51.03
EXIDE,annual,2024,EPS Growth (%),66.27
EXIDE,annual,2023,EPS Growth (%),2511.02
EXIDE,annual,2026,PEG,-0.25
EXIDE,annual,2025,PEG,-0.21
EXIDE,annual,2024,PEG,0.04
EXIDE,annual,2023,PEG,0.0
FABL,annual,2025,Mark-up Earned,165933531.0
FABL,annual,2024,Mark-up Earned,225051851.0
FABL,annual,2023,Mark-up Earned,189448411.0
FABL,annual,2022,Mark-up Earned,104521004.0
FABL,annual,2025,Total Income,99072962.0
FABL,annual,2024,Total Income,97744970.0
FABL,annual,2023,Total Income,83142025.0
FABL,annual,2022,Total Income,48947217.0
FABL,annual,2025,Profit after Taxation,21703414.0
FABL,annual,2024,Profit after Taxation,23028193.0
FABL,annual,2023,Profit after Taxation,20045939.0
FABL,annual,2022,Profit after Taxation,11233168.0
FABL,annual,2025,EPS,14.3
FABL,annual,2024,EPS,15.17
FABL,annual,2023,EPS,13.21
FABL,annual,2022,EPS,7.4
FABL,quarterly,Q2 2026,Mark-up Earned,42900210.0
FABL,quarterly,Q1 2026,Mark-up Earned,38130166.0
FABL,quarterly,Q3 2025,Mark-up Earned,40911217.0
FABL,quarterly,Q2 2025,Mark-up Earned,41878783.0
FABL,quarterly,Q2 2026,Total Income,24085366.0
FABL,quarterly,Q1 2026,Total Income,24736587.0
FABL,quarterly,Q3 2025,Total Income,25186701.0
FABL,quarterly,Q2 2025,Total Income,22881479.0
FABL,quarterly,Q2 2026,Profit after Taxation,4854929.0
FABL,quarterly,Q1 2026,Profit after Taxation,5156380.0
FABL,quarterly,Q3 2025,Profit after Taxation,4997736.0
FABL,quarterly,Q2 2025,Profit after Taxation,4858895.0
FABL,quarterly,Q2 2026,EPS,3.2
FABL,quarterly,Q1 2026,EPS,3.4
FABL,quarterly,Q3 2025,EPS,3.29
FABL,quarterly,Q2 2025,EPS,3.2
FABL,annual,2025,Net Profit Margin (%),13.08
FABL,annual,2024,Net Profit Margin (%),10.23
FABL,annual,2023,Net Profit Margin (%),10.58
FABL,annual,2022,Net Profit Margin (%),10.75
FABL,annual,2025,EPS Growth (%),-5.74
FABL,annual,2024,EPS Growth (%),14.84
FABL,annual,2023,EPS Growth (%),78.51
FABL,annual,2022,EPS Growth (%),37.8
FABL,annual,2025,PEG,-1.13
FABL,annual,2024,PEG,0.22
FABL,annual,2023,PEG,0.03
FABL,annual,2022,PEG,0.09
FAEL,annual,2017,Sales,1978089.0
FAEL,annual,2016,Sales,1560007.0
FAEL,annual,2015,Sales,2619760.0
FAEL,annual,2014,Sales,4071013.0
FAEL,annual,2017,EPS,-59.41
FAEL,annual,2016,EPS,-40.61
FAEL,annual,2015,EPS,-64.18
FAEL,annual,2014,EPS,13.32
FAEL,annual,2017,Gross Profit Margin (%),-13.24
FAEL,annual,2016,Gross Profit Margin (%),-13.11
FAEL,annual,2015,Gross Profit Margin (%),-17.25
FAEL,annual,2014,Gross Profit Margin (%),-9.79
FAEL,annual,2017,Net Profit Margin (%),-43.74
FAEL,annual,2016,Net Profit Margin (%),-37.05
FAEL,annual,2015,Net Profit Margin (%),-34.86
FAEL,annual,2014,Net Profit Margin (%),4.66
FAEL,annual,2017,EPS Growth (%),-46.29
FAEL,annual,2016,EPS Growth (%),36.72
FAEL,annual,2015,EPS Growth (%),-581.83
FAEL,annual,2014,EPS Growth (%),211.93
FAEL,annual,2017,PEG,0.01
FANM,annual,2026,Total Income,42214.0
FANM,annual,2025,Total Income,46294.0
FANM,annual,2024,Total Income,36200.0
FANM,annual,2023,Total Income,36825.0
FANM,annual,2026,Profit after Taxation,-2800.0
FANM,annual,2025,Profit after Taxation,2413.0
FANM,annual,2024,Profit after Taxation,390.0
FANM,annual,2023,Profit after Taxation,535.0
FANM,annual,2026,EPS,-0.12
FANM,annual,2025,EPS,0.1
FANM,annual,2024,EPS,0.02
FANM,annual,2023,EPS,0.02
FANM,quarterly,Q3 2026,Total Income,3106.0
FANM,quarterly,Q2 2026,Total Income,8820.0
FANM,quarterly,Q1 2026,Total Income,18472.0
FANM,quarterly,Q3 2025,Total Income,6663.0
FANM,quarterly,Q3 2026,Profit after Taxation,-25638.0
FANM,quarterly,Q2 2026,Profit after Taxation,-1440.0
FANM,quarterly,Q1 2026,Profit after Taxation,7651.0
FANM,quarterly,Q3 2025,Profit after Taxation,-4258.0
FANM,quarterly,Q3 2026,EPS,-1.11
FANM,quarterly,Q2 2026,EPS,-0.06
FANM,quarterly,Q1 2026,EPS,0.33
FANM,quarterly,Q3 2025,EPS,-0.18
FANM,annual,2026,EPS Growth (%),-220.0
FANM,annual,2025,EPS Growth (%),400.0
FANM,annual,2023,EPS Growth (%),-80.0
FANM,annual,2026,PEG,0.27
FANM,annual,2025,PEG,0.11
FANM,annual,2023,PEG,-1.92
FASM,annual,2026,Sales,45841297.0
FASM,annual,2025,Sales,46203553.0
FASM,annual,2024,Sales,45029601.0
FASM,annual,2023,Sales,37672808.0
FASM,annual,2026,Profit after Taxation,-413536.0
FASM,annual,2025,Profit after Taxation,-269267.0
FASM,annual,2024,Profit after Taxation,-1383771.0
FASM,annual,2023,Profit after Taxation,1488896.0
FASM,annual,2026,EPS,-41.35
FASM,annual,2025,EPS,-26.93
FASM,annual,2024,EPS,-138.38
FASM,annual,2023,EPS,148.89
FASM,quarterly,Q3 2026,Sales,10886776.0
FASM,quarterly,Q2 2026,Sales,11376681.0
FASM,quarterly,Q1 2026,Sales,11949723.0
FASM,quarterly,Q3 2025,Sales,11934446.0
FASM,quarterly,Q3 2026,Profit after Taxation,-206756.0
FASM,quarterly,Q2 2026,Profit after Taxation,-266004.0
FASM,quarterly,Q1 2026,Profit after Taxation,-92175.0
FASM,quarterly,Q3 2025,Profit after Taxation,43299.0
FASM,quarterly,Q3 2026,EPS,-20.68
FASM,quarterly,Q2 2026,EPS,-26.6
FASM,quarterly,Q1 2026,EPS,-9.22
FASM,quarterly,Q3 2025,EPS,4.33
FASM,annual,2026,Gross Profit Margin (%),7.61
FASM,annual,2025,Gross Profit Margin (%),7.95
FASM,annual,2024,Gross Profit Margin (%),6.09
FASM,annual,2023,Gross Profit Margin (%),12.11
FASM,annual,2026,Net Profit Margin (%),-0.9
FASM,annual,2025,Net Profit Margin (%),-0.58
FASM,annual,2024,Net Profit Margin (%),-3.07
FASM,annual,2023,Net Profit Margin (%),3.95
FASM,annual,2026,EPS Growth (%),-53.55
FASM,annual,2025,EPS Growth (%),80.54
FASM,annual,2024,EPS Growth (%),-192.94
FASM,annual,2023,EPS Growth (%),-63.67
FASM,annual,2026,PEG,0.15
FASM,annual,2025,PEG,-0.17
FASM,annual,2024,PEG,0.01
FASM,annual,2023,PEG,-0.03
FATIMA,annual,2025,Sales,170057696.0
FATIMA,annual,2024,Sales,238422133.0
FATIMA,annual,2023,Sales,232754821.0
FATIMA,annual,2022,Sales,158797102.0
FATIMA,annual,2025,Profit after Taxation,30468054.0
FATIMA,annual,2024,Profit after Taxation,34983238.0
FATIMA,annual,2023,Profit after Taxation,22399399.0
FATIMA,annual,2022,Profit after Taxation,14301979.0
FATIMA,annual,2025,EPS,14.51
FATIMA,annual,2024,EPS,16.66
FATIMA,annual,2023,EPS,10.67
FATIMA,annual,2022,EPS,6.81
FATIMA,quarterly,Q2 2026,Sales,47837990.0
FATIMA,quarterly,Q1 2026,Sales,27929240.0
FATIMA,quarterly,Q3 2025,Sales,48407596.0
FATIMA,quarterly,Q2 2025,Sales,48925187.0
FATIMA,quarterly,Q2 2026,Profit after Taxation,9035797.0
FATIMA,quarterly,Q1 2026,Profit after Taxation,4189330.0
FATIMA,quarterly,Q3 2025,Profit after Taxation,10936580.0
FATIMA,quarterly,Q2 2025,Profit after Taxation,9180593.0
FATIMA,quarterly,Q2 2026,EPS,4.3
FATIMA,quarterly,Q1 2026,EPS,1.99
FATIMA,quarterly,Q3 2025,EPS,5.21
FATIMA,quarterly,Q2 2025,EPS,4.37
FATIMA,annual,2025,Gross Profit Margin (%),41.96
FATIMA,annual,2024,Gross Profit Margin (%),36.7
FATIMA,annual,2023,Gross Profit Margin (%),31.11
FATIMA,annual,2022,Gross Profit Margin (%),33.04
FATIMA,annual,2025,Net Profit Margin (%),17.92
FATIMA,annual,2024,Net Profit Margin (%),14.67
FATIMA,annual,2023,Net Profit Margin (%),9.62
FATIMA,annual,2022,Net Profit Margin (%),9.01
FATIMA,annual,2025,EPS Growth (%),-12.91
FATIMA,annual,2024,EPS Growth (%),56.14
FATIMA,annual,2023,EPS Growth (%),56.68
FATIMA,annual,2022,EPS Growth (%),-22.61
FATIMA,annual,2025,PEG,-0.81
FATIMA,annual,2024,PEG,0.08
FATIMA,annual,2023,PEG,0.06
FATIMA,annual,2022,PEG,-0.22
FCCL,annual,2026,Sales,93690178.0
FCCL,annual,2025,Sales,88956328.0
FCCL,annual,2024,Sales,80026226.0
FCCL,annual,2023,Sales,68069282.0
FCCL,annual,2026,Profit after Taxation,16182912.0
FCCL,annual,2025,Profit after Taxation,13326202.0
FCCL,annual,2024,Profit after Taxation,8223116.0
FCCL,annual,2023,Profit after Taxation,7439681.0
FCCL,annual,2026,EPS,6.6
FCCL,annual,2025,EPS,5.43
FCCL,annual,2024,EPS,3.35
FCCL,annual,2023,EPS,3.16
FCCL,quarterly,Q3 2026,Sales,22430091.0
FCCL,quarterly,Q2 2026,Sales,23935672.0
FCCL,quarterly,Q1 2026,Sales,23417812.0
FCCL,quarterly,Q3 2025,Sales,19309821.0
FCCL,quarterly,Q3 2026,Profit after Taxation,3459172.0
FCCL,quarterly,Q2 2026,Profit after Taxation,4030092.0
FCCL,quarterly,Q1 2026,Profit after Taxation,3286437.0
FCCL,quarterly,Q3 2025,Profit after Taxation,2139887.0
FCCL,quarterly,Q3 2026,EPS,1.41
FCCL,quarterly,Q2 2026,EPS,1.64
FCCL,quarterly,Q1 2026,EPS,1.34
FCCL,quarterly,Q3 2025,EPS,0.87
FCCL,annual,2026,Gross Profit Margin (%),34.92
FCCL,annual,2025,Gross Profit Margin (%),35.49
FCCL,annual,2024,Gross Profit Margin (%),32.09
FCCL,annual,2023,Gross Profit Margin (%),30.0
FCCL,annual,2026,Net Profit Margin (%),17.27
FCCL,annual,2025,Net Profit Margin (%),14.98
FCCL,annual,2024,Net Profit Margin (%),10.28
FCCL,annual,2023,Net Profit Margin (%),10.93
FCCL,annual,2026,EPS Growth (%),21.55
FCCL,annual,2025,EPS Growth (%),62.09
FCCL,annual,2024,EPS Growth (%),6.01
FCCL,annual,2023,EPS Growth (%),-3.07
FCCL,annual,2026,PEG,0.4
FCCL,annual,2025,PEG,0.13
FCCL,annual,2024,PEG,1.14
FCCL,annual,2023,PEG,-1.2
FCEL,annual,2026,Profit after Taxation,-46365.0
FCEL,annual,2025,Profit after Taxation,170913.0
FCEL,annual,2024,Profit after Taxation,17799.0
FCEL,annual,2023,Profit after Taxation,-18077.0
FCEL,annual,2026,EPS,-0.33
FCEL,annual,2025,EPS,1.21
FCEL,annual,2024,EPS,0.13
FCEL,annual,2023,EPS,-0.13
FCEL,quarterly,Q3 2026,Profit after Taxation,-93498.0
FCEL,quarterly,Q2 2026,Profit after Taxation,-3192.0
FCEL,quarterly,Q1 2026,Profit after Taxation,105183.0
FCEL,quarterly,Q3 2025,Profit after Taxation,-28536.0
FCEL,quarterly,Q3 2026,EPS,-0.66
FCEL,quarterly,Q2 2026,EPS,-0.02
FCEL,quarterly,Q1 2026,EPS,0.75
FCEL,quarterly,Q3 2025,EPS,-0.2
FCEL,annual,2026,Net Profit Margin (%),-39.14
FCEL,annual,2025,Net Profit Margin (%),98.04
FCEL,annual,2024,Net Profit Margin (%),90.82
FCEL,annual,2023,Net Profit Margin (%),121.07
FCEL,annual,2026,EPS Growth (%),-127.17
FCEL,annual,2025,EPS Growth (%),857.94
FCEL,annual,2024,EPS Growth (%),196.92
FCEL,annual,2023,EPS Growth (%),76.79
FCEL,annual,2026,PEG,0.12
FCEL,annual,2025,PEG,0.0
FCEL,annual,2024,PEG,0.41
FCEL,annual,2023,PEG,-0.95
FCEPL,annual,2025,Sales,104452438.0
FCEPL,annual,2024,Sales,107051450.0
FCEPL,annual,2023,Sales,100235403.0
FCEPL,annual,2022,Sales,73473687.0
FCEPL,annual,2025,Profit after Taxation,2690648.0
FCEPL,annual,2024,Profit after Taxation,2203128.0
FCEPL,annual,2023,Profit after Taxation,1508786.0
FCEPL,annual,2022,Profit after Taxation,2465673.0
FCEPL,annual,2025,EPS,3.51
FCEPL,annual,2024,EPS,2.87
FCEPL,annual,2023,EPS,1.97
FCEPL,annual,2022,EPS,3.22
FCEPL,quarterly,Q2 2026,Sales,30139384.0
FCEPL,quarterly,Q1 2026,Sales,28721926.0
FCEPL,quarterly,Q3 2025,Sales,27745281.0
FCEPL,quarterly,Q2 2025,Sales,26471414.0
FCEPL,quarterly,Q2 2026,Profit after Taxation,2546760.0
FCEPL,quarterly,Q1 2026,Profit after Taxation,1850895.0
FCEPL,quarterly,Q3 2025,Profit after Taxation,773799.0
FCEPL,quarterly,Q2 2025,Profit after Taxation,232074.0
FCEPL,quarterly,Q2 2026,EPS,3.33
FCEPL,quarterly,Q1 2026,EPS,2.41
FCEPL,quarterly,Q3 2025,EPS,1.01
FCEPL,quarterly,Q2 2025,EPS,0.3
FCEPL,annual,2025,Gross Profit Margin (%),16.65
FCEPL,annual,2024,Gross Profit Margin (%),15.91
FCEPL,annual,2023,Gross Profit Margin (%),14.37
FCEPL,annual,2022,Gross Profit Margin (%),16.48
FCEPL,annual,2025,Net Profit Margin (%),2.58
FCEPL,annual,2024,Net Profit Margin (%),2.06
FCEPL,annual,2023,Net Profit Margin (%),1.51
FCEPL,annual,2022,Net Profit Margin (%),3.36
FCEPL,annual,2025,EPS Growth (%),22.3
FCEPL,annual,2024,EPS Growth (%),45.69
FCEPL,annual,2023,EPS Growth (%),-38.82
FCEPL,annual,2022,EPS Growth (%),37.02
FCEPL,annual,2025,PEG,1.1
FCEPL,annual,2024,PEG,0.68
FCEPL,annual,2023,PEG,-1.07
FCEPL,annual,2022,PEG,0.55
FCIBL,annual,2026,Profit after Taxation,66015.0
FCIBL,annual,2025,Profit after Taxation,56265.0
FCIBL,annual,2024,Profit after Taxation,31696.0
FCIBL,annual,2023,Profit after Taxation,12994.0
FCIBL,annual,2026,EPS,1.02
FCIBL,annual,2025,EPS,0.87
FCIBL,annual,2024,EPS,0.49
FCIBL,annual,2023,EPS,0.2
FCIBL,quarterly,Q3 2026,Profit after Taxation,20468.0
FCIBL,quarterly,Q2 2026,Profit after Taxation,15002.0
FCIBL,quarterly,Q1 2026,Profit after Taxation,20258.0
FCIBL,quarterly,Q3 2025,Profit after Taxation,22897.0
FCIBL,quarterly,Q3 2026,EPS,0.31
FCIBL,quarterly,Q2 2026,EPS,0.23
FCIBL,quarterly,Q1 2026,EPS,0.31
FCIBL,quarterly,Q3 2025,EPS,0.35
FCIBL,annual,2026,Net Profit Margin (%),25.67
FCIBL,annual,2025,Net Profit Margin (%),9.34
FCIBL,annual,2024,Net Profit Margin (%),7.06
FCIBL,annual,2023,Net Profit Margin (%),4.65
FCIBL,annual,2026,EPS Growth (%),17.24
FCIBL,annual,2025,EPS Growth (%),77.55
FCIBL,annual,2024,EPS Growth (%),145.0
FCIBL,annual,2023,EPS Growth (%),53.85
FCIBL,annual,2026,PEG,2.05
FCIBL,annual,2025,PEG,0.17
FCIBL,annual,2024,PEG,0.12
FCIBL,annual,2023,PEG,0.47
FCL,annual,2026,Sales,38715326.0
FCL,annual,2025,Sales,31859424.0
FCL,annual,2024,Sales,36024051.0
FCL,annual,2023,Sales,32858549.0
FCL,annual,2026,Profit after Taxation,2111134.0
FCL,annual,2025,Profit after Taxation,1270518.0
FCL,annual,2024,Profit after Taxation,1887592.0
FCL,annual,2023,Profit after Taxation,1737797.0
FCL,annual,2026,EPS,3.28
FCL,annual,2025,EPS,1.97
FCL,annual,2024,EPS,3.68
FCL,annual,2023,EPS,3.47
FCL,quarterly,Q3 2026,Sales,8243415.0
FCL,quarterly,Q2 2026,Sales,9424840.0
FCL,quarterly,Q1 2026,Sales,8639628.0
FCL,quarterly,Q3 2025,Sales,8123358.0
FCL,quarterly,Q3 2026,Profit after Taxation,406013.0
FCL,quarterly,Q2 2026,Profit after Taxation,464417.0
FCL,quarterly,Q1 2026,Profit after Taxation,387644.0
FCL,quarterly,Q3 2025,Profit after Taxation,375689.0
FCL,quarterly,Q3 2026,EPS,0.63
FCL,quarterly,Q2 2026,EPS,0.72
FCL,quarterly,Q1 2026,EPS,0.62
FCL,quarterly,Q3 2025,EPS,0.58
FCL,annual,2026,Gross Profit Margin (%),18.68
FCL,annual,2025,Gross Profit Margin (%),16.87
FCL,annual,2024,Gross Profit Margin (%),18.69
FCL,annual,2023,Gross Profit Margin (%),17.94
FCL,annual,2026,Net Profit Margin (%),5.45
FCL,annual,2025,Net Profit Margin (%),3.99
FCL,annual,2024,Net Profit Margin (%),5.24
FCL,annual,2023,Net Profit Margin (%),5.29
FCL,annual,2026,EPS Growth (%),66.5
FCL,annual,2025,EPS Growth (%),-46.47
FCL,annual,2024,EPS Growth (%),6.05
FCL,annual,2026,PEG,0.11
FCL,annual,2025,PEG,-0.27
FCL,annual,2024,PEG,1.07
FCSC,annual,2026,Total Income,1589784.0
FCSC,annual,2025,Total Income,1522073.0
FCSC,annual,2024,Total Income,316671.0
FCSC,annual,2023,Total Income,258656.0
FCSC,annual,2026,Profit after Taxation,1299378.0
FCSC,annual,2025,Profit after Taxation,1187897.0
FCSC,annual,2024,Profit after Taxation,-159306.0
FCSC,annual,2023,Profit after Taxation,-64652.0
FCSC,annual,2026,EPS,4.1
FCSC,annual,2025,EPS,3.75
FCSC,annual,2024,EPS,-0.5
FCSC,annual,2023,EPS,-0.2
FCSC,quarterly,Q3 2026,Total Income,53501.0
FCSC,quarterly,Q2 2026,Total Income,-4120.0
FCSC,quarterly,Q1 2026,Total Income,284386.0
FCSC,quarterly,Q3 2025,Total Income,-44229.0
FCSC,quarterly,Q3 2026,Profit after Taxation,-11798.0
FCSC,quarterly,Q2 2026,Profit after Taxation,-44622.0
FCSC,quarterly,Q1 2026,Profit after Taxation,181527.0
FCSC,quarterly,Q3 2025,Profit after Taxation,-130847.0
FCSC,quarterly,Q3 2026,EPS,-0.04
FCSC,quarterly,Q2 2026,EPS,-0.14
FCSC,quarterly,Q1 2026,EPS,0.57
FCSC,quarterly,Q3 2025,EPS,-0.41
FCSC,annual,2026,Net Profit Margin (%),81.73
FCSC,annual,2025,Net Profit Margin (%),78.04
FCSC,annual,2024,Net Profit Margin (%),-50.31
FCSC,annual,2023,Net Profit Margin (%),-25.0
FCSC,annual,2026,EPS Growth (%),9.33
FCSC,annual,2025,EPS Growth (%),850.0
FCSC,annual,2024,EPS Growth (%),-150.0
FCSC,annual,2023,EPS Growth (%),-168.97
FCSC,annual,2026,PEG,0.13
FCSC,annual,2025,PEG,0.0
FCSC,annual,2024,PEG,0.02
FCSC,annual,2023,PEG,0.04
FDIBL,annual,2023,Total Income,35103.0
FDIBL,annual,2022,Total Income,77836.0
FDIBL,annual,2021,Total Income,10611.0
FDIBL,annual,2020,Total Income,9702.0
FDIBL,annual,2023,Profit after Taxation,15039.0
FDIBL,annual,2022,Profit after Taxation,7461.0
FDIBL,annual,2021,Profit after Taxation,6084.0
FDIBL,annual,2020,Profit after Taxation,-63409.0
FDIBL,annual,2023,EPS,0.1
FDIBL,annual,2022,EPS,0.05
FDIBL,annual,2021,EPS,0.04
FDIBL,annual,2020,EPS,-0.43
FDIBL,quarterly,Q2 2024,Total Income,18451.0
FDIBL,quarterly,Q1 2024,Total Income,8469.0
FDIBL,quarterly,Q3 2023,Total Income,9311.0
FDIBL,quarterly,Q2 2023,Total Income,8533.0
FDIBL,quarterly,Q2 2024,Profit after Taxation,9906.0
FDIBL,quarterly,Q1 2024,Profit after Taxation,3712.0
FDIBL,quarterly,Q3 2023,Profit after Taxation,2392.0
FDIBL,quarterly,Q2 2023,Profit after Taxation,-3128.0
FDIBL,quarterly,Q2 2024,EPS,0.07
FDIBL,quarterly,Q1 2024,EPS,0.03
FDIBL,quarterly,Q3 2023,EPS,0.02
FDIBL,quarterly,Q2 2023,EPS,0.02
FDIBL,annual,2023,Net Profit Margin (%),42.84
FDIBL,annual,2022,Net Profit Margin (%),9.59
FDIBL,annual,2021,Net Profit Margin (%),57.34
FDIBL,annual,2020,Net Profit Margin (%),-653.58
FDIBL,annual,2023,EPS Growth (%),102.0
FDIBL,annual,2022,EPS Growth (%),21.95
FDIBL,annual,2021,EPS Growth (%),109.6
FDIBL,annual,2020,EPS Growth (%),-315.66
FDIBL,annual,2023,PEG,0.2
FDIBL,annual,2022,PEG,2.67
FDIBL,annual,2021,PEG,0.32
FDIBL,annual,2020,PEG,0.01
FDPL,annual,2026,Total Income,38947.0
FDPL,annual,2025,Total Income,52273.0
FDPL,annual,2024,Total Income,39838.0
FDPL,annual,2023,Total Income,35103.0
FDPL,annual,2026,Profit after Taxation,6421.0
FDPL,annual,2025,Profit after Taxation,6372.0
FDPL,annual,2024,Profit after Taxation,6701.0
FDPL,annual,2023,Profit after Taxation,15039.0
FDPL,annual,2026,EPS,0.04
FDPL,annual,2025,EPS,0.04
FDPL,annual,2024,EPS,0.05
FDPL,annual,2023,EPS,0.1
FDPL,quarterly,Q3 2026,Total Income,9470.0
FDPL,quarterly,Q2 2026,Total Income,11096.0
FDPL,quarterly,Q1 2026,Total Income,7385.0
FDPL,quarterly,Q3 2025,Total Income,5741.0
FDPL,quarterly,Q3 2026,Profit after Taxation,1890.0
FDPL,quarterly,Q2 2026,Profit after Taxation,3024.0
FDPL,quarterly,Q1 2026,Profit after Taxation,3866.0
FDPL,quarterly,Q3 2025,Profit after Taxation,-10834.0
FDPL,quarterly,Q3 2026,EPS,0.01
FDPL,quarterly,Q2 2026,EPS,0.02
FDPL,quarterly,Q1 2026,EPS,0.03
FDPL,quarterly,Q3 2025,EPS,0.07
FDPL,annual,2026,Net Profit Margin (%),16.49
FDPL,annual,2025,Net Profit Margin (%),12.19
FDPL,annual,2024,Net Profit Margin (%),16.82
FDPL,annual,2023,Net Profit Margin (%),42.84
FDPL,annual,2025,EPS Growth (%),-4.44
FDPL,annual,2024,EPS Growth (%),-55.45
FDPL,annual,2023,EPS Growth (%),102.0
FDPL,annual,2025,PEG,-26.42
FDPL,annual,2024,PEG,-0.92
FDPL,annual,2023,PEG,0.16
FECM,annual,2026,Total Income,46790.0
FECM,annual,2025,Total Income,52320.0
FECM,annual,2024,Total Income,69321.0
FECM,annual,2023,Total Income,34003.0
FECM,annual,2026,Profit after Taxation,-7026.0
FECM,annual,2025,Profit after Taxation,4695.0
FECM,annual,2024,Profit after Taxation,23642.0
FECM,annual,2023,Profit after Taxation,-7061.0
FECM,annual,2026,EPS,-0.62
FECM,annual,2025,EPS,0.41
FECM,annual,2024,EPS,2.08
FECM,annual,2023,EPS,-0.62
FECM,quarterly,Q3 2026,Total Income,10431.0
FECM,quarterly,Q2 2026,Total Income,12880.0
FECM,quarterly,Q1 2026,Total Income,11382.0
FECM,quarterly,Q3 2025,Total Income,10716.0
FECM,quarterly,Q3 2026,Profit after Taxation,-3024.0
FECM,quarterly,Q2 2026,Profit after Taxation,-1104.0
FECM,quarterly,Q1 2026,Profit after Taxation,-1926.0
FECM,quarterly,Q3 2025,Profit after Taxation,-290.0
FECM,quarterly,Q3 2026,EPS,-0.27
FECM,quarterly,Q2 2026,EPS,-0.1
FECM,quarterly,Q1 2026,EPS,-0.17
FECM,quarterly,Q3 2025,EPS,-0.03
FECM,annual,2026,EPS Growth (%),-251.22
FECM,annual,2025,EPS Growth (%),-80.29
FECM,annual,2024,EPS Growth (%),435.48
FECM,annual,2023,EPS Growth (%),3.13
FECM,annual,2026,PEG,0.11
FECM,annual,2025,PEG,-1.11
FECM,annual,2024,PEG,0.01
FECM,annual,2023,PEG,-1.59
FECTC,annual,2026,Sales,12495270.0
FECTC,annual,2025,Sales,11096924.0
FECTC,annual,2024,Sales,10908118.0
FECTC,annual,2023,Sales,8682183.0
FECTC,annual,2026,Profit after Taxation,663362.0
FECTC,annual,2025,Profit after Taxation,608693.0
FECTC,annual,2024,Profit after Taxation,359967.0
FECTC,annual,2023,Profit after Taxation,-133245.0
FECTC,annual,2026,EPS,13.22
FECTC,annual,2025,EPS,12.14
FECTC,annual,2024,EPS,7.18
FECTC,annual,2023,EPS,-2.66
FECTC,quarterly,Q3 2026,Sales,3044814.0
FECTC,quarterly,Q2 2026,Sales,2983258.0
FECTC,quarterly,Q1 2026,Sales,3561314.0
FECTC,quarterly,Q3 2025,Sales,2541603.0
FECTC,quarterly,Q3 2026,Profit after Taxation,23425.0
FECTC,quarterly,Q2 2026,Profit after Taxation,382389.0
FECTC,quarterly,Q1 2026,Profit after Taxation,207780.0
FECTC,quarterly,Q3 2025,Profit after Taxation,33858.0
FECTC,quarterly,Q3 2026,EPS,0.47
FECTC,quarterly,Q2 2026,EPS,7.62
FECTC,quarterly,Q1 2026,EPS,4.14
FECTC,quarterly,Q3 2025,EPS,0.68
FECTC,annual,2026,Gross Profit Margin (%),10.44
FECTC,annual,2025,Gross Profit Margin (%),16.52
FECTC,annual,2024,Gross Profit Margin (%),13.11
FECTC,annual,2023,Gross Profit Margin (%),3.6
FECTC,annual,2026,Net Profit Margin (%),5.31
FECTC,annual,2025,Net Profit Margin (%),5.49
FECTC,annual,2024,Net Profit Margin (%),3.3
FECTC,annual,2023,Net Profit Margin (%),-1.53
FECTC,annual,2026,EPS Growth (%),8.9
FECTC,annual,2025,EPS Growth (%),69.08
FECTC,annual,2024,EPS Growth (%),369.92
FECTC,annual,2023,EPS Growth (%),-146.5
FECTC,annual,2026,PEG,0.99
FECTC,annual,2025,PEG,0.11
FECTC,annual,2024,PEG,0.01
FECTC,annual,2023,PEG,0.05
FEM,annual,2026,Total Income,76856.0
FEM,annual,2025,Total Income,76031.0
FEM,annual,2024,Total Income,9025.0
FEM,annual,2023,Total Income,4866.0
FEM,annual,2026,Profit after Taxation,-11834.0
FEM,annual,2025,Profit after Taxation,46090.0
FEM,annual,2024,Profit after Taxation,-19436.0
FEM,annual,2023,Profit after Taxation,-22346.0
FEM,quarterly,Q3 2026,Total Income,8741.0
FEM,quarterly,Q2 2026,Total Income,23588.0
FEM,quarterly,Q1 2026,Total Income,5416.0
FEM,quarterly,Q3 2025,Total Income,1961.0
FEM,quarterly,Q3 2026,Profit after Taxation,-661.0
FEM,quarterly,Q2 2026,Profit after Taxation,17188.0
FEM,quarterly,Q1 2026,Profit after Taxation,-1758.0
FEM,quarterly,Q3 2025,Profit after Taxation,-5203.0
FEM,annual,2026,EPS Growth (%),-126.14
FEM,annual,2025,EPS Growth (%),337.84
FEM,annual,2024,EPS Growth (%),13.95
FEM,annual,2023,EPS Growth (%),-230.77
FEM,annual,2026,PEG,0.38
FEM,annual,2025,PEG,0.02
FEM,annual,2024,PEG,-0.51
FEM,annual,2023,PEG,0.04
FEROZ,annual,2026,Sales,15757024.0
FEROZ,annual,2025,Sales,13857967.0
FEROZ,annual,2024,Sales,12711714.0
FEROZ,annual,2023,Sales,9893391.0
FEROZ,annual,2026,Profit after Taxation,650902.0
FEROZ,annual,2025,Profit after Taxation,528243.0
FEROZ,annual,2024,Profit after Taxation,400054.0
FEROZ,annual,2023,Profit after Taxation,189042.0
FEROZ,annual,2026,EPS,14.97
FEROZ,annual,2025,EPS,12.15
FEROZ,annual,2024,EPS,9.2
FEROZ,annual,2023,EPS,4.35
FEROZ,quarterly,Q3 2026,Sales,3659686.0
FEROZ,quarterly,Q2 2026,Sales,4405781.0
FEROZ,quarterly,Q1 2026,Sales,3883252.0
FEROZ,quarterly,Q3 2025,Sales,3778689.0
FEROZ,quarterly,Q3 2026,Profit after Taxation,150250.0
FEROZ,quarterly,Q2 2026,Profit after Taxation,171195.0
FEROZ,quarterly,Q1 2026,Profit after Taxation,182420.0
FEROZ,quarterly,Q3 2025,Profit after Taxation,138117.0
FEROZ,quarterly,Q3 2026,EPS,3.46
FEROZ,quarterly,Q2 2026,EPS,3.93
FEROZ,quarterly,Q1 2026,EPS,4.2
FEROZ,quarterly,Q3 2025,EPS,3.18
FEROZ,annual,2026,Gross Profit Margin (%),42.05
FEROZ,annual,2025,Gross Profit Margin (%),41.27
FEROZ,annual,2024,Gross Profit Margin (%),38.88
FEROZ,annual,2023,Gross Profit Margin (%),38.63
FEROZ,annual,2026,Net Profit Margin (%),4.13
FEROZ,annual,2025,Net Profit Margin (%),3.81
FEROZ,annual,2024,Net Profit Margin (%),3.15
FEROZ,annual,2023,Net Profit Margin (%),1.91
FEROZ,annual,2026,EPS Growth (%),23.21
FEROZ,annual,2025,EPS Growth (%),32.07
FEROZ,annual,2024,EPS Growth (%),111.49
FEROZ,annual,2023,EPS Growth (%),-63.23
FEROZ,annual,2026,PEG,1.16
FEROZ,annual,2025,PEG,1.0
FEROZ,annual,2024,PEG,0.24
FEROZ,annual,2023,PEG,-0.5
FFBL,annual,2023,Sales,193063909.0
FFBL,annual,2022,Sales,159225963.0
FFBL,annual,2021,Sales,110452174.0
FFBL,annual,2020,Sales,83234360.0
FFBL,annual,2023,Profit after Taxation,4402937.0
FFBL,annual,2022,Profit after Taxation,2327934.0
FFBL,annual,2021,Profit after Taxation,6390961.0
FFBL,annual,2020,Profit after Taxation,2192437.0
FFBL,annual,2023,EPS,3.41
FFBL,annual,2022,EPS,1.8
FFBL,annual,2021,EPS,4.96
FFBL,annual,2020,EPS,2.12
FFBL,quarterly,Q3 2024,Sales,57609706.0
FFBL,quarterly,Q2 2024,Sales,50331837.0
FFBL,quarterly,Q1 2024,Sales,46523738.0
FFBL,quarterly,Q3 2023,Sales,70069746.0
FFBL,quarterly,Q3 2024,Profit after Taxation,8008574.0
FFBL,quarterly,Q2 2024,Profit after Taxation,6253881.0
FFBL,quarterly,Q1 2024,Profit after Taxation,4306272.0
FFBL,quarterly,Q3 2023,Profit after Taxation,5304662.0
FFBL,quarterly,Q3 2024,EPS,6.2
FFBL,quarterly,Q2 2024,EPS,4.84
FFBL,quarterly,Q1 2024,EPS,3.33
FFBL,quarterly,Q3 2023,EPS,4.1
FFBL,annual,2023,Gross Profit Margin (%),17.15
FFBL,annual,2022,Gross Profit Margin (%),16.25
FFBL,annual,2021,Gross Profit Margin (%),20.06
FFBL,annual,2020,Gross Profit Margin (%),15.11
FFBL,annual,2023,Net Profit Margin (%),2.28
FFBL,annual,2022,Net Profit Margin (%),1.46
FFBL,annual,2021,Net Profit Margin (%),5.79
FFBL,annual,2020,Net Profit Margin (%),2.63
FFBL,annual,2023,EPS Growth (%),89.44
FFBL,annual,2022,EPS Growth (%),-63.71
FFBL,annual,2021,EPS Growth (%),133.96
FFBL,annual,2020,EPS Growth (%),137.06
FFBL,annual,2023,PEG,0.1
FFBL,annual,2022,PEG,-0.13
FFBL,annual,2021,PEG,0.04
FFBL,annual,2020,PEG,0.09
FFC,annual,2025,Sales,432410443.0
FFC,annual,2024,Sales,373536920.0
FFC,annual,2023,Sales,159471951.0
FFC,annual,2022,Sales,109363817.0
FFC,annual,2025,Profit after Taxation,73564267.0
FFC,annual,2024,Profit after Taxation,64731439.0
FFC,annual,2023,Profit after Taxation,29673348.0
FFC,annual,2022,Profit after Taxation,20049510.0
FFC,annual,2025,EPS,51.69
FFC,annual,2024,EPS,45.49
FFC,annual,2023,EPS,23.32
FFC,annual,2022,EPS,15.76
FFC,quarterly,Q2 2026,Sales,104319791.0
FFC,quarterly,Q1 2026,Sales,95293909.0
FFC,quarterly,Q3 2025,Sales,127251321.0
FFC,quarterly,Q2 2025,Sales,91811688.0
FFC,quarterly,Q2 2026,Profit after Taxation,24368981.0
FFC,quarterly,Q1 2026,Profit after Taxation,17476826.0
FFC,quarterly,Q3 2025,Profit after Taxation,19184539.0
FFC,quarterly,Q2 2025,Profit after Taxation,25173980.0
FFC,quarterly,Q2 2026,EPS,16.94
FFC,quarterly,Q1 2026,EPS,12.14
FFC,quarterly,Q3 2025,EPS,13.48
FFC,quarterly,Q2 2025,EPS,17.69
FFC,annual,2025,Gross Profit Margin (%),30.21
FFC,annual,2024,Gross Profit Margin (%),34.05
FFC,annual,2023,Gross Profit Margin (%),40.29
FFC,annual,2022,Gross Profit Margin (%),36.62
FFC,annual,2025,Net Profit Margin (%),17.01
FFC,annual,2024,Net Profit Margin (%),17.33
FFC,annual,2023,Net Profit Margin (%),18.61
FFC,annual,2022,Net Profit Margin (%),18.33
FFC,annual,2025,EPS Growth (%),13.63
FFC,annual,2024,EPS Growth (%),95.07
FFC,annual,2023,EPS Growth (%),47.97
FFC,annual,2022,EPS Growth (%),-8.43
FFC,annual,2025,PEG,0.84
FFC,annual,2024,PEG,0.08
FFC,annual,2023,PEG,0.1
FFC,annual,2022,PEG,-0.74
FFL,annual,2025,Sales,28878619.0
FFL,annual,2024,Sales,23401680.0
FFL,annual,2023,Sales,19809036.0
FFL,annual,2022,Sales,12350702.0
FFL,annual,2025,Profit after Taxation,1236052.0
FFL,annual,2024,Profit after Taxation,717137.0
FFL,annual,2023,Profit after Taxation,605112.0
FFL,annual,2022,Profit after Taxation,-2168511.0
FFL,annual,2025,EPS,0.49
FFL,annual,2024,EPS,0.28
FFL,annual,2023,EPS,0.26
FFL,annual,2022,EPS,-1.37
FFL,quarterly,Q2 2026,Sales,8224658.0
FFL,quarterly,Q1 2026,Sales,8539475.0
FFL,quarterly,Q3 2025,Sales,6075958.0
FFL,quarterly,Q2 2025,Sales,6977665.0
FFL,quarterly,Q2 2026,Profit after Taxation,280868.0
FFL,quarterly,Q1 2026,Profit after Taxation,320726.0
FFL,quarterly,Q3 2025,Profit after Taxation,236707.0
FFL,quarterly,Q2 2025,Profit after Taxation,415104.0
FFL,quarterly,Q2 2026,EPS,0.11
FFL,quarterly,Q1 2026,EPS,0.13
FFL,quarterly,Q3 2025,EPS,0.09
FFL,quarterly,Q2 2025,EPS,0.16
FFL,annual,2025,Gross Profit Margin (%),17.37
FFL,annual,2024,Gross Profit Margin (%),17.64
FFL,annual,2023,Gross Profit Margin (%),15.06
FFL,annual,2022,Gross Profit Margin (%),7.86
FFL,annual,2025,Net Profit Margin (%),4.28
FFL,annual,2024,Net Profit Margin (%),3.06
FFL,annual,2023,Net Profit Margin (%),3.05
FFL,annual,2022,Net Profit Margin (%),-17.56
FFL,annual,2025,EPS Growth (%),75.0
FFL,annual,2024,EPS Growth (%),7.69
FFL,annual,2023,EPS Growth (%),118.98
FFL,annual,2022,EPS Growth (%),-73.42
FFL,annual,2025,PEG,0.56
FFL,annual,2024,PEG,8.32
FFL,annual,2023,PEG,0.36
FFL,annual,2022,PEG,0.05
FFLM,annual,2025,Total Income,13264.0
FFLM,annual,2024,Total Income,12157.0
FFLM,annual,2023,Total Income,19729.0
FFLM,annual,2022,Total Income,23706.0
FFLM,annual,2025,Profit after Taxation,-1633.0
FFLM,annual,2024,Profit after Taxation,-23261.0
FFLM,annual,2023,Profit after Taxation,-2405.0
FFLM,annual,2022,Profit after Taxation,-6215.0
FFLM,annual,2025,EPS,-0.06
FFLM,annual,2024,EPS,-0.88
FFLM,annual,2023,EPS,-0.09
FFLM,annual,2022,EPS,-0.24
FFLM,quarterly,Q3 2026,Total Income,5905.0
FFLM,quarterly,Q2 2026,Total Income,3798.0
FFLM,quarterly,Q1 2026,Total Income,3249.0
FFLM,quarterly,Q3 2025,Total Income,2209.0
FFLM,quarterly,Q3 2026,Profit after Taxation,1601.0
FFLM,quarterly,Q2 2026,Profit after Taxation,-1607.0
FFLM,quarterly,Q1 2026,Profit after Taxation,-1831.0
FFLM,quarterly,Q3 2025,Profit after Taxation,-1111.0
FFLM,quarterly,Q3 2026,EPS,0.06
FFLM,quarterly,Q2 2026,EPS,-0.06
FFLM,quarterly,Q1 2026,EPS,-0.07
FFLM,quarterly,Q3 2025,EPS,-0.04
FFLM,annual,2025,EPS Growth (%),93.18
FFLM,annual,2024,EPS Growth (%),-877.78
FFLM,annual,2023,EPS Growth (%),62.5
FFLM,annual,2022,EPS Growth (%),-118.18
FFLM,annual,2025,PEG,-0.7
FFLM,annual,2024,PEG,0.0
FFLM,annual,2023,PEG,-0.3
FFLM,annual,2022,PEG,0.09
FHAM,annual,2026,Total Income,5078086.0
FHAM,annual,2025,Total Income,5210907.0
FHAM,annual,2024,Total Income,5451380.0
FHAM,annual,2023,Total Income,3709863.0
FHAM,annual,2026,Profit after Taxation,747920.0
FHAM,annual,2025,Profit after Taxation,901497.0
FHAM,annual,2024,Profit after Taxation,690197.0
FHAM,annual,2023,Profit after Taxation,519631.0
FHAM,annual,2026,EPS,6.75
FHAM,annual,2025,EPS,8.13
FHAM,annual,2024,EPS,6.23
FHAM,annual,2023,EPS,4.68
FHAM,quarterly,Q3 2026,Total Income,1292120.0
FHAM,quarterly,Q2 2026,Total Income,1237146.0
FHAM,quarterly,Q1 2026,Total Income,1166538.0
FHAM,quarterly,Q3 2025,Total Income,1139712.0
FHAM,quarterly,Q3 2026,Profit after Taxation,208267.0
FHAM,quarterly,Q2 2026,Profit after Taxation,195784.0
FHAM,quarterly,Q1 2026,Profit after Taxation,184992.0
FHAM,quarterly,Q3 2025,Profit after Taxation,187390.0
FHAM,quarterly,Q3 2026,EPS,1.88
FHAM,quarterly,Q2 2026,EPS,1.77
FHAM,quarterly,Q1 2026,EPS,1.67
FHAM,quarterly,Q3 2025,EPS,1.69
FHAM,annual,2026,EPS Growth (%),-16.97
FHAM,annual,2025,EPS Growth (%),30.5
FHAM,annual,2024,EPS Growth (%),33.12
FHAM,annual,2023,EPS Growth (%),146.32
FHAM,annual,2026,PEG,-0.29
FHAM,annual,2025,PEG,0.1
FHAM,annual,2024,PEG,0.08
FHAM,annual,2023,PEG,0.01
FIBLM,annual,2025,Total Income,54450.0
FIBLM,annual,2024,Total Income,52100.0
FIBLM,annual,2023,Total Income,39484.0
FIBLM,annual,2022,Total Income,28769.0
FIBLM,annual,2025,Profit after Taxation,26839.0
FIBLM,annual,2024,Profit after Taxation,10980.0
FIBLM,annual,2023,Profit after Taxation,10007.0
FIBLM,annual,2022,Profit after Taxation,-1967.0
FIBLM,annual,2025,EPS,1.24
FIBLM,annual,2024,EPS,0.51
FIBLM,annual,2023,EPS,0.46
FIBLM,annual,2022,EPS,-0.09
FIBLM,quarterly,Q3 2026,Total Income,12285.0
FIBLM,quarterly,Q2 2026,Total Income,9859.0
FIBLM,quarterly,Q1 2026,Total Income,13051.0
FIBLM,quarterly,Q3 2025,Total Income,13197.0
FIBLM,quarterly,Q3 2026,Profit after Taxation,4735.0
FIBLM,quarterly,Q2 2026,Profit after Taxation,-3.0
FIBLM,quarterly,Q1 2026,Profit after Taxation,7447.0
FIBLM,quarterly,Q3 2025,Profit after Taxation,10879.0
FIBLM,quarterly,Q3 2026,EPS,0.22
FIBLM,quarterly,Q2 2026,EPS,0.0
FIBLM,quarterly,Q1 2026,EPS,0.34
FIBLM,quarterly,Q3 2025,EPS,0.5
FIBLM,annual,2025,EPS Growth (%),143.14
FIBLM,annual,2024,EPS Growth (%),10.87
FIBLM,annual,2023,EPS Growth (%),611.11
FIBLM,annual,2022,EPS Growth (%),-169.23
FIBLM,annual,2025,PEG,0.03
FIBLM,annual,2024,PEG,0.52
FIBLM,annual,2023,PEG,0.01
FIBLM,annual,2022,PEG,0.32
FIL,annual,2025,Sales,171.0
FIL,annual,2024,Sales,13659.0
FIL,annual,2023,Sales,16495.0
FIL,annual,2022,Sales,14184.0
FIL,annual,2025,EPS,56.44
FIL,annual,2024,EPS,-0.96
FIL,annual,2023,EPS,-2.82
FIL,annual,2022,EPS,-2.05
FIL,quarterly,Q3 2026,EPS,-0.09
FIL,quarterly,Q2 2026,EPS,-0.27
FIL,quarterly,Q1 2026,EPS,-0.18
FIL,quarterly,Q3 2025,EPS,-1.01
FIL,annual,2025,Gross Profit Margin (%),-157.29
FIL,annual,2024,Gross Profit Margin (%),3.74
FIL,annual,2023,Gross Profit Margin (%),3.29
FIL,annual,2022,Gross Profit Margin (%),4.9
FIL,annual,2025,Net Profit Margin (%),66011.61
FIL,annual,2024,Net Profit Margin (%),-14.08
FIL,annual,2023,Net Profit Margin (%),-34.23
FIL,annual,2022,Net Profit Margin (%),-28.84
FIL,annual,2025,EPS Growth (%),5979.17
FIL,annual,2024,EPS Growth (%),65.96
FIL,annual,2023,EPS Growth (%),-37.56
FIL,annual,2022,EPS Growth (%),2.84
FIL,annual,2025,PEG,0.0
FIL,annual,2024,PEG,-1.94
FIL,annual,2023,PEG,1.67
FIL,annual,2022,PEG,-30.29
FIMM,annual,2026,Sales,1054093.0
FIMM,annual,2025,Sales,1247436.0
FIMM,annual,2024,Sales,1260138.0
FIMM,annual,2023,Sales,1668529.0
FIMM,annual,2026,Total Income,1058799.0
FIMM,annual,2025,Total Income,1268941.0
FIMM,annual,2024,Total Income,1260659.0
FIMM,annual,2023,Total Income,1671397.0
FIMM,quarterly,Q3 2026,Sales,235577.0
FIMM,quarterly,Q2 2026,Sales,334231.0
FIMM,quarterly,Q1 2026,Sales,252402.0
FIMM,quarterly,Q3 2025,Sales,324788.0
FIMM,quarterly,Q3 2026,Total Income,236426.0
FIMM,quarterly,Q2 2026,Total Income,337043.0
FIMM,quarterly,Q1 2026,Total Income,252528.0
FIMM,quarterly,Q3 2025,Total Income,327698.0
FIMM,annual,2026,EPS Growth (%),-58.61
FIMM,annual,2025,EPS Growth (%),31.98
FIMM,annual,2024,EPS Growth (%),2778.89
FIMM,annual,2023,EPS Growth (%),-111.08
FIMM,annual,2026,PEG,-0.27
FIMM,annual,2025,PEG,0.18
FIMM,annual,2024,PEG,0.0
FIMM,annual,2023,PEG,1.58
FLYNG,annual,2026,Sales,14521207.0
FLYNG,annual,2025,Sales,11202404.0
FLYNG,annual,2024,Sales,4516628.0
FLYNG,annual,2023,Sales,4243527.0
FLYNG,annual,2026,Profit after Taxation,486422.0
FLYNG,annual,2025,Profit after Taxation,648823.0
FLYNG,annual,2024,Profit after Taxation,51447.0
FLYNG,annual,2023,Profit after Taxation,271246.0
FLYNG,annual,2026,EPS,0.7
FLYNG,annual,2025,EPS,0.93
FLYNG,annual,2024,EPS,0.07
FLYNG,annual,2023,EPS,0.39
FLYNG,quarterly,Q3 2026,Sales,3516043.0
FLYNG,quarterly,Q2 2026,Sales,3514727.0
FLYNG,quarterly,Q1 2026,Sales,3493669.0
FLYNG,quarterly,Q3 2025,Sales,2822900.0
FLYNG,quarterly,Q3 2026,Profit after Taxation,201587.0
FLYNG,quarterly,Q2 2026,Profit after Taxation,202078.0
FLYNG,quarterly,Q1 2026,Profit after Taxation,130656.0
FLYNG,quarterly,Q3 2025,Profit after Taxation,194524.0
FLYNG,quarterly,Q3 2026,EPS,0.29
FLYNG,quarterly,Q2 2026,EPS,0.29
FLYNG,quarterly,Q1 2026,EPS,0.19
FLYNG,quarterly,Q3 2025,EPS,0.28
FLYNG,annual,2026,Gross Profit Margin (%),12.93
FLYNG,annual,2025,Gross Profit Margin (%),15.11
FLYNG,annual,2024,Gross Profit Margin (%),7.29
FLYNG,annual,2023,Gross Profit Margin (%),13.6
FLYNG,annual,2026,Net Profit Margin (%),3.35
FLYNG,annual,2025,Net Profit Margin (%),5.79
FLYNG,annual,2024,Net Profit Margin (%),1.14
FLYNG,annual,2023,Net Profit Margin (%),6.39
FLYNG,annual,2026,EPS Growth (%),-24.73
FLYNG,annual,2025,EPS Growth (%),1228.57
FLYNG,annual,2024,EPS Growth (%),-82.05
FLYNG,annual,2023,EPS Growth (%),-70.68
FLYNG,annual,2026,PEG,-2.55
FLYNG,annual,2025,PEG,0.05
FLYNG,annual,2024,PEG,-1.45
FLYNG,annual,2023,PEG,-0.2
FML,annual,2026,Profit after Taxation,804269.0
FML,annual,2025,Profit after Taxation,99023.0
FML,annual,2024,Profit after Taxation,572341.0
FML,annual,2023,Profit after Taxation,8969458.0
FML,annual,2026,EPS,2.01
FML,annual,2025,EPS,0.25
FML,annual,2024,EPS,1.43
FML,annual,2023,EPS,22.46
FML,quarterly,Q3 2026,Profit after Taxation,41010.0
FML,quarterly,Q2 2026,Profit after Taxation,16880.0
FML,quarterly,Q1 2026,Profit after Taxation,40685.0
FML,quarterly,Q3 2025,Profit after Taxation,388186.0
FML,quarterly,Q3 2026,EPS,0.1
FML,quarterly,Q2 2026,EPS,0.04
FML,quarterly,Q1 2026,EPS,0.1
FML,quarterly,Q3 2025,EPS,0.97
FML,annual,2026,Gross Profit Margin (%),12.42
FML,annual,2025,Gross Profit Margin (%),13.72
FML,annual,2024,Gross Profit Margin (%),16.96
FML,annual,2023,Gross Profit Margin (%),22.89
FML,annual,2026,Net Profit Margin (%),1.19
FML,annual,2025,Net Profit Margin (%),0.15
FML,annual,2024,Net Profit Margin (%),0.82
FML,annual,2023,Net Profit Margin (%),15.69
FML,annual,2026,EPS Growth (%),704.0
FML,annual,2025,EPS Growth (%),-82.52
FML,annual,2024,EPS Growth (%),-93.63
FML,annual,2023,EPS Growth (%),156.39
FML,annual,2026,PEG,0.04
FML,annual,2025,PEG,-3.24
FML,annual,2024,PEG,-0.61
FML,annual,2023,PEG,0.02
FNBM,annual,2024,Total Income,115936.0
FNBM,annual,2023,Total Income,64181.0
FNBM,annual,2022,Total Income,53454.0
FNBM,annual,2021,Total Income,49834.0
FNBM,annual,2024,Profit after Taxation,34759.0
FNBM,annual,2023,Profit after Taxation,4101.0
FNBM,annual,2022,Profit after Taxation,2609.0
FNBM,annual,2021,Profit after Taxation,1110.0
FNBM,annual,2024,EPS,1.39
FNBM,annual,2023,EPS,0.16
FNBM,annual,2022,EPS,0.1
FNBM,annual,2021,EPS,0.04
FNBM,quarterly,Q3 2025,Total Income,11417.0
FNBM,quarterly,Q2 2025,Total Income,13213.0
FNBM,quarterly,Q1 2025,Total Income,14769.0
FNBM,quarterly,Q3 2024,Total Income,17639.0
FNBM,quarterly,Q3 2025,Profit after Taxation,1094.0
FNBM,quarterly,Q2 2025,Profit after Taxation,-1578.0
FNBM,quarterly,Q1 2025,Profit after Taxation,-361.0
FNBM,quarterly,Q3 2024,Profit after Taxation,1907.0
FNBM,quarterly,Q3 2025,EPS,-0.11
FNBM,quarterly,Q2 2025,EPS,-0.06
FNBM,quarterly,Q1 2025,EPS,-0.01
FNBM,quarterly,Q3 2024,EPS,0.08
FNBM,annual,2024,EPS Growth (%),768.75
FNBM,annual,2023,EPS Growth (%),60.0
FNBM,annual,2022,EPS Growth (%),150.0
FNBM,annual,2021,EPS Growth (%),102.94
FNBM,annual,2024,PEG,0.0
FNBM,annual,2023,PEG,0.07
FNBM,annual,2022,PEG,0.04
FNBM,annual,2021,PEG,0.2
FNEL,annual,2026,Profit after Taxation,257436.0
FNEL,annual,2025,Profit after Taxation,-78681.0
FNEL,annual,2024,Profit after Taxation,-51473.0
FNEL,annual,2023,Profit after Taxation,-87494.0
FNEL,quarterly,Q3 2026,Profit after Taxation,-17023.0
FNEL,quarterly,Q2 2026,Profit after Taxation,426425.0
FNEL,quarterly,Q1 2026,Profit after Taxation,12876.0
FNEL,quarterly,Q3 2025,Profit after Taxation,-33541.0
FNEL,annual,2026,Net Profit Margin (%),64.61
FNEL,annual,2025,Net Profit Margin (%),-142.73
FNEL,annual,2024,Net Profit Margin (%),-78.17
FNEL,annual,2023,Net Profit Margin (%),-200.51
FNEL,annual,2026,EPS Growth (%),433.33
FNEL,annual,2025,EPS Growth (%),84.21
FNEL,annual,2024,EPS Growth (%),42.42
FNEL,annual,2023,EPS Growth (%),-176.74
FNEL,annual,2026,PEG,0.03
FNEL,annual,2025,PEG,-1.49
FNEL,annual,2024,PEG,-0.47
FNEL,annual,2023,PEG,0.06
FPJM,annual,2025,Total Income,251503.0
FPJM,annual,2024,Total Income,404653.0
FPJM,annual,2023,Total Income,331319.0
FPJM,annual,2022,Total Income,211508.0
FPJM,annual,2025,Profit after Taxation,-172918.0
FPJM,annual,2024,Profit after Taxation,-94367.0
FPJM,annual,2023,Profit after Taxation,-111562.0
FPJM,annual,2022,Profit after Taxation,-87544.0
FPJM,annual,2025,EPS,-5.08
FPJM,annual,2024,EPS,-2.77
FPJM,annual,2023,EPS,-3.21
FPJM,annual,2022,EPS,-2.57
FPJM,quarterly,Q2 2026,Total Income,47793.0
FPJM,quarterly,Q1 2026,Total Income,59811.0
FPJM,quarterly,Q3 2025,Total Income,62135.0
FPJM,quarterly,Q2 2025,Total Income,58958.0
FPJM,quarterly,Q2 2026,Profit after Taxation,-16862.0
FPJM,quarterly,Q1 2026,Profit after Taxation,453.0
FPJM,quarterly,Q3 2025,Profit after Taxation,-22497.0
FPJM,quarterly,Q2 2025,Profit after Taxation,-41017.0
FPJM,quarterly,Q2 2026,EPS,-0.5
FPJM,quarterly,Q1 2026,EPS,0.01
FPJM,quarterly,Q3 2025,EPS,-0.66
FPJM,quarterly,Q2 2025,EPS,-1.63
FPJM,annual,2025,EPS Growth (%),-83.39
FPJM,annual,2024,EPS Growth (%),13.71
FPJM,annual,2023,EPS Growth (%),-24.9
FPJM,annual,2022,EPS Growth (%),-1268.18
FPJM,annual,2025,PEG,0.02
FPJM,annual,2024,PEG,-0.08
FPJM,annual,2023,PEG,0.02
FPJM,annual,2022,PEG,0.0
FPRM,annual,2025,Total Income,104933.0
FPRM,annual,2024,Total Income,113347.0
FPRM,annual,2023,Total Income,327614.0
FPRM,annual,2022,Total Income,311496.0
FPRM,annual,2025,Profit after Taxation,23898.0
FPRM,annual,2024,Profit after Taxation,28542.0
FPRM,annual,2023,Profit after Taxation,6540.0
FPRM,annual,2022,Profit after Taxation,9956.0
FPRM,annual,2025,EPS,1.73
FPRM,annual,2024,EPS,2.07
FPRM,annual,2023,EPS,0.47
FPRM,annual,2022,EPS,0.72
FPRM,quarterly,Q3 2026,Total Income,22251.0
FPRM,quarterly,Q2 2026,Total Income,17733.0
FPRM,quarterly,Q1 2026,Total Income,143261.0
FPRM,quarterly,Q3 2025,Total Income,20272.0
FPRM,quarterly,Q3 2026,Profit after Taxation,3423.0
FPRM,quarterly,Q2 2026,Profit after Taxation,960.0
FPRM,quarterly,Q1 2026,Profit after Taxation,6229.0
FPRM,quarterly,Q3 2025,Profit after Taxation,2044.0
FPRM,quarterly,Q3 2026,EPS,0.25
FPRM,quarterly,Q2 2026,EPS,0.07
FPRM,quarterly,Q1 2026,EPS,0.45
FPRM,quarterly,Q3 2025,EPS,0.15
FPRM,annual,2026,EPS Growth (%),-16.43
FPRM,annual,2025,EPS Growth (%),336.71
FPRM,annual,2024,EPS Growth (%),-34.35
FPRM,annual,2023,EPS Growth (%),29.16
FPRM,annual,2025,PEG,0.01
FPRM,annual,2024,PEG,-0.51
FPRM,annual,2023,PEG,0.19
FRCL,annual,2026,Sales,4820595.0
FRCL,annual,2025,Sales,4390409.0
FRCL,annual,2024,Sales,3419350.0
FRCL,annual,2023,Sales,4115403.0
FRCL,annual,2026,Profit after Taxation,165193.0
FRCL,annual,2025,Profit after Taxation,50137.0
FRCL,annual,2024,Profit after Taxation,-109913.0
FRCL,annual,2023,Profit after Taxation,-153472.0
FRCL,annual,2026,EPS,4.36
FRCL,annual,2025,EPS,1.32
FRCL,annual,2024,EPS,-2.9
FRCL,annual,2023,EPS,-4.05
FRCL,quarterly,Q3 2026,Sales,1178674.0
FRCL,quarterly,Q2 2026,Sales,1259591.0
FRCL,quarterly,Q1 2026,Sales,1155427.0
FRCL,quarterly,Q3 2025,Sales,1189514.0
FRCL,quarterly,Q3 2026,Profit after Taxation,89534.0
FRCL,quarterly,Q2 2026,Profit after Taxation,51848.0
FRCL,quarterly,Q1 2026,Profit after Taxation,44298.0
FRCL,quarterly,Q3 2025,Profit after Taxation,39398.0
FRCL,quarterly,Q3 2026,EPS,2.36
FRCL,quarterly,Q2 2026,EPS,1.37
FRCL,quarterly,Q1 2026,EPS,1.17
FRCL,quarterly,Q3 2025,EPS,1.04
FRCL,annual,2026,Gross Profit Margin (%),6.71
FRCL,annual,2025,Gross Profit Margin (%),9.13
FRCL,annual,2024,Gross Profit Margin (%),2.12
FRCL,annual,2023,Gross Profit Margin (%),2.51
FRCL,annual,2026,Net Profit Margin (%),3.43
FRCL,annual,2025,Net Profit Margin (%),1.14
FRCL,annual,2024,Net Profit Margin (%),-3.21
FRCL,annual,2023,Net Profit Margin (%),-3.73
FRCL,annual,2026,EPS Growth (%),230.3
FRCL,annual,2025,EPS Growth (%),145.52
FRCL,annual,2024,EPS Growth (%),28.4
FRCL,annual,2023,EPS Growth (%),-497.06
FRCL,annual,2026,PEG,0.08
FRCL,annual,2025,PEG,0.19
FRCL,annual,2024,PEG,-0.22
FRCL,annual,2023,PEG,0.01
FRSM,annual,2025,Sales,11967089.0
FRSM,annual,2024,Sales,11143055.0
FRSM,annual,2023,Sales,9336724.0
FRSM,annual,2022,Sales,6671766.0
FRSM,annual,2025,Profit after Taxation,254691.0
FRSM,annual,2024,Profit after Taxation,-1533019.0
FRSM,annual,2023,Profit after Taxation,1220026.0
FRSM,annual,2022,Profit after Taxation,27383.0
FRSM,annual,2025,EPS,6.99
FRSM,annual,2024,EPS,-56.3
FRSM,annual,2023,EPS,48.79
FRSM,annual,2022,EPS,1.09
FRSM,quarterly,Q3 2026,Sales,2892290.0
FRSM,quarterly,Q2 2026,Sales,3454572.0
FRSM,quarterly,Q1 2026,Sales,1527688.0
FRSM,quarterly,Q3 2025,Sales,2567718.0
FRSM,quarterly,Q3 2026,Profit after Taxation,-6689.0
FRSM,quarterly,Q2 2026,Profit after Taxation,-56585.0
FRSM,quarterly,Q1 2026,Profit after Taxation,74025.0
FRSM,quarterly,Q3 2025,Profit after Taxation,279802.0
FRSM,quarterly,Q3 2026,EPS,-0.17
FRSM,quarterly,Q2 2026,EPS,-1.43
FRSM,quarterly,Q1 2026,EPS,1.87
FRSM,quarterly,Q3 2025,EPS,7.08
FRSM,annual,2025,Gross Profit Margin (%),8.82
FRSM,annual,2024,Gross Profit Margin (%),4.86
FRSM,annual,2023,Gross Profit Margin (%),16.6
FRSM,annual,2022,Gross Profit Margin (%),7.15
FRSM,annual,2025,Net Profit Margin (%),2.13
FRSM,annual,2024,Net Profit Margin (%),-13.76
FRSM,annual,2023,Net Profit Margin (%),13.07
FRSM,annual,2022,Net Profit Margin (%),0.41
FRSM,annual,2025,EPS Growth (%),112.42
FRSM,annual,2024,EPS Growth (%),-215.39
FRSM,annual,2023,EPS Growth (%),4376.15
FRSM,annual,2022,EPS Growth (%),107.35
FRSM,annual,2025,PEG,0.07
FRSM,annual,2024,PEG,0.0
FRSM,annual,2023,PEG,0.0
FRSM,annual,2022,PEG,0.45
FSWL,annual,2025,Profit after Taxation,7028.0
FSWL,annual,2024,Profit after Taxation,-19905.0
FSWL,annual,2023,Profit after Taxation,158204.0
FSWL,annual,2022,Profit after Taxation,93839.0
FSWL,annual,2025,EPS,3.51
FSWL,annual,2024,EPS,-9.95
FSWL,annual,2023,EPS,79.1
FSWL,annual,2022,EPS,46.92
FSWL,quarterly,Q3 2026,Profit after Taxation,-3296.0
FSWL,quarterly,Q2 2026,Profit after Taxation,-3555.0
FSWL,quarterly,Q1 2026,Profit after Taxation,-5397.0
FSWL,quarterly,Q3 2025,Profit after Taxation,-826.0
FSWL,quarterly,Q3 2026,EPS,-1.65
FSWL,quarterly,Q2 2026,EPS,-1.78
FSWL,quarterly,Q1 2026,EPS,-2.7
FSWL,quarterly,Q3 2025,EPS,-0.41
FSWL,annual,2025,EPS Growth (%),135.28
FSWL,annual,2024,EPS Growth (%),-112.58
FSWL,annual,2023,EPS Growth (%),68.58
FSWL,annual,2022,EPS Growth (%),491.98
FSWL,annual,2025,PEG,0.16
FSWL,annual,2024,PEG,0.08
FSWL,annual,2023,PEG,0.01
FSWL,annual,2022,PEG,0.0
FTMM,annual,2026,Sales,4162796.0
FTMM,annual,2025,Sales,3793472.0
FTMM,annual,2024,Sales,4148262.0
FTMM,annual,2023,Sales,3911423.0
FTMM,annual,2026,Total Income,4208651.0
FTMM,annual,2025,Total Income,3877591.0
FTMM,annual,2024,Total Income,4216384.0
FTMM,annual,2023,Total Income,3989990.0
FTMM,annual,2026,Profit after Taxation,119924.0
FTMM,annual,2025,Profit after Taxation,117463.0
FTMM,annual,2024,Profit after Taxation,271457.0
FTMM,annual,2023,Profit after Taxation,-126388.0
FTMM,annual,2026,EPS,0.61
FTMM,annual,2025,EPS,0.14
FTMM,annual,2024,EPS,0.31
FTMM,annual,2023,EPS,-0.15
FTMM,quarterly,Q3 2026,Sales,976516.0
FTMM,quarterly,Q2 2026,Sales,920029.0
FTMM,quarterly,Q1 2026,Sales,1097448.0
FTMM,quarterly,Q3 2025,Sales,886155.0
FTMM,quarterly,Q3 2026,Total Income,992601.0
FTMM,quarterly,Q2 2026,Total Income,943238.0
FTMM,quarterly,Q1 2026,Total Income,1115494.0
FTMM,quarterly,Q3 2025,Total Income,896092.0
FTMM,quarterly,Q3 2026,Profit after Taxation,12878.0
FTMM,quarterly,Q2 2026,Profit after Taxation,8354.0
FTMM,quarterly,Q1 2026,Profit after Taxation,68213.0
FTMM,quarterly,Q3 2025,Profit after Taxation,36228.0
FTMM,quarterly,Q3 2026,EPS,0.07
FTMM,quarterly,Q2 2026,EPS,0.04
FTMM,quarterly,Q1 2026,EPS,0.35
FTMM,quarterly,Q3 2025,EPS,0.19
FTMM,annual,2026,EPS Growth (%),354.07
FTMM,annual,2025,EPS Growth (%),-56.87
FTMM,annual,2024,EPS Growth (%),308.67
FTMM,annual,2023,EPS Growth (%),76.19
FTMM,annual,2026,PEG,0.08
FTMM,annual,2025,PEG,-1.3
FTMM,annual,2024,PEG,0.05
FTMM,annual,2023,PEG,-0.35
FTSM,annual,2026,Total Income,52008.0
FTSM,annual,2025,Total Income,45279.0
FTSM,annual,2024,Total Income,35566.0
FTSM,annual,2023,Total Income,393622.0
FTSM,annual,2026,Profit after Taxation,4907.0
FTSM,annual,2025,Profit after Taxation,-15030.0
FTSM,annual,2024,Profit after Taxation,1662.0
FTSM,annual,2023,Profit after Taxation,354169.0
FTSM,quarterly,Q3 2026,Total Income,15297.0
FTSM,quarterly,Q2 2026,Total Income,7395.0
FTSM,quarterly,Q1 2026,Total Income,29328.0
FTSM,quarterly,Q3 2025,Total Income,14381.0
FTSM,quarterly,Q3 2026,Profit after Taxation,3325.0
FTSM,quarterly,Q2 2026,Profit after Taxation,-8114.0
FTSM,quarterly,Q1 2026,Profit after Taxation,17859.0
FTSM,quarterly,Q3 2025,Profit after Taxation,1556.0
FTSM,annual,2026,EPS Growth (%),132.39
FTSM,annual,2025,EPS Growth (%),-987.5
FTSM,annual,2024,EPS Growth (%),-99.52
FTSM,annual,2023,EPS Growth (%),83600.0
FTSM,annual,2026,PEG,1.41
FTSM,annual,2025,PEG,0.02
FTSM,annual,2024,PEG,-2.16
FTSM,annual,2023,PEG,0.0
FUDLM,annual,2023,Total Income,63448.0
FUDLM,annual,2022,Total Income,141826.0
FUDLM,annual,2021,Total Income,52906.0
FUDLM,annual,2020,Total Income,38296.0
FUDLM,annual,2023,EPS,-0.07
FUDLM,annual,2022,EPS,2.16
FUDLM,annual,2021,EPS,0.84
FUDLM,annual,2020,EPS,-0.08
FUDLM,quarterly,Q3 2024,Total Income,16345.0
FUDLM,quarterly,Q2 2024,Total Income,18936.0
FUDLM,quarterly,Q1 2024,Total Income,17622.0
FUDLM,quarterly,Q3 2023,Total Income,14883.0
FUDLM,quarterly,Q3 2024,EPS,-0.08
FUDLM,quarterly,Q2 2024,EPS,0.2
FUDLM,quarterly,Q1 2024,EPS,0.02
FUDLM,quarterly,Q3 2023,EPS,0.01
FUDLM,annual,2023,EPS Growth (%),-103.24
FUDLM,annual,2022,EPS Growth (%),157.14
FUDLM,annual,2021,EPS Growth (%),1150.0
FUDLM,annual,2020,EPS Growth (%),95.32
FUDLM,annual,2023,PEG,0.69
FUDLM,annual,2022,PEG,0.02
FUDLM,annual,2021,PEG,0.01
FUDLM,annual,2020,PEG,-0.92
FZCM,annual,2026,Sales,96023702.0
FZCM,annual,2025,Sales,90002393.0
FZCM,annual,2024,Sales,97160875.0
FZCM,annual,2023,Sales,77696980.0
FZCM,annual,2026,Profit after Taxation,1573098.0
FZCM,annual,2025,Profit after Taxation,382765.0
FZCM,annual,2024,Profit after Taxation,1785288.0
FZCM,annual,2023,Profit after Taxation,586095.0
FZCM,annual,2026,EPS,52.44
FZCM,annual,2025,EPS,12.76
FZCM,annual,2024,EPS,59.51
FZCM,annual,2023,EPS,19.54
FZCM,quarterly,Q3 2026,Sales,24046954.0
FZCM,quarterly,Q2 2026,Sales,23220150.0
FZCM,quarterly,Q1 2026,Sales,24333548.0
FZCM,quarterly,Q3 2025,Sales,22038208.0
FZCM,quarterly,Q3 2026,Profit after Taxation,141725.0
FZCM,quarterly,Q2 2026,Profit after Taxation,34416.0
FZCM,quarterly,Q1 2026,Profit after Taxation,179574.0
FZCM,quarterly,Q3 2025,Profit after Taxation,37886.0
FZCM,quarterly,Q3 2026,EPS,4.72
FZCM,quarterly,Q2 2026,EPS,1.15
FZCM,quarterly,Q1 2026,EPS,5.99
FZCM,quarterly,Q3 2025,EPS,1.26
FZCM,annual,2026,Gross Profit Margin (%),9.32
FZCM,annual,2025,Gross Profit Margin (%),8.55
FZCM,annual,2024,Gross Profit Margin (%),11.34
FZCM,annual,2023,Gross Profit Margin (%),12.98
FZCM,annual,2026,Net Profit Margin (%),1.64
FZCM,annual,2025,Net Profit Margin (%),0.43
FZCM,annual,2024,Net Profit Margin (%),1.84
FZCM,annual,2023,Net Profit Margin (%),0.75
FZCM,annual,2026,EPS Growth (%),310.97
FZCM,annual,2025,EPS Growth (%),-78.56
FZCM,annual,2024,EPS Growth (%),204.55
FZCM,annual,2023,EPS Growth (%),-87.29
FZCM,annual,2026,PEG,0.02
FZCM,annual,2025,PEG,-0.21
FZCM,annual,2024,PEG,0.01
FZCM,annual,2023,PEG,-0.1
GADT,annual,2026,Sales,75995927.0
GADT,annual,2025,Sales,70979986.0
GADT,annual,2024,Sales,72723982.0
GADT,annual,2023,Sales,57997240.0
GADT,annual,2026,Profit after Taxation,2628528.0
GADT,annual,2025,Profit after Taxation,2391904.0
GADT,annual,2024,Profit after Taxation,794548.0
GADT,annual,2023,Profit after Taxation,3291867.0
GADT,annual,2026,EPS,93.78
GADT,annual,2025,EPS,85.33
GADT,annual,2024,EPS,28.35
GADT,annual,2023,EPS,117.44
GADT,quarterly,Q3 2026,Sales,19572872.0
GADT,quarterly,Q2 2026,Sales,17245392.0
GADT,quarterly,Q1 2026,Sales,19727949.0
GADT,quarterly,Q3 2025,Sales,17590110.0
GADT,quarterly,Q3 2026,Profit after Taxation,72709.0
GADT,quarterly,Q2 2026,Profit after Taxation,203906.0
GADT,quarterly,Q1 2026,Profit after Taxation,561271.0
GADT,quarterly,Q3 2025,Profit after Taxation,694337.0
GADT,quarterly,Q3 2026,EPS,2.59
GADT,quarterly,Q2 2026,EPS,7.27
GADT,quarterly,Q1 2026,EPS,20.02
GADT,quarterly,Q3 2025,EPS,24.77
GADT,annual,2026,Gross Profit Margin (%),7.83
GADT,annual,2025,Gross Profit Margin (%),8.91
GADT,annual,2024,Gross Profit Margin (%),6.9
GADT,annual,2023,Gross Profit Margin (%),10.63
GADT,annual,2026,Net Profit Margin (%),3.46
GADT,annual,2025,Net Profit Margin (%),3.37
GADT,annual,2024,Net Profit Margin (%),1.09
GADT,annual,2023,Net Profit Margin (%),5.68
GADT,annual,2026,EPS Growth (%),9.9
GADT,annual,2025,EPS Growth (%),200.99
GADT,annual,2024,EPS Growth (%),-75.86
GADT,annual,2023,EPS Growth (%),-42.39
GADT,annual,2026,PEG,0.33
GADT,annual,2025,PEG,0.02
GADT,annual,2024,PEG,-0.08
GADT,annual,2023,PEG,-0.05
GAIL,annual,2020,Sales,70294.0
GAIL,annual,2019,Sales,148992.0
GAIL,annual,2018,Sales,192037.0
GAIL,annual,2017,Sales,116198.0
GAIL,annual,2020,Profit after Taxation,-32948.0
GAIL,annual,2019,Profit after Taxation,-23747.0
GAIL,annual,2018,Profit after Taxation,-7953.0
GAIL,annual,2017,Profit after Taxation,-53154.0
GAIL,annual,2020,EPS,-0.66
GAIL,annual,2019,EPS,-0.47
GAIL,annual,2018,EPS,-0.16
GAIL,annual,2017,EPS,-1.06
GAIL,quarterly,Q3 2021,Sales,10950.0
GAIL,quarterly,Q2 2021,Sales,13136.0
GAIL,quarterly,Q1 2021,Sales,12125.0
GAIL,quarterly,Q3 2020,Sales,20339.0
GAIL,quarterly,Q3 2021,Profit after Taxation,-6830.0
GAIL,quarterly,Q2 2021,Profit after Taxation,-911.0
GAIL,quarterly,Q1 2021,Profit after Taxation,-6370.0
GAIL,quarterly,Q3 2020,Profit after Taxation,-8232.0
GAIL,quarterly,Q3 2021,EPS,-0.14
GAIL,quarterly,Q2 2021,EPS,-0.02
GAIL,quarterly,Q1 2021,EPS,-0.13
GAIL,quarterly,Q3 2020,EPS,-0.16
GAIL,annual,2020,Gross Profit Margin (%),-25.46
GAIL,annual,2019,Gross Profit Margin (%),-12.93
GAIL,annual,2018,Gross Profit Margin (%),1.13
GAIL,annual,2017,Gross Profit Margin (%),-10.42
GAIL,annual,2020,Net Profit Margin (%),-46.87
GAIL,annual,2019,Net Profit Margin (%),-15.94
GAIL,annual,2018,Net Profit Margin (%),-4.14
GAIL,annual,2017,Net Profit Margin (%),-45.74
GAIL,annual,2020,EPS Growth (%),-40.43
GAIL,annual,2019,EPS Growth (%),-193.75
GAIL,annual,2018,EPS Growth (%),84.91
GAIL,annual,2017,EPS Growth (%),29.33
GAIL,annual,2020,PEG,0.23
GAIL,annual,2019,PEG,0.04
GAIL,annual,2018,PEG,-0.51
GAIL,annual,2017,PEG,-0.38
GAL,annual,2026,Sales,28833951.0
GAL,annual,2025,Sales,23171960.0
GAL,annual,2024,Sales,5385066.0
GAL,annual,2023,Sales,10033096.0
GAL,annual,2026,Profit after Taxation,3465106.0
GAL,annual,2025,Profit after Taxation,2389570.0
GAL,annual,2024,Profit after Taxation,-258806.0
GAL,annual,2023,Profit after Taxation,63696.0
GAL,annual,2026,EPS,60.79
GAL,annual,2025,EPS,41.92
GAL,annual,2024,EPS,-4.54
GAL,annual,2023,EPS,1.12
GAL,quarterly,Q3 2026,Sales,7282132.0
GAL,quarterly,Q2 2026,Sales,5176684.0
GAL,quarterly,Q1 2026,Sales,9245537.0
GAL,quarterly,Q3 2025,Sales,3964557.0
GAL,quarterly,Q3 2026,Profit after Taxation,977211.0
GAL,quarterly,Q2 2026,Profit after Taxation,1071978.0
GAL,quarterly,Q1 2026,Profit after Taxation,823824.0
GAL,quarterly,Q3 2025,Profit after Taxation,635727.0
GAL,quarterly,Q3 2026,EPS,17.14
GAL,quarterly,Q2 2026,EPS,18.81
GAL,quarterly,Q1 2026,EPS,14.45
GAL,quarterly,Q3 2025,EPS,11.15
GAL,annual,2026,Gross Profit Margin (%),19.92
GAL,annual,2025,Gross Profit Margin (%),16.88
GAL,annual,2024,Gross Profit Margin (%),4.43
GAL,annual,2023,Gross Profit Margin (%),6.34
GAL,annual,2026,Net Profit Margin (%),12.02
GAL,annual,2025,Net Profit Margin (%),10.31
GAL,annual,2024,Net Profit Margin (%),-4.81
GAL,annual,2023,Net Profit Margin (%),0.63
GAL,annual,2026,EPS Growth (%),45.01
GAL,annual,2025,EPS Growth (%),1023.35
GAL,annual,2024,EPS Growth (%),-505.36
GAL,annual,2023,EPS Growth (%),-36.72
GAL,annual,2026,PEG,0.21
GAL,annual,2025,PEG,0.01
GAL,annual,2024,PEG,0.08
GAL,annual,2023,PEG,-0.88
GAMON,annual,2023,Sales,6678.0
GAMON,annual,2026,Profit after Taxation,26791.0
GAMON,annual,2025,Profit after Taxation,-63805.0
GAMON,annual,2024,Profit after Taxation,42633.0
GAMON,annual,2023,Profit after Taxation,7547.0
GAMON,annual,2026,EPS,0.95
GAMON,annual,2025,EPS,-2.26
GAMON,annual,2024,EPS,1.51
GAMON,annual,2023,EPS,0.27
GAMON,quarterly,Q3 2026,Profit after Taxation,3093.0
GAMON,quarterly,Q2 2026,Profit after Taxation,1723.0
GAMON,quarterly,Q1 2026,Profit after Taxation,-5649.0
GAMON,quarterly,Q3 2025,Profit after Taxation,-7520.0
GAMON,quarterly,Q3 2026,EPS,0.11
GAMON,quarterly,Q2 2026,EPS,0.06
GAMON,quarterly,Q1 2026,EPS,-0.2
GAMON,quarterly,Q3 2025,EPS,-0.27
GAMON,annual,2023,Gross Profit Margin (%),-151.65
GAMON,annual,2023,Net Profit Margin (%),113.02
GAMON,annual,2026,EPS Growth (%),142.04
GAMON,annual,2025,EPS Growth (%),-249.67
GAMON,annual,2024,EPS Growth (%),459.26
GAMON,annual,2023,EPS Growth (%),217.39
GAMON,annual,2026,PEG,0.15
GAMON,annual,2025,PEG,0.04
GAMON,annual,2024,PEG,0.02
GAMON,annual,2023,PEG,0.09
GASF,annual,2019,Total Income,-181003.0
GASF,annual,2018,Total Income,-24234.0
GASF,annual,2017,Total Income,926189.0
GASF,annual,2016,Total Income,213844.0
GASF,annual,2019,Profit after Taxation,-188704.0
GASF,annual,2018,Profit after Taxation,-34777.0
GASF,annual,2017,Profit after Taxation,838410.0
GASF,annual,2016,Profit after Taxation,159632.0
GASF,annual,2019,EPS,-1.24
GASF,annual,2018,EPS,-0.23
GASF,annual,2017,EPS,5.51
GASF,annual,2016,EPS,1.05
GASF,annual,2019,EPS Growth (%),-439.13
GASF,annual,2018,EPS Growth (%),-104.17
GASF,annual,2017,EPS Growth (%),424.76
GASF,annual,2016,EPS Growth (%),-71.7
GASF,annual,2019,PEG,0.01
GASF,annual,2018,PEG,0.38
GASF,annual,2017,PEG,0.01
GASF,annual,2016,PEG,-0.11
GATI,annual,2026,Sales,30146977.0
GATI,annual,2025,Sales,26328040.0
GATI,annual,2024,Sales,34013581.0
GATI,annual,2023,Sales,27383780.0
GATI,annual,2026,Profit after Taxation,-324682.0
GATI,annual,2025,Profit after Taxation,-1971123.0
GATI,annual,2024,Profit after Taxation,-204358.0
GATI,annual,2023,Profit after Taxation,205300.0
GATI,annual,2026,EPS,-2.99
GATI,annual,2025,EPS,-18.13
GATI,annual,2024,EPS,-2.36
GATI,annual,2023,EPS,-2.61
GATI,quarterly,Q3 2026,Sales,8578574.0
GATI,quarterly,Q2 2026,Sales,6287022.0
GATI,quarterly,Q1 2026,Sales,7241592.0
GATI,quarterly,Q3 2025,Sales,6362622.0
GATI,quarterly,Q3 2026,Profit after Taxation,-89015.0
GATI,quarterly,Q2 2026,Profit after Taxation,-343971.0
GATI,quarterly,Q1 2026,Profit after Taxation,-394517.0
GATI,quarterly,Q3 2025,Profit after Taxation,-345399.0
GATI,quarterly,Q3 2026,EPS,-0.82
GATI,quarterly,Q2 2026,EPS,-3.16
GATI,quarterly,Q1 2026,EPS,-3.63
GATI,quarterly,Q3 2025,EPS,-3.18
GATI,annual,2026,Gross Profit Margin (%),5.67
GATI,annual,2025,Gross Profit Margin (%),3.36
GATI,annual,2024,Gross Profit Margin (%),6.14
GATI,annual,2023,Gross Profit Margin (%),5.31
GATI,annual,2026,Net Profit Margin (%),-1.08
GATI,annual,2025,Net Profit Margin (%),-7.49
GATI,annual,2024,Net Profit Margin (%),-0.6
GATI,annual,2023,Net Profit Margin (%),0.75
GATI,annual,2026,EPS Growth (%),83.51
GATI,annual,2025,EPS Growth (%),-668.22
GATI,annual,2024,EPS Growth (%),9.58
GATI,annual,2023,EPS Growth (%),-110.96
GATI,annual,2026,PEG,-0.36
GATI,annual,2025,PEG,0.01
GATI,annual,2024,PEG,-9.29
GATI,annual,2023,PEG,0.78
GATM,annual,2026,Sales,129723087.0
GATM,annual,2025,Sales,145294575.0
GATM,annual,2024,Sales,143145844.0
GATM,annual,2023,Sales,111967612.0
GATM,annual,2026,Profit after Taxation,-922603.0
GATM,annual,2025,Profit after Taxation,4022774.0
GATM,annual,2024,Profit after Taxation,4727802.0
GATM,annual,2023,Profit after Taxation,3986019.0
GATM,annual,2026,EPS,-1.24
GATM,annual,2025,EPS,5.43
GATM,annual,2024,EPS,6.39
GATM,annual,2023,EPS,5.39
GATM,quarterly,Q3 2026,Sales,29694916.0
GATM,quarterly,Q2 2026,Sales,29402638.0
GATM,quarterly,Q1 2026,Sales,40583427.0
GATM,quarterly,Q3 2025,Sales,37456341.0
GATM,quarterly,Q3 2026,Profit after Taxation,-202869.0
GATM,quarterly,Q2 2026,Profit after Taxation,-374404.0
GATM,quarterly,Q1 2026,Profit after Taxation,234122.0
GATM,quarterly,Q3 2025,Profit after Taxation,1125413.0
GATM,quarterly,Q3 2026,EPS,-0.27
GATM,quarterly,Q2 2026,EPS,-0.51
GATM,quarterly,Q1 2026,EPS,0.32
GATM,quarterly,Q3 2025,EPS,1.52
GATM,annual,2026,Gross Profit Margin (%),7.71
GATM,annual,2025,Gross Profit Margin (%),13.01
GATM,annual,2024,Gross Profit Margin (%),12.01
GATM,annual,2023,Gross Profit Margin (%),14.9
GATM,annual,2026,Net Profit Margin (%),-0.71
GATM,annual,2025,Net Profit Margin (%),2.77
GATM,annual,2024,Net Profit Margin (%),3.3
GATM,annual,2023,Net Profit Margin (%),3.56
GATM,annual,2026,EPS Growth (%),-122.84
GATM,annual,2025,EPS Growth (%),-15.02
GATM,annual,2024,EPS Growth (%),18.55
GATM,annual,2023,EPS Growth (%),-54.97
GATM,annual,2026,PEG,0.2
GATM,annual,2025,PEG,-0.34
GATM,annual,2024,PEG,0.18
GATM,annual,2023,PEG,-0.06
GCIL,annual,2026,Sales,8279792.0
GCIL,annual,2025,Sales,7435420.0
GCIL,annual,2024,Sales,5437387.0
GCIL,annual,2023,Sales,4332196.0
GCIL,annual,2026,Profit after Taxation,2861313.0
GCIL,annual,2025,Profit after Taxation,1994595.0
GCIL,annual,2024,Profit after Taxation,785807.0
GCIL,annual,2023,Profit after Taxation,507891.0
GCIL,annual,2026,EPS,5.02
GCIL,annual,2025,EPS,3.88
GCIL,annual,2024,EPS,1.58
GCIL,annual,2023,EPS,1.06
GCIL,quarterly,Q3 2026,Sales,2136697.0
GCIL,quarterly,Q2 2026,Sales,2012242.0
GCIL,quarterly,Q1 2026,Sales,1838404.0
GCIL,quarterly,Q3 2025,Sales,1668320.0
GCIL,quarterly,Q3 2026,Profit after Taxation,703854.0
GCIL,quarterly,Q2 2026,Profit after Taxation,694551.0
GCIL,quarterly,Q1 2026,Profit after Taxation,528448.0
GCIL,quarterly,Q3 2025,Profit after Taxation,514237.0
GCIL,quarterly,Q3 2026,EPS,1.23
GCIL,quarterly,Q2 2026,EPS,1.22
GCIL,quarterly,Q1 2026,EPS,0.93
GCIL,quarterly,Q3 2025,EPS,1.03
GCIL,annual,2026,Gross Profit Margin (%),53.4
GCIL,annual,2025,Gross Profit Margin (%),45.89
GCIL,annual,2024,Gross Profit Margin (%),29.66
GCIL,annual,2023,Gross Profit Margin (%),33.7
GCIL,annual,2026,Net Profit Margin (%),34.56
GCIL,annual,2025,Net Profit Margin (%),26.83
GCIL,annual,2024,Net Profit Margin (%),14.45
GCIL,annual,2023,Net Profit Margin (%),11.72
GCIL,annual,2026,EPS Growth (%),29.38
GCIL,annual,2025,EPS Growth (%),145.57
GCIL,annual,2024,EPS Growth (%),49.06
GCIL,annual,2023,EPS Growth (%),-48.29
GCIL,annual,2026,PEG,0.24
GCIL,annual,2025,PEG,0.04
GCIL,annual,2024,PEG,0.14
GCIL,annual,2023,PEG,-0.18
GCWL,annual,2026,Sales,312364.0
GCWL,annual,2026,Profit after Taxation,67393.0
GCWL,annual,2026,EPS,0.27
GCWL,quarterly,Q3 2025,Profit after Taxation,-31.0
GCWL,quarterly,Q2 2026,Profit after Taxation,81488.0
GCWL,quarterly,Q1 2026,Profit after Taxation,63919.0
GCWL,quarterly,Q3 2025,Profit after Taxation,-31.0
GCWL,quarterly,Q3 2025,EPS,-0.61
GCWL,quarterly,Q2 2026,EPS,0.33
GCWL,quarterly,Q1 2026,EPS,0.26
GCWL,quarterly,Q3 2025,EPS,-0.61
GCWL,annual,2026,Gross Profit Margin (%),-44.47
GCWL,annual,2026,Net Profit Margin (%),21.58
GCWL,annual,2026,EPS Growth (%),-80.71
GCWL,annual,2026,PEG,-0.75
GDL,annual,2026,Sales,2190124.0
GDL,annual,2025,Sales,1777875.0
GDL,annual,2026,Profit after Taxation,697680.0
GDL,annual,2025,Profit after Taxation,444150.0
GDL,annual,2026,EPS,1.92
GDL,annual,2025,EPS,1.37
GDL,annual,2026,Gross Profit Margin (%),37.55
GDL,annual,2025,Gross Profit Margin (%),34.87
GDL,annual,2024,Gross Profit Margin (%),11.09
GDL,annual,2026,Net Profit Margin (%),31.86
GDL,annual,2025,Net Profit Margin (%),24.98
GDL,annual,2024,Net Profit Margin (%),4.93
GDL,annual,2026,EPS Growth (%),40.15
GDL,annual,2026,PEG,0.26
GEMBCEM,annual,2026,Total Income,299350.0
GEMBCEM,annual,2026,Profit after Taxation,91286.0
GEMBCEM,annual,2026,EPS,0.91
GEMBCEM,quarterly,Q3 2026,Total Income,28085.0
GEMBCEM,quarterly,Q2 2026,Total Income,66764.0
GEMBCEM,quarterly,Q1 2026,Total Income,20622.0
GEMBCEM,quarterly,Q3 2025,Total Income,5470.0
GEMBCEM,quarterly,Q3 2026,Profit after Taxation,2109.0
GEMBCEM,quarterly,Q2 2026,Profit after Taxation,35431.0
GEMBCEM,quarterly,Q1 2026,Profit after Taxation,1676.0
GEMBCEM,quarterly,Q3 2025,Profit after Taxation,1025.0
GEMBCEM,quarterly,Q3 2026,EPS,0.02
GEMBCEM,quarterly,Q2 2026,EPS,0.35
GEMBCEM,quarterly,Q1 2026,EPS,0.02
GEMBCEM,quarterly,Q3 2025,EPS,0.01
GEMBCEM,annual,2026,EPS Growth (%),111.63
GEMBCEM,annual,2026,PEG,0.11
GEMBLUEX,annual,2025,Total Income,304759.0
GEMBLUEX,annual,2024,Total Income,257157.0
GEMBLUEX,annual,2023,Total Income,242827.0
GEMBLUEX,annual,2022,Total Income,150874.0
GEMBLUEX,annual,2025,Profit after Taxation,89892.0
GEMBLUEX,annual,2024,Profit after Taxation,75742.0
GEMBLUEX,annual,2023,Profit after Taxation,75453.0
GEMBLUEX,annual,2022,Profit after Taxation,15946.0
GEMBLUEX,annual,2025,EPS,3.28
GEMBLUEX,annual,2024,EPS,2.76
GEMBLUEX,annual,2023,EPS,2.75
GEMBLUEX,annual,2022,EPS,0.65
GEMBLUEX,quarterly,Q1 2026,Total Income,80142.0
GEMBLUEX,quarterly,Q3 2025,Total Income,83241.0
GEMBLUEX,quarterly,Q2 2025,Total Income,73545.0
GEMBLUEX,quarterly,Q1 2025,Total Income,68426.0
GEMBLUEX,quarterly,Q1 2026,Profit after Taxation,15335.0
GEMBLUEX,quarterly,Q3 2025,Profit after Taxation,23149.0
GEMBLUEX,quarterly,Q2 2025,Profit after Taxation,14898.0
GEMBLUEX,quarterly,Q1 2025,Profit after Taxation,11747.0
GEMBLUEX,quarterly,Q1 2026,EPS,0.56
GEMBLUEX,quarterly,Q3 2025,EPS,0.84
GEMBLUEX,quarterly,Q2 2025,EPS,0.54
GEMBLUEX,quarterly,Q1 2025,EPS,0.43
GEMBLUEX,annual,2025,EPS Growth (%),18.84
GEMBLUEX,annual,2024,EPS Growth (%),0.36
GEMBLUEX,annual,2023,EPS Growth (%),323.08
GEMBLUEX,annual,2022,EPS Growth (%),-51.85
GEMBLUEX,annual,2025,PEG,1.0
GEMBLUEX,annual,2024,PEG,16.44
GEMBLUEX,annual,2023,PEG,0.07
GEMBLUEX,annual,2022,PEG,-1.45
GEMMEL,annual,2026,Profit after Taxation,9132.0
GEMMEL,annual,2025,Profit after Taxation,-21280.0
GEMMEL,annual,2024,Profit after Taxation,-19170.0
GEMMEL,annual,2023,Profit after Taxation,-27565.0
GEMMEL,annual,2026,EPS,0.05
GEMMEL,annual,2025,EPS,-0.12
GEMMEL,annual,2024,EPS,-0.11
GEMMEL,annual,2023,EPS,-0.57
GEMMEL,quarterly,Q3 2026,Profit after Taxation,980.0
GEMMEL,quarterly,Q2 2026,Profit after Taxation,802.0
GEMMEL,quarterly,Q1 2026,Profit after Taxation,-1864.0
GEMMEL,quarterly,Q3 2025,Profit after Taxation,-5229.0
GEMMEL,quarterly,Q3 2026,EPS,0.01
GEMMEL,quarterly,Q1 2026,EPS,-0.01
GEMMEL,quarterly,Q3 2025,EPS,-0.03
GEMMEL,annual,2026,EPS Growth (%),141.67
GEMMEL,annual,2025,EPS Growth (%),-9.09
GEMMEL,annual,2024,EPS Growth (%),80.7
GEMMEL,annual,2023,EPS Growth (%),-171.43
GEMMEL,annual,2026,PEG,3.17
GEMMEL,annual,2025,PEG,20.17
GEMNETS,annual,2026,Sales,1946840.0
GEMNETS,annual,2025,Sales,1662640.0
GEMNETS,annual,2026,Profit after Taxation,41721.0
GEMNETS,annual,2025,Profit after Taxation,63268.0
GEMNETS,annual,2026,EPS,1.14
GEMNETS,annual,2025,EPS,1.88
GEMNETS,quarterly,Q3 2026,Sales,485762.0
GEMNETS,quarterly,Q2 2026,Sales,644313.0
GEMNETS,quarterly,Q1 2026,Sales,376573.0
GEMNETS,quarterly,Q3 2025,Sales,298814.0
GEMNETS,quarterly,Q3 2026,Profit after Taxation,12789.0
GEMNETS,quarterly,Q2 2026,Profit after Taxation,10979.0
GEMNETS,quarterly,Q1 2026,Profit after Taxation,30284.0
GEMNETS,quarterly,Q3 2025,Profit after Taxation,13709.0
GEMNETS,quarterly,Q3 2026,EPS,0.35
GEMNETS,quarterly,Q2 2026,EPS,0.3
GEMNETS,quarterly,Q1 2026,EPS,0.82
GEMNETS,quarterly,Q3 2025,EPS,0.41
GEMNETS,annual,2026,Gross Profit Margin (%),27.82
GEMNETS,annual,2025,Gross Profit Margin (%),24.74
GEMNETS,annual,2024,Gross Profit Margin (%),62.0
GEMNETS,annual,2026,Net Profit Margin (%),2.14
GEMNETS,annual,2025,Net Profit Margin (%),3.81
GEMNETS,annual,2024,Net Profit Margin (%),17.68
GEMNETS,annual,2026,EPS Growth (%),-39.36
GEMNETS,annual,2025,EPS Growth (%),-45.35
GEMNETS,annual,2026,PEG,-0.67
GEMNETS,annual,2025,PEG,-0.39
GEMPACRA,annual,2026,Sales,523242.0
GEMPACRA,annual,2025,Sales,466809.0
GEMPACRA,annual,2024,Sales,439229.0
GEMPACRA,annual,2026,Profit after Taxation,128078.0
GEMPACRA,annual,2025,Profit after Taxation,127650.0
GEMPACRA,annual,2024,Profit after Taxation,115123.0
GEMPACRA,annual,2026,EPS,1.72
GEMPACRA,annual,2025,EPS,1.71
GEMPACRA,annual,2024,EPS,1.54
GEMPACRA,quarterly,Q3 2026,Sales,122174.0
GEMPACRA,quarterly,Q2 2026,Sales,143277.0
GEMPACRA,quarterly,Q1 2026,Sales,114398.0
GEMPACRA,quarterly,Q3 2025,Sales,107956.0
GEMPACRA,quarterly,Q3 2026,Profit after Taxation,21648.0
GEMPACRA,quarterly,Q2 2026,Profit after Taxation,45320.0
GEMPACRA,quarterly,Q1 2026,Profit after Taxation,26579.0
GEMPACRA,quarterly,Q3 2025,Profit after Taxation,24602.0
GEMPACRA,quarterly,Q3 2026,EPS,0.29
GEMPACRA,quarterly,Q2 2026,EPS,0.61
GEMPACRA,quarterly,Q1 2026,EPS,0.36
GEMPACRA,quarterly,Q3 2025,EPS,0.33
GEMPACRA,annual,2026,Gross Profit Margin (%),38.38
GEMPACRA,annual,2025,Gross Profit Margin (%),33.66
GEMPACRA,annual,2024,Gross Profit Margin (%),34.96
GEMPACRA,annual,2023,Gross Profit Margin (%),39.57
GEMPACRA,annual,2026,Net Profit Margin (%),24.48
GEMPACRA,annual,2025,Net Profit Margin (%),27.35
GEMPACRA,annual,2024,Net Profit Margin (%),26.21
GEMPACRA,annual,2023,Net Profit Margin (%),31.2
GEMPACRA,annual,2026,EPS Growth (%),0.58
GEMPACRA,annual,2025,EPS Growth (%),11.04
GEMPACRA,annual,2024,EPS Growth (%),-90.86
GEMPACRA,annual,2026,PEG,48.72
GEMPACRA,annual,2025,PEG,0.88
GEMPAPL,annual,2026,Sales,947105.0
GEMPAPL,annual,2025,Sales,858693.0
GEMPAPL,annual,2024,Sales,833801.0
GEMPAPL,annual,2023,Sales,589119.0
GEMPAPL,annual,2026,Profit after Taxation,8594.0
GEMPAPL,annual,2025,Profit after Taxation,31935.0
GEMPAPL,annual,2024,Profit after Taxation,39264.0
GEMPAPL,annual,2023,Profit after Taxation,19494.0
GEMPAPL,annual,2026,EPS,0.43
GEMPAPL,annual,2025,EPS,1.6
GEMPAPL,annual,2024,EPS,1.96
GEMPAPL,annual,2023,EPS,0.97
GEMPAPL,quarterly,Q3 2026,Sales,332576.0
GEMPAPL,quarterly,Q2 2026,Sales,163079.0
GEMPAPL,quarterly,Q1 2026,Sales,229473.0
GEMPAPL,quarterly,Q3 2025,Sales,274163.0
GEMPAPL,quarterly,Q3 2026,Profit after Taxation,14947.0
GEMPAPL,quarterly,Q2 2026,Profit after Taxation,11015.0
GEMPAPL,quarterly,Q1 2026,Profit after Taxation,8699.0
GEMPAPL,quarterly,Q3 2025,Profit after Taxation,13427.0
GEMPAPL,quarterly,Q3 2026,EPS,0.75
GEMPAPL,quarterly,Q2 2026,EPS,0.55
GEMPAPL,quarterly,Q1 2026,EPS,0.43
GEMPAPL,quarterly,Q3 2025,EPS,0.67
GEMPAPL,annual,2026,Gross Profit Margin (%),9.09
GEMPAPL,annual,2025,Gross Profit Margin (%),13.92
GEMPAPL,annual,2024,Gross Profit Margin (%),16.08
GEMPAPL,annual,2023,Gross Profit Margin (%),13.91
GEMPAPL,annual,2026,Net Profit Margin (%),0.91
GEMPAPL,annual,2025,Net Profit Margin (%),3.72
GEMPAPL,annual,2024,Net Profit Margin (%),4.71
GEMPAPL,annual,2023,Net Profit Margin (%),3.31
GEMPAPL,annual,2026,EPS Growth (%),-73.12
GEMPAPL,annual,2025,EPS Growth (%),-18.37
GEMPAPL,annual,2024,EPS Growth (%),102.06
GEMPAPL,annual,2023,EPS Growth (%),-31.69
GEMPAPL,annual,2026,PEG,-0.39
GEMPAPL,annual,2025,PEG,-0.36
GEMPAPL,annual,2024,PEG,0.04
GEMPAPL,annual,2023,PEG,-0.23
GEMSPNL,annual,2025,Sales,7149227.0
GEMSPNL,annual,2024,Sales,7369375.0
GEMSPNL,annual,2023,Sales,3427923.0
GEMSPNL,annual,2022,Sales,2837028.0
GEMSPNL,annual,2025,Profit after Taxation,231419.0
GEMSPNL,annual,2024,Profit after Taxation,155872.0
GEMSPNL,annual,2023,Profit after Taxation,50803.0
GEMSPNL,annual,2022,Profit after Taxation,188097.0
GEMSPNL,annual,2025,EPS,1.87
GEMSPNL,annual,2024,EPS,1.26
GEMSPNL,annual,2023,EPS,0.41
GEMSPNL,annual,2022,EPS,1.52
GEMSPNL,quarterly,Q2 2026,Sales,1154920.0
GEMSPNL,quarterly,Q1 2026,Sales,1238957.0
GEMSPNL,quarterly,Q3 2025,Sales,1560722.0
GEMSPNL,quarterly,Q2 2025,Sales,2106100.0
GEMSPNL,quarterly,Q2 2026,Profit after Taxation,104034.0
GEMSPNL,quarterly,Q1 2026,Profit after Taxation,49488.0
GEMSPNL,quarterly,Q3 2025,Profit after Taxation,42999.0
GEMSPNL,quarterly,Q2 2025,Profit after Taxation,95616.0
GEMSPNL,quarterly,Q2 2026,EPS,0.84
GEMSPNL,quarterly,Q1 2026,EPS,0.4
GEMSPNL,quarterly,Q3 2025,EPS,0.35
GEMSPNL,quarterly,Q2 2025,EPS,0.77
GEMSPNL,annual,2025,Gross Profit Margin (%),18.07
GEMSPNL,annual,2024,Gross Profit Margin (%),14.57
GEMSPNL,annual,2023,Gross Profit Margin (%),24.73
GEMSPNL,annual,2022,Gross Profit Margin (%),29.56
GEMSPNL,annual,2025,Net Profit Margin (%),3.24
GEMSPNL,annual,2024,Net Profit Margin (%),2.12
GEMSPNL,annual,2023,Net Profit Margin (%),1.48
GEMSPNL,annual,2022,Net Profit Margin (%),6.63
GEMSPNL,annual,2025,EPS Growth (%),48.41
GEMSPNL,annual,2024,EPS Growth (%),207.32
GEMSPNL,annual,2023,EPS Growth (%),-73.03
GEMSPNL,annual,2022,EPS Growth (%),-25.12
GEMSPNL,annual,2025,PEG,0.44
GEMSPNL,annual,2024,PEG,0.04
GEMSPNL,annual,2023,PEG,-0.5
GEMSPNL,annual,2022,PEG,-0.51
GEMUNSL,annual,2023,Total Income,242827.0
GEMUNSL,annual,2022,Total Income,150874.0
GEMUNSL,annual,2021,Total Income,157482.0
GEMUNSL,annual,2020,Total Income,94276.0
GEMUNSL,annual,2023,Profit after Taxation,75453.0
GEMUNSL,annual,2022,Profit after Taxation,15946.0
GEMUNSL,annual,2021,Profit after Taxation,33221.0
GEMUNSL,annual,2020,Profit after Taxation,2007.0
GEMUNSL,annual,2023,EPS,2.75
GEMUNSL,annual,2022,EPS,0.65
GEMUNSL,annual,2021,EPS,1.35
GEMUNSL,quarterly,Q1 2024,Total Income,64685.0
GEMUNSL,quarterly,Q3 2023,Total Income,60925.0
GEMUNSL,quarterly,Q2 2023,Total Income,52588.0
GEMUNSL,quarterly,Q1 2023,Total Income,54129.0
GEMUNSL,quarterly,Q1 2024,Profit after Taxation,10987.0
GEMUNSL,quarterly,Q3 2023,Profit after Taxation,12641.0
GEMUNSL,quarterly,Q2 2023,Profit after Taxation,13027.0
GEMUNSL,quarterly,Q1 2023,Profit after Taxation,7383.0
GEMUNSL,quarterly,Q1 2024,EPS,0.4
GEMUNSL,quarterly,Q3 2023,EPS,0.46
GEMUNSL,quarterly,Q2 2023,EPS,0.47
GEMUNSL,quarterly,Q1 2023,EPS,0.27
GEMUNSL,annual,2023,EPS Growth (%),323.08
GEMUNSL,annual,2022,EPS Growth (%),-51.85
GEMUNSL,annual,2023,PEG,0.07
GEMUNSL,annual,2022,PEG,-1.45
GENP,annual,2017,Profit after Taxation,-13554.0
GENP,annual,2016,Profit after Taxation,-14917.0
GENP,annual,2017,EPS,-0.68
GENP,annual,2016,EPS,-0.75
GENP,annual,2017,EPS Growth (%),9.33
GENP,annual,2017,PEG,-0.14
GFIL,annual,2026,Sales,1070.0
GFIL,annual,2025,Sales,594031.0
GFIL,annual,2024,Sales,4422589.0
GFIL,annual,2023,Sales,4285864.0
GFIL,annual,2026,Profit after Taxation,-604935.0
GFIL,annual,2025,Profit after Taxation,-376845.0
GFIL,annual,2024,Profit after Taxation,-666312.0
GFIL,annual,2023,Profit after Taxation,-667674.0
GFIL,annual,2026,EPS,-18.54
GFIL,annual,2025,EPS,-11.55
GFIL,annual,2024,EPS,-20.42
GFIL,annual,2023,EPS,-20.46
GFIL,quarterly,Q1 2026,Sales,1069.0
GFIL,quarterly,Q3 2025,Sales,6536.0
GFIL,quarterly,Q3 2026,Profit after Taxation,-71674.0
GFIL,quarterly,Q2 2026,Profit after Taxation,-302068.0
GFIL,quarterly,Q1 2026,Profit after Taxation,-70617.0
GFIL,quarterly,Q3 2025,Profit after Taxation,-62947.0
GFIL,quarterly,Q3 2026,EPS,-2.2
GFIL,quarterly,Q2 2026,EPS,-9.26
GFIL,quarterly,Q1 2026,EPS,-2.16
GFIL,quarterly,Q3 2025,EPS,-1.93
GFIL,annual,2026,Gross Profit Margin (%),-21041.78
GFIL,annual,2025,Gross Profit Margin (%),-48.66
GFIL,annual,2024,Gross Profit Margin (%),-9.25
GFIL,annual,2023,Gross Profit Margin (%),-8.21
GFIL,annual,2026,Net Profit Margin (%),-56555.05
GFIL,annual,2025,Net Profit Margin (%),-63.44
GFIL,annual,2024,Net Profit Margin (%),-15.07
GFIL,annual,2023,Net Profit Margin (%),-15.58
GFIL,annual,2026,EPS Growth (%),-60.52
GFIL,annual,2025,EPS Growth (%),43.44
GFIL,annual,2024,EPS Growth (%),0.2
GFIL,annual,2023,EPS Growth (%),-8995.65
GFIL,annual,2026,PEG,0.03
GFIL,annual,2025,PEG,-0.02
GFIL,annual,2024,PEG,-2.7
GFIL,annual,2023,PEG,0.0
GGGL,annual,2026,Sales,2898551.0
GGGL,annual,2025,Sales,2931917.0
GGGL,annual,2024,Sales,2439728.0
GGGL,annual,2023,Sales,2070887.0
GGGL,annual,2026,Profit after Taxation,135041.0
GGGL,annual,2025,Profit after Taxation,300628.0
GGGL,annual,2024,Profit after Taxation,144818.0
GGGL,annual,2023,Profit after Taxation,101878.0
GGGL,annual,2026,EPS,0.57
GGGL,annual,2025,EPS,1.25
GGGL,annual,2024,EPS,0.6
GGGL,annual,2023,EPS,0.42
GGGL,quarterly,Q3 2026,Sales,657195.0
GGGL,quarterly,Q2 2026,Sales,593581.0
GGGL,quarterly,Q1 2026,Sales,785132.0
GGGL,quarterly,Q3 2025,Sales,813690.0
GGGL,quarterly,Q3 2026,Profit after Taxation,19714.0
GGGL,quarterly,Q2 2026,Profit after Taxation,26574.0
GGGL,quarterly,Q1 2026,Profit after Taxation,24375.0
GGGL,quarterly,Q3 2025,Profit after Taxation,79731.0
GGGL,quarterly,Q3 2026,EPS,0.08
GGGL,quarterly,Q2 2026,EPS,0.11
GGGL,quarterly,Q1 2026,EPS,0.1
GGGL,quarterly,Q3 2025,EPS,0.33
GGGL,annual,2026,Gross Profit Margin (%),25.31
GGGL,annual,2025,Gross Profit Margin (%),25.77
GGGL,annual,2024,Gross Profit Margin (%),22.54
GGGL,annual,2023,Gross Profit Margin (%),26.11
GGGL,annual,2026,Net Profit Margin (%),4.66
GGGL,annual,2025,Net Profit Margin (%),10.25
GGGL,annual,2024,Net Profit Margin (%),5.94
GGGL,annual,2023,Net Profit Margin (%),4.92
GGGL,annual,2026,EPS Growth (%),-54.4
GGGL,annual,2025,EPS Growth (%),108.33
GGGL,annual,2024,EPS Growth (%),42.86
GGGL,annual,2023,EPS Growth (%),-48.78
GGGL,annual,2026,PEG,-0.29
GGGL,annual,2025,PEG,0.07
GGGL,annual,2024,PEG,0.23
GGGL,annual,2023,PEG,-0.29
GGL,annual,2026,Sales,43206.0
GGL,annual,2025,Sales,95652.0
GGL,annual,2024,Sales,170802.0
GGL,annual,2023,Sales,140266.0
GGL,annual,2026,Profit after Taxation,22404.0
GGL,annual,2025,Profit after Taxation,149190.0
GGL,annual,2024,Profit after Taxation,24326.0
GGL,annual,2023,Profit after Taxation,16323.0
GGL,annual,2026,EPS,0.06
GGL,annual,2025,EPS,0.42
GGL,annual,2024,EPS,0.07
GGL,annual,2023,EPS,0.05
GGL,quarterly,Q3 2026,Sales,5100.0
GGL,quarterly,Q2 2026,Sales,10266.0
GGL,quarterly,Q1 2026,Sales,14228.0
GGL,quarterly,Q3 2025,Sales,14827.0
GGL,quarterly,Q3 2026,Profit after Taxation,2757.0
GGL,quarterly,Q2 2026,Profit after Taxation,5254.0
GGL,quarterly,Q1 2026,Profit after Taxation,7347.0
GGL,quarterly,Q3 2025,Profit after Taxation,143184.0
GGL,quarterly,Q3 2026,EPS,0.01
GGL,quarterly,Q2 2026,EPS,0.01
GGL,quarterly,Q1 2026,EPS,0.02
GGL,quarterly,Q3 2025,EPS,0.4
GGL,annual,2026,Gross Profit Margin (%),6.87
GGL,annual,2025,Gross Profit Margin (%),1.27
GGL,annual,2024,Gross Profit Margin (%),7.82
GGL,annual,2023,Gross Profit Margin (%),16.55
GGL,annual,2026,Net Profit Margin (%),51.85
GGL,annual,2025,Net Profit Margin (%),155.97
GGL,annual,2024,Net Profit Margin (%),14.24
GGL,annual,2023,Net Profit Margin (%),11.64
GGL,annual,2026,EPS Growth (%),-85.04
GGL,annual,2025,EPS Growth (%),510.14
GGL,annual,2024,EPS Growth (%),50.0
GGL,annual,2023,EPS Growth (%),53.33
GGL,annual,2026,PEG,-4.36
GGL,annual,2025,PEG,0.08
GGL,annual,2024,PEG,2.76
GGL,annual,2023,PEG,4.02
GHGL,annual,2026,Sales,48355112.0
GHGL,annual,2025,Sales,45783042.0
GHGL,annual,2024,Sales,47790455.0
GHGL,annual,2023,Sales,40707944.0
GHGL,annual,2026,Profit after Taxation,7226125.0
GHGL,annual,2025,Profit after Taxation,5902283.0
GHGL,annual,2024,Profit after Taxation,6750221.0
GHGL,annual,2023,Profit after Taxation,8096949.0
GHGL,annual,2026,EPS,7.23
GHGL,annual,2025,EPS,5.9
GHGL,annual,2024,EPS,6.75
GHGL,annual,2023,EPS,8.1
GHGL,quarterly,Q3 2025,Sales,11499566.0
GHGL,quarterly,Q2 2026,Sales,12349490.0
GHGL,quarterly,Q1 2026,Sales,9991984.0
GHGL,quarterly,Q3 2025,Sales,11499566.0
GHGL,quarterly,Q3 2025,Profit after Taxation,1645161.0
GHGL,quarterly,Q2 2026,Profit after Taxation,1694172.0
GHGL,quarterly,Q1 2026,Profit after Taxation,706339.0
GHGL,quarterly,Q3 2025,Profit after Taxation,1645161.0
GHGL,quarterly,Q3 2025,EPS,1.65
GHGL,quarterly,Q2 2026,EPS,1.69
GHGL,quarterly,Q1 2026,EPS,0.71
GHGL,quarterly,Q3 2025,EPS,1.65
GHGL,annual,2026,Gross Profit Margin (%),29.07
GHGL,annual,2025,Gross Profit Margin (%),27.25
GHGL,annual,2024,Gross Profit Margin (%),27.48
GHGL,annual,2023,Gross Profit Margin (%),27.71
GHGL,annual,2026,Net Profit Margin (%),14.94
GHGL,annual,2025,Net Profit Margin (%),12.89
GHGL,annual,2024,Net Profit Margin (%),14.12
GHGL,annual,2023,Net Profit Margin (%),19.89
GHGL,annual,2026,EPS Growth (%),22.54
GHGL,annual,2025,EPS Growth (%),-12.59
GHGL,annual,2024,EPS Growth (%),-16.67
GHGL,annual,2023,EPS Growth (%),33.88
GHGL,annual,2026,PEG,0.25
GHGL,annual,2025,PEG,-0.61
GHGL,annual,2024,PEG,-0.23
GHGL,annual,2023,PEG,0.09
GHNI,annual,2026,Sales,60658134.0
GHNI,annual,2025,Sales,37462866.0
GHNI,annual,2024,Sales,14666195.0
GHNI,annual,2023,Sales,14542578.0
GHNI,annual,2026,Profit after Taxation,6926718.0
GHNI,annual,2025,Profit after Taxation,4583655.0
GHNI,annual,2024,Profit after Taxation,781412.0
GHNI,annual,2023,Profit after Taxation,179424.0
GHNI,annual,2026,EPS,162.57
GHNI,annual,2025,EPS,107.58
GHNI,annual,2024,EPS,18.34
GHNI,annual,2023,EPS,4.21
GHNI,quarterly,Q3 2026,Sales,18836128.0
GHNI,quarterly,Q2 2026,Sales,12069718.0
GHNI,quarterly,Q1 2026,Sales,11924375.0
GHNI,quarterly,Q3 2025,Sales,10309506.0
GHNI,quarterly,Q3 2026,Profit after Taxation,2520530.0
GHNI,quarterly,Q2 2026,Profit after Taxation,1169137.0
GHNI,quarterly,Q1 2026,Profit after Taxation,1575837.0
GHNI,quarterly,Q3 2025,Profit after Taxation,1635492.0
GHNI,quarterly,Q3 2026,EPS,59.16
GHNI,quarterly,Q2 2026,EPS,27.44
GHNI,quarterly,Q1 2026,EPS,36.98
GHNI,quarterly,Q3 2025,EPS,38.38
GHNI,annual,2026,Gross Profit Margin (%),23.14
GHNI,annual,2025,Gross Profit Margin (%),24.27
GHNI,annual,2024,Gross Profit Margin (%),19.56
GHNI,annual,2023,Gross Profit Margin (%),15.82
GHNI,annual,2026,Net Profit Margin (%),11.42
GHNI,annual,2025,Net Profit Margin (%),12.24
GHNI,annual,2024,Net Profit Margin (%),5.33
GHNI,annual,2023,Net Profit Margin (%),1.23
GHNI,annual,2026,EPS Growth (%),51.12
GHNI,annual,2025,EPS Growth (%),486.59
GHNI,annual,2024,EPS Growth (%),335.63
GHNI,annual,2023,EPS Growth (%),-75.38
GHNI,annual,2026,PEG,0.12
GHNI,annual,2025,PEG,0.01
GHNI,annual,2024,PEG,0.04
GHNI,annual,2023,PEG,-0.25
GHNL,annual,2022,Sales,5359062.0
GHNL,annual,2021,Sales,3225727.0
GHNL,annual,2020,Sales,1663080.0
GHNL,annual,2019,Sales,2373750.0
GHNL,annual,2022,Profit after Taxation,101155.0
GHNL,annual,2021,Profit after Taxation,130752.0
GHNL,annual,2020,Profit after Taxation,-206623.0
GHNL,annual,2019,Profit after Taxation,-28806.0
GHNL,annual,2022,EPS,1.77
GHNL,annual,2021,EPS,2.29
GHNL,annual,2020,EPS,-3.62
GHNL,annual,2019,EPS,-0.51
GHNL,quarterly,Q3 2023,Sales,3961753.0
GHNL,quarterly,Q2 2023,Sales,2275549.0
GHNL,quarterly,Q1 2023,Sales,2927723.0
GHNL,quarterly,Q3 2022,Sales,1330732.0
GHNL,quarterly,Q3 2023,Profit after Taxation,178600.0
GHNL,quarterly,Q2 2023,Profit after Taxation,13484.0
GHNL,quarterly,Q1 2023,Profit after Taxation,-78366.0
GHNL,quarterly,Q3 2022,Profit after Taxation,51854.0
GHNL,quarterly,Q3 2023,EPS,3.13
GHNL,quarterly,Q2 2023,EPS,0.24
GHNL,quarterly,Q1 2023,EPS,-1.37
GHNL,quarterly,Q3 2022,EPS,0.91
GHNL,annual,2022,Gross Profit Margin (%),7.69
GHNL,annual,2021,Gross Profit Margin (%),10.72
GHNL,annual,2020,Gross Profit Margin (%),0.3
GHNL,annual,2019,Gross Profit Margin (%),13.48
GHNL,annual,2022,Net Profit Margin (%),1.89
GHNL,annual,2021,Net Profit Margin (%),4.05
GHNL,annual,2020,Net Profit Margin (%),-12.42
GHNL,annual,2019,Net Profit Margin (%),-1.21
GHNL,annual,2022,EPS Growth (%),-22.71
GHNL,annual,2021,EPS Growth (%),163.26
GHNL,annual,2020,EPS Growth (%),-609.8
GHNL,annual,2019,EPS Growth (%),-102.43
GHNL,annual,2022,PEG,-1.48
GHNL,annual,2021,PEG,0.29
GHNL,annual,2020,PEG,0.03
GHNL,annual,2019,PEG,1.0
GIL,annual,2026,Sales,1909181.0
GIL,annual,2025,Sales,1606635.0
GIL,annual,2024,Sales,2166953.0
GIL,annual,2023,Sales,1770362.0
GIL,annual,2026,Profit after Taxation,3424.0
GIL,annual,2025,Profit after Taxation,3405.0
GIL,annual,2024,Profit after Taxation,3264.0
GIL,annual,2023,Profit after Taxation,4327.0
GIL,annual,2026,EPS,11.41
GIL,annual,2025,EPS,11.35
GIL,annual,2024,EPS,10.88
GIL,annual,2023,EPS,14.42
GIL,quarterly,Q3 2026,Sales,558869.0
GIL,quarterly,Q2 2026,Sales,480709.0
GIL,quarterly,Q1 2026,Sales,334571.0
GIL,quarterly,Q3 2025,Sales,370502.0
GIL,quarterly,Q3 2026,Profit after Taxation,796.0
GIL,quarterly,Q2 2026,Profit after Taxation,167.0
GIL,quarterly,Q1 2026,Profit after Taxation,2022.0
GIL,quarterly,Q3 2025,Profit after Taxation,91.0
GIL,quarterly,Q3 2026,EPS,2.65
GIL,quarterly,Q2 2026,EPS,0.56
GIL,quarterly,Q1 2026,EPS,6.74
GIL,quarterly,Q3 2025,EPS,0.3
GIL,annual,2026,Gross Profit Margin (%),1.83
GIL,annual,2025,Gross Profit Margin (%),2.02
GIL,annual,2024,Gross Profit Margin (%),1.32
GIL,annual,2023,Gross Profit Margin (%),1.55
GIL,annual,2026,Net Profit Margin (%),0.18
GIL,annual,2025,Net Profit Margin (%),0.21
GIL,annual,2024,Net Profit Margin (%),0.15
GIL,annual,2023,Net Profit Margin (%),0.24
GIL,annual,2026,EPS Growth (%),0.53
GIL,annual,2025,EPS Growth (%),4.32
GIL,annual,2024,EPS Growth (%),-24.55
GIL,annual,2023,EPS Growth (%),-5.87
GIL,annual,2026,PEG,165.29
GIL,annual,2025,PEG,20.33
GIL,annual,2024,PEG,-3.73
GIL,annual,2023,PEG,-11.8
GLAT,annual,2017,Sales,2081909.0
GLAT,annual,2016,Sales,1786859.0
GLAT,annual,2015,Sales,2589116.0
GLAT,annual,2014,Sales,2406964.0
GLAT,annual,2017,Profit after Taxation,-62454.0
GLAT,annual,2016,Profit after Taxation,-156141.0
GLAT,annual,2015,Profit after Taxation,-56516.0
GLAT,annual,2014,Profit after Taxation,-26837.0
GLAT,annual,2017,EPS,-2.34
GLAT,annual,2016,EPS,-5.86
GLAT,annual,2015,EPS,-2.12
GLAT,annual,2014,EPS,-1.01
GLAT,annual,2017,Gross Profit Margin (%),1.6
GLAT,annual,2016,Gross Profit Margin (%),-2.54
GLAT,annual,2015,Gross Profit Margin (%),3.4
GLAT,annual,2014,Gross Profit Margin (%),3.46
GLAT,annual,2017,Net Profit Margin (%),-3.0
GLAT,annual,2016,Net Profit Margin (%),-8.74
GLAT,annual,2015,Net Profit Margin (%),-2.18
GLAT,annual,2014,Net Profit Margin (%),-1.11
GLAT,annual,2017,EPS Growth (%),60.07
GLAT,annual,2016,EPS Growth (%),-176.42
GLAT,annual,2015,EPS Growth (%),-109.9
GLAT,annual,2014,EPS Growth (%),-119.8
GLAT,annual,2017,PEG,-0.43
GLAT,annual,2016,PEG,0.06
GLAT,annual,2015,PEG,0.17
GLAT,annual,2014,PEG,0.9
GLAXO,annual,2025,Sales,65900901.0
GLAXO,annual,2024,Sales,61187501.0
GLAXO,annual,2023,Sales,49661277.0
GLAXO,annual,2022,Sales,41841585.0
GLAXO,annual,2025,Profit after Taxation,10025315.0
GLAXO,annual,2024,Profit after Taxation,6536047.0
GLAXO,annual,2023,Profit after Taxation,533953.0
GLAXO,annual,2022,Profit after Taxation,2462892.0
GLAXO,annual,2025,EPS,31.48
GLAXO,annual,2024,EPS,20.52
GLAXO,annual,2023,EPS,1.68
GLAXO,annual,2022,EPS,7.73
GLAXO,quarterly,Q2 2026,Sales,14490967.0
GLAXO,quarterly,Q1 2026,Sales,17028325.0
GLAXO,quarterly,Q3 2025,Sales,14188008.0
GLAXO,quarterly,Q2 2025,Sales,14720667.0
GLAXO,quarterly,Q2 2026,Profit after Taxation,1969939.0
GLAXO,quarterly,Q1 2026,Profit after Taxation,2610704.0
GLAXO,quarterly,Q3 2025,Profit after Taxation,2037285.0
GLAXO,quarterly,Q2 2025,Profit after Taxation,2068811.0
GLAXO,quarterly,Q2 2026,EPS,6.19
GLAXO,quarterly,Q1 2026,EPS,8.2
GLAXO,quarterly,Q3 2025,EPS,6.4
GLAXO,quarterly,Q2 2025,EPS,6.5
GLAXO,annual,2025,Gross Profit Margin (%),37.0
GLAXO,annual,2024,Gross Profit Margin (%),25.15
GLAXO,annual,2023,Gross Profit Margin (%),7.05
GLAXO,annual,2022,Gross Profit Margin (%),17.4
GLAXO,annual,2025,Net Profit Margin (%),15.21
GLAXO,annual,2024,Net Profit Margin (%),10.68
GLAXO,annual,2023,Net Profit Margin (%),1.08
GLAXO,annual,2022,Net Profit Margin (%),5.89
GLAXO,annual,2025,EPS Growth (%),53.41
GLAXO,annual,2024,EPS Growth (%),1121.43
GLAXO,annual,2023,EPS Growth (%),-78.27
GLAXO,annual,2022,EPS Growth (%),-54.02
GLAXO,annual,2025,PEG,0.23
GLAXO,annual,2024,PEG,0.02
GLAXO,annual,2023,PEG,-0.63
GLAXO,annual,2022,PEG,-0.21
GLOT,annual,2024,Profit after Taxation,-4478.0
GLOT,annual,2023,Profit after Taxation,-3263.0
GLOT,annual,2022,Profit after Taxation,-940.0
GLOT,annual,2021,Profit after Taxation,-960.0
GLOT,annual,2024,EPS,-0.27
GLOT,annual,2023,EPS,-0.2
GLOT,annual,2022,EPS,-0.06
GLOT,annual,2021,EPS,-0.06
GLOT,quarterly,Q2 2024,Profit after Taxation,-1369.0
GLOT,quarterly,Q1 2024,Profit after Taxation,-1616.0
GLOT,quarterly,Q3 2023,Profit after Taxation,-99.0
GLOT,quarterly,Q2 2024,EPS,-0.02
GLOT,quarterly,Q1 2024,EPS,-0.02
GLOT,quarterly,Q3 2023,EPS,-0.02
GLOT,annual,2024,EPS Growth (%),-35.0
GLOT,annual,2023,EPS Growth (%),-233.33
GLOT,annual,2021,EPS Growth (%),57.14
GLOT,annual,2024,PEG,0.92
GLOT,annual,2023,PEG,0.19
GLOT,annual,2021,PEG,-2.54
GLPL,annual,2025,Sales,1719851.0
GLPL,annual,2024,Sales,1502010.0
GLPL,annual,2023,Sales,3024531.0
GLPL,annual,2022,Sales,2453305.0
GLPL,annual,2025,Profit after Taxation,-25950.0
GLPL,annual,2024,Profit after Taxation,101203.0
GLPL,annual,2023,Profit after Taxation,113899.0
GLPL,annual,2022,Profit after Taxation,-22158.0
GLPL,annual,2025,EPS,-0.81
GLPL,annual,2024,EPS,3.18
GLPL,annual,2023,EPS,3.57
GLPL,annual,2022,EPS,-0.7
GLPL,quarterly,Q3 2026,Sales,41035.0
GLPL,quarterly,Q2 2026,Sales,325516.0
GLPL,quarterly,Q1 2026,Sales,473807.0
GLPL,quarterly,Q3 2025,Sales,639240.0
GLPL,quarterly,Q3 2026,Profit after Taxation,-30189.0
GLPL,quarterly,Q2 2026,Profit after Taxation,30863.0
GLPL,quarterly,Q1 2026,Profit after Taxation,-112516.0
GLPL,quarterly,Q3 2025,Profit after Taxation,8403.0
GLPL,quarterly,Q3 2026,EPS,-0.95
GLPL,quarterly,Q2 2026,EPS,0.97
GLPL,quarterly,Q1 2026,EPS,-3.53
GLPL,quarterly,Q3 2025,EPS,0.26
GLPL,annual,2025,Gross Profit Margin (%),19.79
GLPL,annual,2024,Gross Profit Margin (%),32.11
GLPL,annual,2023,Gross Profit Margin (%),52.57
GLPL,annual,2022,Gross Profit Margin (%),25.22
GLPL,annual,2025,Net Profit Margin (%),-1.51
GLPL,annual,2024,Net Profit Margin (%),6.74
GLPL,annual,2023,Net Profit Margin (%),3.77
GLPL,annual,2022,Net Profit Margin (%),-0.9
GLPL,annual,2025,EPS Growth (%),-125.47
GLPL,annual,2024,EPS Growth (%),-10.92
GLPL,annual,2023,EPS Growth (%),610.0
GLPL,annual,2022,EPS Growth (%),-142.68
GLPL,annual,2025,PEG,2.25
GLPL,annual,2024,PEG,-4.14
GLPL,annual,2023,PEG,0.05
GLPL,annual,2022,PEG,1.26
GOC,annual,2026,Sales,508777.0
GOC,annual,2025,Sales,472315.0
GOC,annual,2024,Sales,578667.0
GOC,annual,2023,Sales,691436.0
GOC,annual,2026,Profit after Taxation,52475.0
GOC,annual,2025,Profit after Taxation,25832.0
GOC,annual,2024,Profit after Taxation,98850.0
GOC,annual,2023,Profit after Taxation,153755.0
GOC,annual,2026,EPS,7.14
GOC,annual,2025,EPS,3.51
GOC,annual,2024,EPS,13.45
GOC,annual,2023,EPS,20.92
GOC,quarterly,Q3 2026,Sales,124897.0
GOC,quarterly,Q2 2026,Sales,119258.0
GOC,quarterly,Q1 2026,Sales,151216.0
GOC,quarterly,Q3 2025,Sales,181733.0
GOC,quarterly,Q3 2026,Profit after Taxation,16282.0
GOC,quarterly,Q2 2026,Profit after Taxation,11364.0
GOC,quarterly,Q1 2026,Profit after Taxation,20050.0
GOC,quarterly,Q3 2025,Profit after Taxation,31948.0
GOC,quarterly,Q3 2026,EPS,2.22
GOC,quarterly,Q2 2026,EPS,1.55
GOC,quarterly,Q1 2026,EPS,2.73
GOC,quarterly,Q3 2025,EPS,4.35
GOC,annual,2026,Gross Profit Margin (%),34.31
GOC,annual,2025,Gross Profit Margin (%),34.52
GOC,annual,2024,Gross Profit Margin (%),37.03
GOC,annual,2023,Gross Profit Margin (%),36.7
GOC,annual,2026,Net Profit Margin (%),10.31
GOC,annual,2025,Net Profit Margin (%),5.47
GOC,annual,2024,Net Profit Margin (%),17.08
GOC,annual,2023,Net Profit Margin (%),22.24
GOC,annual,2026,EPS Growth (%),103.42
GOC,annual,2025,EPS Growth (%),-73.9
GOC,annual,2024,EPS Growth (%),-35.71
GOC,annual,2023,EPS Growth (%),57.89
GOC,annual,2026,PEG,0.16
GOC,annual,2025,PEG,-0.31
GOC,annual,2024,PEG,-0.11
GOC,annual,2023,PEG,0.05
GOEM,annual,2016,Sales,56165.0
GOEM,annual,2015,Sales,353577.0
GOEM,annual,2016,Profit after Taxation,-33362.0
GOEM,annual,2015,Profit after Taxation,-12325.0
GOEM,annual,2016,EPS,-7.16
GOEM,annual,2015,EPS,-2.64
GOEM,annual,2016,Gross Profit Margin (%),-49.11
GOEM,annual,2015,Gross Profit Margin (%),5.21
GOEM,annual,2016,Net Profit Margin (%),-59.4
GOEM,annual,2015,Net Profit Margin (%),-3.49
GOEM,annual,2016,EPS Growth (%),-171.21
GOEM,annual,2016,PEG,0.03
GRR,annual,2026,Total Income,4855403.0
GRR,annual,2025,Total Income,2700307.0
GRR,annual,2024,Total Income,3062495.0
GRR,annual,2023,Total Income,2949446.0
GRR,annual,2026,Profit after Taxation,578181.0
GRR,annual,2025,Profit after Taxation,539225.0
GRR,annual,2024,Profit after Taxation,251915.0
GRR,annual,2023,Profit after Taxation,271083.0
GRR,annual,2026,EPS,4.13
GRR,annual,2025,EPS,3.85
GRR,annual,2024,EPS,1.8
GRR,annual,2023,EPS,1.94
GRR,quarterly,Q3 2026,Total Income,1133529.0
GRR,quarterly,Q2 2026,Total Income,1448384.0
GRR,quarterly,Q1 2026,Total Income,1066035.0
GRR,quarterly,Q3 2025,Total Income,666287.0
GRR,quarterly,Q3 2026,Profit after Taxation,76188.0
GRR,quarterly,Q2 2026,Profit after Taxation,231298.0
GRR,quarterly,Q1 2026,Profit after Taxation,178349.0
GRR,quarterly,Q3 2025,Profit after Taxation,99406.0
GRR,quarterly,Q3 2026,EPS,0.54
GRR,quarterly,Q2 2026,EPS,1.65
GRR,quarterly,Q1 2026,EPS,1.27
GRR,quarterly,Q3 2025,EPS,0.71
GRR,annual,2026,Net Profit Margin (%),11.91
GRR,annual,2025,Net Profit Margin (%),19.97
GRR,annual,2024,Net Profit Margin (%),8.23
GRR,annual,2023,Net Profit Margin (%),9.19
GRR,annual,2026,EPS Growth (%),7.27
GRR,annual,2025,EPS Growth (%),114.01
GRR,annual,2024,EPS Growth (%),-7.08
GRR,annual,2023,EPS Growth (%),-20.98
GRR,annual,2026,PEG,0.73
GRR,annual,2025,PEG,0.04
GRR,annual,2024,PEG,-1.06
GRR,annual,2023,PEG,-0.34
GRYL,annual,2026,Total Income,21367.0
GRYL,annual,2025,Total Income,24404.0
GRYL,annual,2024,Total Income,30515.0
GRYL,annual,2023,Total Income,23901.0
GRYL,annual,2026,Profit after Taxation,-1412.0
GRYL,annual,2025,Profit after Taxation,5546.0
GRYL,annual,2024,Profit after Taxation,7762.0
GRYL,annual,2023,Profit after Taxation,5921.0
GRYL,quarterly,Q3 2026,Total Income,4235.0
GRYL,quarterly,Q2 2026,Total Income,5967.0
GRYL,quarterly,Q1 2026,Total Income,5561.0
GRYL,quarterly,Q3 2025,Total Income,5974.0
GRYL,quarterly,Q3 2026,Profit after Taxation,-843.0
GRYL,quarterly,Q2 2026,Profit after Taxation,-1921.0
GRYL,quarterly,Q1 2026,Profit after Taxation,1341.0
GRYL,quarterly,Q3 2025,Profit after Taxation,1386.0
GRYL,annual,2026,Net Profit Margin (%),-6.61
GRYL,annual,2025,Net Profit Margin (%),22.72
GRYL,annual,2024,Net Profit Margin (%),25.44
GRYL,annual,2023,Net Profit Margin (%),24.77
GRYL,annual,2026,EPS Growth (%),-125.58
GRYL,annual,2025,EPS Growth (%),-28.53
GRYL,annual,2024,EPS Growth (%),31.27
GRYL,annual,2023,EPS Growth (%),244.74
GRYL,annual,2026,PEG,2.43
GRYL,annual,2025,PEG,-0.84
GRYL,annual,2024,PEG,0.35
GRYL,annual,2023,PEG,0.05
GSKCH,annual,2021,Sales,24163150.0
GSKCH,annual,2020,Sales,19846106.0
GSKCH,annual,2019,Sales,16316745.0
GSKCH,annual,2018,Sales,14875268.0
GSKCH,annual,2021,Profit after Taxation,2134334.0
GSKCH,annual,2020,Profit after Taxation,1262009.0
GSKCH,annual,2019,Profit after Taxation,1257519.0
GSKCH,annual,2018,Profit after Taxation,1074553.0
GSKCH,annual,2021,EPS,18.23
GSKCH,annual,2020,EPS,10.78
GSKCH,annual,2019,EPS,10.74
GSKCH,annual,2018,EPS,9.18
GSKCH,quarterly,Q3 2022,Sales,6593614.0
GSKCH,quarterly,Q2 2022,Sales,7087103.0
GSKCH,quarterly,Q1 2022,Sales,7127151.0
GSKCH,quarterly,Q3 2021,Sales,6079605.0
GSKCH,quarterly,Q3 2022,Profit after Taxation,-345213.0
GSKCH,quarterly,Q2 2022,Profit after Taxation,-279313.0
GSKCH,quarterly,Q1 2022,Profit after Taxation,556599.0
GSKCH,quarterly,Q3 2021,Profit after Taxation,363894.0
GSKCH,quarterly,Q3 2022,EPS,-2.95
GSKCH,quarterly,Q2 2022,EPS,-2.39
GSKCH,quarterly,Q1 2022,EPS,4.76
GSKCH,quarterly,Q3 2021,EPS,3.11
GSKCH,annual,2021,Gross Profit Margin (%),27.38
GSKCH,annual,2020,Gross Profit Margin (%),26.85
GSKCH,annual,2019,Gross Profit Margin (%),30.56
GSKCH,annual,2018,Gross Profit Margin (%),29.18
GSKCH,annual,2021,Net Profit Margin (%),8.83
GSKCH,annual,2020,Net Profit Margin (%),6.36
GSKCH,annual,2019,Net Profit Margin (%),7.71
GSKCH,annual,2018,Net Profit Margin (%),7.22
GSKCH,annual,2021,EPS Growth (%),69.11
GSKCH,annual,2020,EPS Growth (%),0.37
GSKCH,annual,2019,EPS Growth (%),16.99
GSKCH,annual,2018,EPS Growth (%),24.22
GSKCH,annual,2021,PEG,0.19
GSKCH,annual,2020,PEG,66.04
GSKCH,annual,2019,PEG,1.4
GSKCH,annual,2018,PEG,1.2
GSPM,annual,2026,Profit after Taxation,-44389.0
GSPM,annual,2025,Profit after Taxation,-8025.0
GSPM,annual,2024,Profit after Taxation,-13919.0
GSPM,annual,2023,Profit after Taxation,-33608.0
GSPM,annual,2026,EPS,-2.0
GSPM,annual,2025,EPS,-0.36
GSPM,annual,2024,EPS,-0.63
GSPM,annual,2023,EPS,-1.51
GSPM,quarterly,Q3 2026,Profit after Taxation,-3320.0
GSPM,quarterly,Q2 2026,Profit after Taxation,-3327.0
GSPM,quarterly,Q1 2026,Profit after Taxation,-3441.0
GSPM,quarterly,Q3 2025,Profit after Taxation,-4712.0
GSPM,quarterly,Q3 2026,EPS,-0.15
GSPM,quarterly,Q2 2026,EPS,-0.15
GSPM,quarterly,Q1 2026,EPS,-0.15
GSPM,quarterly,Q3 2025,EPS,-0.21
GSPM,annual,2026,EPS Growth (%),-455.56
GSPM,annual,2025,EPS Growth (%),42.86
GSPM,annual,2024,EPS Growth (%),58.28
GSPM,annual,2023,EPS Growth (%),-157.41
GSPM,annual,2026,PEG,0.01
GSPM,annual,2025,PEG,-0.28
GSPM,annual,2024,PEG,-0.08
GSPM,annual,2023,PEG,0.0
GTECH,annual,2022,Sales,53592.0
GTECH,annual,2022,Profit after Taxation,43546.0
GTECH,annual,2021,Profit after Taxation,-31126.0
GTECH,annual,2020,Profit after Taxation,-2166.0
GTECH,annual,2019,Profit after Taxation,-1301.0
GTECH,annual,2022,EPS,0.24
GTECH,annual,2021,EPS,-1.56
GTECH,annual,2020,EPS,-0.14
GTECH,annual,2019,EPS,-0.08
GTECH,quarterly,Q1 2023,Sales,74039.0
GTECH,quarterly,Q3 2022,Sales,19050.0
GTECH,quarterly,Q2 2022,Sales,30229.0
GTECH,quarterly,Q1 2023,Profit after Taxation,24749.0
GTECH,quarterly,Q3 2022,Profit after Taxation,23764.0
GTECH,quarterly,Q2 2022,Profit after Taxation,31888.0
GTECH,quarterly,Q1 2022,Profit after Taxation,-46365.0
GTECH,quarterly,Q1 2023,EPS,0.1
GTECH,quarterly,Q3 2022,EPS,0.15
GTECH,quarterly,Q2 2022,EPS,0.27
GTECH,quarterly,Q1 2022,EPS,-2.32
GTECH,annual,2022,Gross Profit Margin (%),5.68
GTECH,annual,2022,Net Profit Margin (%),81.26
GTECH,annual,2022,EPS Growth (%),115.38
GTECH,annual,2021,EPS Growth (%),-1014.29
GTECH,annual,2020,EPS Growth (%),-75.0
GTECH,annual,2019,EPS Growth (%),50.0
GTECH,annual,2022,PEG,0.31
GTECH,annual,2021,PEG,0.02
GTECH,annual,2020,PEG,0.29
GTECH,annual,2019,PEG,-0.67
GTYR,annual,2026,Sales,16852306.0
GTYR,annual,2025,Sales,17799710.0
GTYR,annual,2024,Sales,20538570.0
GTYR,annual,2023,Sales,15018659.0
GTYR,annual,2026,Profit after Taxation,-1006790.0
GTYR,annual,2025,Profit after Taxation,-366077.0
GTYR,annual,2024,Profit after Taxation,229060.0
GTYR,annual,2023,Profit after Taxation,-167364.0
GTYR,annual,2026,EPS,-8.26
GTYR,annual,2025,EPS,-3.0
GTYR,annual,2024,EPS,1.88
GTYR,annual,2023,EPS,-1.37
GTYR,quarterly,Q3 2026,Sales,3925072.0
GTYR,quarterly,Q2 2026,Sales,4457576.0
GTYR,quarterly,Q1 2026,Sales,3748855.0
GTYR,quarterly,Q3 2025,Sales,4957480.0
GTYR,quarterly,Q3 2026,Profit after Taxation,-181455.0
GTYR,quarterly,Q2 2026,Profit after Taxation,-190901.0
GTYR,quarterly,Q1 2026,Profit after Taxation,29160.0
GTYR,quarterly,Q3 2025,Profit after Taxation,38584.0
GTYR,quarterly,Q3 2026,EPS,-1.49
GTYR,quarterly,Q2 2026,EPS,-1.57
GTYR,quarterly,Q1 2026,EPS,0.24
GTYR,quarterly,Q3 2025,EPS,0.32
GTYR,annual,2026,Gross Profit Margin (%),8.96
GTYR,annual,2025,Gross Profit Margin (%),12.76
GTYR,annual,2024,Gross Profit Margin (%),15.96
GTYR,annual,2023,Gross Profit Margin (%),15.26
GTYR,annual,2026,Net Profit Margin (%),-5.97
GTYR,annual,2025,Net Profit Margin (%),-2.06
GTYR,annual,2024,Net Profit Margin (%),1.12
GTYR,annual,2023,Net Profit Margin (%),-1.11
GTYR,annual,2026,EPS Growth (%),-175.33
GTYR,annual,2025,EPS Growth (%),-259.57
GTYR,annual,2024,EPS Growth (%),237.23
GTYR,annual,2023,EPS Growth (%),-146.92
GTYR,annual,2026,PEG,0.02
GTYR,annual,2025,PEG,0.05
GTYR,annual,2024,PEG,0.09
GTYR,annual,2023,PEG,0.1
GUSM,annual,2026,Profit after Taxation,20321.0
GUSM,annual,2025,Profit after Taxation,-5937.0
GUSM,annual,2024,Profit after Taxation,-186248.0
GUSM,annual,2023,Profit after Taxation,-30619.0
GUSM,annual,2026,EPS,1.39
GUSM,annual,2025,EPS,-0.41
GUSM,annual,2024,EPS,-12.72
GUSM,annual,2023,EPS,-2.09
GUSM,quarterly,Q3 2026,Profit after Taxation,12826.0
GUSM,quarterly,Q2 2026,Profit after Taxation,-353.0
GUSM,quarterly,Q1 2026,Profit after Taxation,8370.0
GUSM,quarterly,Q3 2025,Profit after Taxation,-6505.0
GUSM,quarterly,Q3 2026,EPS,0.88
GUSM,quarterly,Q2 2026,EPS,0.02
GUSM,quarterly,Q1 2026,EPS,0.57
GUSM,quarterly,Q3 2025,EPS,-0.44
GUSM,annual,2026,EPS Growth (%),439.02
GUSM,annual,2025,EPS Growth (%),96.78
GUSM,annual,2024,EPS Growth (%),-508.32
GUSM,annual,2023,EPS Growth (%),-1006.35
GUSM,annual,2026,PEG,0.02
GUSM,annual,2025,PEG,-0.22
GUSM,annual,2024,PEG,0.0
GUSM,annual,2023,PEG,0.0
GUTM,annual,2024,Profit after Taxation,735260.0
GUTM,annual,2023,Profit after Taxation,226774.0
GUTM,annual,2022,Profit after Taxation,-27004.0
GUTM,annual,2021,Profit after Taxation,-8505.0
GUTM,annual,2024,EPS,38.73
GUTM,annual,2023,EPS,11.95
GUTM,annual,2022,EPS,-1.42
GUTM,quarterly,Q3 2025,Profit after Taxation,-28774.0
GUTM,quarterly,Q2 2025,Profit after Taxation,-12808.0
GUTM,quarterly,Q1 2025,Profit after Taxation,-2891.0
GUTM,quarterly,Q3 2024,Profit after Taxation,-4295.0
GUTM,quarterly,Q3 2025,EPS,-1.52
GUTM,quarterly,Q2 2025,EPS,-0.67
GUTM,quarterly,Q3 2024,EPS,-0.23
GUTM,annual,2024,EPS Growth (%),224.1
GUTM,annual,2023,EPS Growth (%),941.55
GUTM,annual,2024,PEG,0.0
GUTM,annual,2023,PEG,0.0
GVGL,annual,2026,Sales,6971882.0
GVGL,annual,2025,Sales,6062241.0
GVGL,annual,2024,Sales,4973515.0
GVGL,annual,2023,Sales,3826844.0
GVGL,annual,2026,Profit after Taxation,985591.0
GVGL,annual,2025,Profit after Taxation,1084640.0
GVGL,annual,2024,Profit after Taxation,897997.0
GVGL,annual,2023,Profit after Taxation,515329.0
GVGL,annual,2026,EPS,6.57
GVGL,annual,2025,EPS,7.23
GVGL,annual,2024,EPS,5.99
GVGL,annual,2023,EPS,3.44
GVGL,quarterly,Q3 2026,Sales,1816418.0
GVGL,quarterly,Q2 2026,Sales,1780373.0
GVGL,quarterly,Q1 2026,Sales,1414329.0
GVGL,quarterly,Q3 2025,Sales,1699541.0
GVGL,quarterly,Q3 2026,Profit after Taxation,325758.0
GVGL,quarterly,Q2 2026,Profit after Taxation,259163.0
GVGL,quarterly,Q1 2026,Profit after Taxation,188355.0
GVGL,quarterly,Q3 2025,Profit after Taxation,331749.0
GVGL,quarterly,Q3 2026,EPS,2.17
GVGL,quarterly,Q2 2026,EPS,1.73
GVGL,quarterly,Q1 2026,EPS,1.26
GVGL,quarterly,Q3 2025,EPS,2.21
GVGL,annual,2026,Gross Profit Margin (%),38.25
GVGL,annual,2025,Gross Profit Margin (%),38.34
GVGL,annual,2024,Gross Profit Margin (%),37.37
GVGL,annual,2023,Gross Profit Margin (%),34.82
GVGL,annual,2026,Net Profit Margin (%),14.14
GVGL,annual,2025,Net Profit Margin (%),17.89
GVGL,annual,2024,Net Profit Margin (%),18.06
GVGL,annual,2023,Net Profit Margin (%),13.47
GVGL,annual,2026,EPS Growth (%),-9.13
GVGL,annual,2025,EPS Growth (%),20.7
GVGL,annual,2024,EPS Growth (%),74.13
GVGL,annual,2023,EPS Growth (%),-31.75
GVGL,annual,2026,PEG,-0.96
GVGL,annual,2025,PEG,0.39
GVGL,annual,2024,PEG,0.09
GVGL,annual,2023,PEG,-0.36
GWLC,annual,2026,Sales,22312807.0
GWLC,annual,2025,Sales,19686815.0
GWLC,annual,2024,Sales,18165083.0
GWLC,annual,2023,Sales,18315894.0
GWLC,annual,2026,Profit after Taxation,2345084.0
GWLC,annual,2025,Profit after Taxation,2204744.0
GWLC,annual,2024,Profit after Taxation,1742730.0
GWLC,annual,2023,Profit after Taxation,1232407.0
GWLC,annual,2026,EPS,5.86
GWLC,annual,2025,EPS,5.51
GWLC,annual,2024,EPS,4.35
GWLC,annual,2023,EPS,3.08
GWLC,quarterly,Q3 2026,Sales,5448319.0
GWLC,quarterly,Q2 2026,Sales,6148423.0
GWLC,quarterly,Q1 2026,Sales,4915076.0
GWLC,quarterly,Q3 2025,Sales,4915938.0
GWLC,quarterly,Q3 2026,Profit after Taxation,527882.0
GWLC,quarterly,Q2 2026,Profit after Taxation,946823.0
GWLC,quarterly,Q1 2026,Profit after Taxation,277582.0
GWLC,quarterly,Q3 2025,Profit after Taxation,469135.0
GWLC,quarterly,Q3 2026,EPS,1.32
GWLC,quarterly,Q2 2026,EPS,2.37
GWLC,quarterly,Q1 2026,EPS,0.69
GWLC,quarterly,Q3 2025,EPS,1.17
GWLC,annual,2026,Gross Profit Margin (%),18.87
GWLC,annual,2025,Gross Profit Margin (%),23.3
GWLC,annual,2024,Gross Profit Margin (%),20.78
GWLC,annual,2023,Gross Profit Margin (%),20.71
GWLC,annual,2026,Net Profit Margin (%),10.51
GWLC,annual,2025,Net Profit Margin (%),11.2
GWLC,annual,2024,Net Profit Margin (%),9.59
GWLC,annual,2023,Net Profit Margin (%),6.73
GWLC,annual,2026,EPS Growth (%),6.35
GWLC,annual,2025,EPS Growth (%),26.67
GWLC,annual,2024,EPS Growth (%),41.23
GWLC,annual,2023,EPS Growth (%),-8.88
GWLC,annual,2026,PEG,1.46
GWLC,annual,2025,PEG,0.33
GWLC,annual,2024,PEG,0.17
GWLC,annual,2023,PEG,-0.57
HABSM,annual,2025,Sales,21731776.0
HABSM,annual,2024,Sales,20624090.0
HABSM,annual,2023,Sales,19985028.0
HABSM,annual,2022,Sales,13006818.0
HABSM,annual,2025,Profit after Taxation,1555772.0
HABSM,annual,2024,Profit after Taxation,1960473.0
HABSM,annual,2023,Profit after Taxation,2541478.0
HABSM,annual,2022,Profit after Taxation,1289761.0
HABSM,annual,2025,EPS,11.52
HABSM,annual,2024,EPS,14.52
HABSM,annual,2023,EPS,16.94
HABSM,annual,2022,EPS,8.6
HABSM,quarterly,Q3 2026,Sales,5322373.0
HABSM,quarterly,Q2 2026,Sales,4020591.0
HABSM,quarterly,Q1 2026,Sales,3182773.0
HABSM,quarterly,Q3 2025,Sales,6044623.0
HABSM,quarterly,Q3 2026,Profit after Taxation,418906.0
HABSM,quarterly,Q2 2026,Profit after Taxation,535529.0
HABSM,quarterly,Q1 2026,Profit after Taxation,387637.0
HABSM,quarterly,Q3 2025,Profit after Taxation,333681.0
HABSM,quarterly,Q3 2026,EPS,3.1
HABSM,quarterly,Q2 2026,EPS,3.97
HABSM,quarterly,Q1 2026,EPS,2.87
HABSM,quarterly,Q3 2025,EPS,2.47
HABSM,annual,2025,Gross Profit Margin (%),13.66
HABSM,annual,2024,Gross Profit Margin (%),12.18
HABSM,annual,2023,Gross Profit Margin (%),19.72
HABSM,annual,2022,Gross Profit Margin (%),17.0
HABSM,annual,2025,Net Profit Margin (%),7.16
HABSM,annual,2024,Net Profit Margin (%),9.51
HABSM,annual,2023,Net Profit Margin (%),12.72
HABSM,annual,2022,Net Profit Margin (%),9.92
HABSM,annual,2025,EPS Growth (%),-20.66
HABSM,annual,2024,EPS Growth (%),-14.29
HABSM,annual,2023,EPS Growth (%),96.98
HABSM,annual,2022,EPS Growth (%),30.3
HABSM,annual,2025,PEG,-0.33
HABSM,annual,2024,PEG,-0.32
HABSM,annual,2023,PEG,0.02
HABSM,annual,2022,PEG,0.12
HACC,annual,2021,Profit after Taxation,-25889.0
HACC,annual,2020,Profit after Taxation,135539.0
HACC,annual,2019,Profit after Taxation,-4522.0
HACC,annual,2018,Profit after Taxation,-685.0
HACC,annual,2021,EPS,-15.85
HACC,annual,2020,EPS,82.97
HACC,annual,2019,EPS,-2.77
HACC,annual,2018,EPS,-0.42
HACC,quarterly,Q3 2022,Profit after Taxation,-953.0
HACC,quarterly,Q2 2022,Profit after Taxation,-953.0
HACC,quarterly,Q1 2022,Profit after Taxation,-903.0
HACC,quarterly,Q3 2021,Profit after Taxation,-1177.0
HACC,quarterly,Q3 2022,EPS,-0.58
HACC,quarterly,Q2 2022,EPS,-0.58
HACC,quarterly,Q1 2022,EPS,-1.81
HACC,quarterly,Q3 2021,EPS,-0.72
HACC,annual,2021,EPS Growth (%),-119.1
HACC,annual,2020,EPS Growth (%),3095.31
HACC,annual,2019,EPS Growth (%),-559.52
HACC,annual,2018,EPS Growth (%),45.45
HACC,annual,2021,PEG,0.0
HACC,annual,2020,PEG,0.0
HACC,annual,2019,PEG,0.01
HACC,annual,2018,PEG,-0.42
HADC,annual,2017,Profit after Taxation,-277.0
HADC,annual,2016,Profit after Taxation,-519.0
HADC,annual,2015,Profit after Taxation,-463.0
HADC,annual,2014,Profit after Taxation,-2054.0
HADC,annual,2017,EPS,-0.04
HADC,annual,2016,EPS,-0.08
HADC,annual,2015,EPS,-0.07
HADC,annual,2014,EPS,-0.32
HADC,quarterly,Q3 2018,Profit after Taxation,-94.0
HADC,quarterly,Q2 2018,Profit after Taxation,-151.0
HADC,quarterly,Q1 2018,Profit after Taxation,139.0
HADC,quarterly,Q3 2017,Profit after Taxation,-106.0
HADC,quarterly,Q3 2018,EPS,-0.01
HADC,quarterly,Q2 2018,EPS,-0.02
HADC,quarterly,Q1 2018,EPS,0.02
HADC,quarterly,Q3 2017,EPS,-0.02
HADC,annual,2017,EPS Growth (%),46.67
HADC,annual,2016,EPS Growth (%),-11.72
HADC,annual,2015,EPS Growth (%),77.34
HADC,annual,2014,EPS Growth (%),77.14
HADC,annual,2017,PEG,-8.74
HADC,annual,2016,PEG,2.52
HADC,annual,2015,PEG,-0.49
HAEL,annual,2026,Sales,848200.0
HAEL,annual,2025,Sales,553562.0
HAEL,annual,2024,Sales,521606.0
HAEL,annual,2023,Sales,648204.0
HAEL,annual,2026,Profit after Taxation,13770.0
HAEL,annual,2025,Profit after Taxation,13858.0
HAEL,annual,2024,Profit after Taxation,-47356.0
HAEL,annual,2023,Profit after Taxation,18934.0
HAEL,annual,2026,EPS,1.06
HAEL,annual,2025,EPS,1.07
HAEL,annual,2024,EPS,-3.64
HAEL,annual,2023,EPS,1.46
HAEL,quarterly,Q3 2026,Sales,230715.0
HAEL,quarterly,Q2 2026,Sales,150047.0
HAEL,quarterly,Q1 2026,Sales,169231.0
HAEL,quarterly,Q3 2025,Sales,112237.0
HAEL,quarterly,Q3 2026,Profit after Taxation,3236.0
HAEL,quarterly,Q2 2026,Profit after Taxation,3352.0
HAEL,quarterly,Q1 2026,Profit after Taxation,3173.0
HAEL,quarterly,Q3 2025,Profit after Taxation,8458.0
HAEL,quarterly,Q3 2026,EPS,0.25
HAEL,quarterly,Q2 2026,EPS,0.26
HAEL,quarterly,Q1 2026,EPS,0.24
HAEL,quarterly,Q3 2025,EPS,0.65
HAEL,annual,2026,Gross Profit Margin (%),18.45
HAEL,annual,2025,Gross Profit Margin (%),20.01
HAEL,annual,2024,Gross Profit Margin (%),14.08
HAEL,annual,2023,Gross Profit Margin (%),21.46
HAEL,annual,2026,Net Profit Margin (%),1.62
HAEL,annual,2025,Net Profit Margin (%),2.5
HAEL,annual,2024,Net Profit Margin (%),-9.08
HAEL,annual,2023,Net Profit Margin (%),2.92
HAEL,annual,2026,EPS Growth (%),-0.93
HAEL,annual,2025,EPS Growth (%),129.4
HAEL,annual,2024,EPS Growth (%),-349.32
HAEL,annual,2023,EPS Growth (%),60.44
HAEL,annual,2026,PEG,-26.81
HAEL,annual,2025,PEG,0.17
HAEL,annual,2024,PEG,0.01
HAEL,annual,2023,PEG,0.07
HAFL,annual,2024,Sales,33833.0
HAFL,annual,2023,Sales,32733.0
HAFL,annual,2026,Profit after Taxation,58447.0
HAFL,annual,2025,Profit after Taxation,52894.0
HAFL,annual,2024,Profit after Taxation,35982.0
HAFL,annual,2023,Profit after Taxation,23393.0
HAFL,quarterly,Q3 2026,Profit after Taxation,-2879.0
HAFL,quarterly,Q2 2026,Profit after Taxation,8345.0
HAFL,quarterly,Q1 2026,Profit after Taxation,15403.0
HAFL,quarterly,Q3 2025,Profit after Taxation,558.0
HAFL,annual,2024,Gross Profit Margin (%),100.0
HAFL,annual,2023,Gross Profit Margin (%),100.0
HAFL,annual,2024,Net Profit Margin (%),106.35
HAFL,annual,2023,Net Profit Margin (%),71.47
HAFL,annual,2026,EPS Growth (%),10.5
HAFL,annual,2025,EPS Growth (%),47.03
HAFL,annual,2024,EPS Growth (%),53.82
HAFL,annual,2023,EPS Growth (%),93.16
HAFL,annual,2026,PEG,0.88
HAFL,annual,2025,PEG,0.14
HAFL,annual,2024,PEG,0.13
HAFL,annual,2023,PEG,0.08
HAL,annual,2019,Sales,1562700.0
HAL,annual,2018,Sales,1430162.0
HAL,annual,2017,Sales,1138211.0
HAL,annual,2016,Sales,1041050.0
HAL,annual,2019,Profit after Taxation,123249.0
HAL,annual,2018,Profit after Taxation,68882.0
HAL,annual,2017,Profit after Taxation,38652.0
HAL,annual,2016,Profit after Taxation,32843.0
HAL,annual,2019,EPS,3.08
HAL,annual,2018,EPS,1.72
HAL,annual,2017,EPS,0.97
HAL,annual,2016,EPS,0.82
HAL,annual,2019,Gross Profit Margin (%),19.49
HAL,annual,2018,Gross Profit Margin (%),14.53
HAL,annual,2017,Gross Profit Margin (%),15.16
HAL,annual,2016,Gross Profit Margin (%),15.33
HAL,annual,2019,Net Profit Margin (%),7.89
HAL,annual,2018,Net Profit Margin (%),4.82
HAL,annual,2017,Net Profit Margin (%),3.4
HAL,annual,2016,Net Profit Margin (%),3.15
HAL,annual,2019,EPS Growth (%),79.07
HAL,annual,2018,EPS Growth (%),77.32
HAL,annual,2017,EPS Growth (%),18.29
HAL,annual,2016,EPS Growth (%),-73.11
HAL,annual,2019,PEG,0.16
HAL,annual,2018,PEG,0.39
HAL,annual,2017,PEG,1.22
HAL,annual,2016,PEG,-0.34
HALEON,annual,2025,Sales,43106420.0
HALEON,annual,2024,Sales,37205893.0
HALEON,annual,2023,Sales,31609776.0
HALEON,annual,2022,Sales,27507212.0
HALEON,annual,2025,Profit after Taxation,6373151.0
HALEON,annual,2024,Profit after Taxation,4578247.0
HALEON,annual,2023,Profit after Taxation,995586.0
HALEON,annual,2022,Profit after Taxation,325411.0
HALEON,annual,2025,EPS,54.45
HALEON,annual,2024,EPS,39.11
HALEON,annual,2023,EPS,8.51
HALEON,annual,2022,EPS,2.78
HALEON,quarterly,Q2 2026,Sales,10072084.0
HALEON,quarterly,Q1 2026,Sales,9593810.0
HALEON,quarterly,Q3 2025,Sales,10562883.0
HALEON,quarterly,Q2 2025,Sales,11598087.0
HALEON,quarterly,Q2 2026,Profit after Taxation,1676199.0
HALEON,quarterly,Q1 2026,Profit after Taxation,1524759.0
HALEON,quarterly,Q3 2025,Profit after Taxation,1615006.0
HALEON,quarterly,Q2 2025,Profit after Taxation,1623159.0
HALEON,quarterly,Q2 2026,EPS,14.32
HALEON,quarterly,Q1 2026,EPS,13.03
HALEON,quarterly,Q3 2025,EPS,13.8
HALEON,quarterly,Q2 2025,EPS,13.87
HALEON,annual,2025,Gross Profit Margin (%),39.09
HALEON,annual,2024,Gross Profit Margin (%),34.45
HALEON,annual,2023,Gross Profit Margin (%),20.4
HALEON,annual,2022,Gross Profit Margin (%),17.4
HALEON,annual,2025,Net Profit Margin (%),14.78
HALEON,annual,2024,Net Profit Margin (%),12.31
HALEON,annual,2023,Net Profit Margin (%),3.15
HALEON,annual,2022,Net Profit Margin (%),1.18
HALEON,annual,2025,EPS Growth (%),39.22
HALEON,annual,2024,EPS Growth (%),359.58
HALEON,annual,2023,EPS Growth (%),206.12
HALEON,annual,2022,EPS Growth (%),-84.75
HALEON,annual,2025,PEG,0.39
HALEON,annual,2024,PEG,0.06
HALEON,annual,2023,PEG,0.1
HALEON,annual,2022,PEG,-0.7
HASCOL,annual,2025,Sales,177178976.0
HASCOL,annual,2024,Sales,143805510.0
HASCOL,annual,2023,Sales,162709607.0
HASCOL,annual,2022,Sales,70973746.0
HASCOL,annual,2025,Profit after Taxation,-6700243.0
HASCOL,annual,2024,Profit after Taxation,-12660551.0
HASCOL,annual,2023,Profit after Taxation,-17814348.0
HASCOL,annual,2022,Profit after Taxation,-14439536.0
HASCOL,annual,2025,EPS,-6.71
HASCOL,annual,2024,EPS,-12.67
HASCOL,annual,2023,EPS,-17.83
HASCOL,annual,2022,EPS,-14.45
HASCOL,quarterly,Q2 2026,Sales,53445069.0
HASCOL,quarterly,Q1 2026,Sales,48385892.0
HASCOL,quarterly,Q3 2025,Sales,43401344.0
HASCOL,quarterly,Q2 2025,Sales,45839879.0
HASCOL,quarterly,Q2 2026,Profit after Taxation,-3593437.0
HASCOL,quarterly,Q1 2026,Profit after Taxation,448595.0
HASCOL,quarterly,Q3 2025,Profit after Taxation,-352807.0
HASCOL,quarterly,Q2 2025,Profit after Taxation,-1797602.0
HASCOL,quarterly,Q2 2026,EPS,-3.6
HASCOL,quarterly,Q1 2026,EPS,0.45
HASCOL,quarterly,Q3 2025,EPS,-0.35
HASCOL,quarterly,Q2 2025,EPS,-1.8
HASCOL,annual,2025,Gross Profit Margin (%),2.02
HASCOL,annual,2024,Gross Profit Margin (%),2.32
HASCOL,annual,2023,Gross Profit Margin (%),2.84
HASCOL,annual,2022,Gross Profit Margin (%),4.48
HASCOL,annual,2025,Net Profit Margin (%),-3.78
HASCOL,annual,2024,Net Profit Margin (%),-8.8
HASCOL,annual,2023,Net Profit Margin (%),-10.95
HASCOL,annual,2022,Net Profit Margin (%),-20.34
HASCOL,annual,2025,EPS Growth (%),47.04
HASCOL,annual,2024,EPS Growth (%),28.94
HASCOL,annual,2023,EPS Growth (%),-23.39
HASCOL,annual,2022,EPS Growth (%),-90.13
HASCOL,annual,2025,PEG,-0.05
HASCOL,annual,2024,PEG,-0.04
HASCOL,annual,2023,PEG,0.02
HASCOL,annual,2022,PEG,0.0
HATM,annual,2024,Sales,771550.0
HATM,annual,2023,Sales,563533.0
HATM,annual,2022,Sales,551811.0
HATM,annual,2021,Sales,313982.0
HATM,annual,2024,Profit after Taxation,-26244.0
HATM,annual,2023,Profit after Taxation,7390.0
HATM,annual,2022,Profit after Taxation,8461.0
HATM,annual,2021,Profit after Taxation,-23096.0
HATM,annual,2024,EPS,-1.98
HATM,annual,2023,EPS,0.56
HATM,annual,2022,EPS,0.64
HATM,annual,2021,EPS,-1.74
HATM,quarterly,Q3 2025,Sales,250562.0
HATM,quarterly,Q2 2025,Sales,245822.0
HATM,quarterly,Q1 2025,Sales,205562.0
HATM,quarterly,Q3 2024,Sales,165580.0
HATM,quarterly,Q3 2025,Profit after Taxation,-6264.0
HATM,quarterly,Q2 2025,Profit after Taxation,-7634.0
HATM,quarterly,Q1 2025,Profit after Taxation,-8693.0
HATM,quarterly,Q3 2024,Profit after Taxation,-7557.0
HATM,quarterly,Q3 2025,EPS,-0.47
HATM,quarterly,Q2 2025,EPS,-0.58
HATM,quarterly,Q1 2025,EPS,-0.66
HATM,quarterly,Q3 2024,EPS,-0.57
HATM,annual,2024,Gross Profit Margin (%),1.46
HATM,annual,2023,Gross Profit Margin (%),1.84
HATM,annual,2022,Gross Profit Margin (%),2.86
HATM,annual,2021,Gross Profit Margin (%),1.46
HATM,annual,2024,Net Profit Margin (%),-3.4
HATM,annual,2023,Net Profit Margin (%),1.31
HATM,annual,2022,Net Profit Margin (%),1.53
HATM,annual,2021,Net Profit Margin (%),-7.36
HATM,annual,2024,EPS Growth (%),-453.57
HATM,annual,2023,EPS Growth (%),-12.5
HATM,annual,2022,EPS Growth (%),136.78
HATM,annual,2021,EPS Growth (%),-59.63
HATM,annual,2024,PEG,0.0
HATM,annual,2023,PEG,-0.14
HATM,annual,2022,PEG,0.01
HATM,annual,2021,PEG,0.01
HBL,annual,2025,Mark-up Earned,634895672.0
HBL,annual,2024,Mark-up Earned,768558718.0
HBL,annual,2023,Mark-up Earned,670134034.0
HBL,annual,2022,Mark-up Earned,408973236.0
HBL,annual,2025,Total Income,320648511.0
HBL,annual,2024,Total Income,313235711.0
HBL,annual,2023,Total Income,277297213.0
HBL,annual,2022,Total Income,190393360.0
HBL,annual,2025,Profit after Taxation,62492417.0
HBL,annual,2024,Profit after Taxation,56765819.0
HBL,annual,2023,Profit after Taxation,56855995.0
HBL,annual,2022,Profit after Taxation,30867003.0
HBL,annual,2025,EPS,42.6
HBL,annual,2024,EPS,38.7
HBL,annual,2023,EPS,38.76
HBL,annual,2022,EPS,21.04
HBL,quarterly,Q2 2026,Mark-up Earned,176329475.0
HBL,quarterly,Q1 2026,Mark-up Earned,172134268.0
HBL,quarterly,Q3 2025,Mark-up Earned,167695843.0
HBL,quarterly,Q2 2025,Mark-up Earned,155047661.0
HBL,quarterly,Q2 2026,Total Income,84625681.0
HBL,quarterly,Q1 2026,Total Income,82780007.0
HBL,quarterly,Q3 2025,Total Income,82338452.0
HBL,quarterly,Q2 2025,Total Income,82096458.0
HBL,quarterly,Q2 2026,Profit after Taxation,18127829.0
HBL,quarterly,Q1 2026,Profit after Taxation,15415506.0
HBL,quarterly,Q3 2025,Profit after Taxation,15968959.0
HBL,quarterly,Q2 2025,Profit after Taxation,16302991.0
HBL,quarterly,Q2 2026,EPS,12.36
HBL,quarterly,Q1 2026,EPS,10.51
HBL,quarterly,Q3 2025,EPS,10.89
HBL,quarterly,Q2 2025,EPS,11.12
HBL,annual,2025,Net Profit Margin (%),9.84
HBL,annual,2024,Net Profit Margin (%),7.39
HBL,annual,2023,Net Profit Margin (%),8.48
HBL,annual,2022,Net Profit Margin (%),7.55
HBL,annual,2025,EPS Growth (%),10.08
HBL,annual,2024,EPS Growth (%),-0.15
HBL,annual,2023,EPS Growth (%),84.22
HBL,annual,2022,EPS Growth (%),-9.93
HBL,annual,2025,PEG,0.75
HBL,annual,2024,PEG,-29.12
HBL,annual,2023,PEG,0.03
HBL,annual,2022,PEG,-0.3
HCAR,annual,2026,Sales,122283173.0
HCAR,annual,2025,Sales,78065659.0
HCAR,annual,2024,Sales,55071323.0
HCAR,annual,2023,Sales,95087251.0
HCAR,annual,2026,Profit after Taxation,3233703.0
HCAR,annual,2025,Profit after Taxation,2709141.0
HCAR,annual,2024,Profit after Taxation,2333895.0
HCAR,annual,2023,Profit after Taxation,260141.0
HCAR,annual,2026,EPS,22.64
HCAR,annual,2025,EPS,18.97
HCAR,annual,2024,EPS,16.34
HCAR,annual,2023,EPS,1.82
HCAR,quarterly,Q1 2027,Sales,37201684.0
HCAR,quarterly,Q3 2026,Sales,33103165.0
HCAR,quarterly,Q2 2026,Sales,25418299.0
HCAR,quarterly,Q1 2026,Sales,26461970.0
HCAR,quarterly,Q1 2027,Profit after Taxation,2485650.0
HCAR,quarterly,Q3 2026,Profit after Taxation,655468.0
HCAR,quarterly,Q2 2026,Profit after Taxation,742175.0
HCAR,quarterly,Q1 2026,Profit after Taxation,828439.0
HCAR,quarterly,Q1 2027,EPS,17.41
HCAR,quarterly,Q3 2026,EPS,4.59
HCAR,quarterly,Q2 2026,EPS,5.2
HCAR,quarterly,Q1 2026,EPS,5.8
HCAR,annual,2026,Gross Profit Margin (%),7.75
HCAR,annual,2025,Gross Profit Margin (%),8.54
HCAR,annual,2024,Gross Profit Margin (%),8.19
HCAR,annual,2023,Gross Profit Margin (%),7.53
HCAR,annual,2026,Net Profit Margin (%),2.64
HCAR,annual,2025,Net Profit Margin (%),3.47
HCAR,annual,2024,Net Profit Margin (%),4.24
HCAR,annual,2023,Net Profit Margin (%),0.27
HCAR,annual,2026,EPS Growth (%),19.35
HCAR,annual,2025,EPS Growth (%),16.1
HCAR,annual,2024,EPS Growth (%),797.8
HCAR,annual,2023,EPS Growth (%),-89.65
HCAR,annual,2026,PEG,0.35
HCAR,annual,2025,PEG,0.95
HCAR,annual,2024,PEG,0.02
HCAR,annual,2023,PEG,-0.72
HCL,annual,2024,Sales,55570.0
HCL,annual,2023,Sales,1806.0
HCL,annual,2022,Sales,5930.0
HCL,annual,2021,Sales,8689.0
HCL,annual,2024,Profit after Taxation,34849.0
HCL,annual,2023,Profit after Taxation,-2840.0
HCL,annual,2022,Profit after Taxation,-3492.0
HCL,annual,2021,Profit after Taxation,239.0
HCL,annual,2024,EPS,69.7
HCL,annual,2023,EPS,-5.68
HCL,annual,2022,EPS,-6.98
HCL,annual,2021,EPS,0.48
HCL,quarterly,Q3 2024,Sales,17914.0
HCL,quarterly,Q2 2024,Sales,37656.0
HCL,quarterly,Q1 2025,Profit after Taxation,16116.0
HCL,quarterly,Q3 2024,Profit after Taxation,15754.0
HCL,quarterly,Q2 2024,Profit after Taxation,3989.0
HCL,quarterly,Q1 2024,Profit after Taxation,-385.0
HCL,quarterly,Q1 2025,EPS,32.23
HCL,quarterly,Q3 2024,EPS,31.51
HCL,quarterly,Q2 2024,EPS,7.98
HCL,quarterly,Q1 2024,EPS,-0.77
HCL,annual,2024,Gross Profit Margin (%),63.82
HCL,annual,2023,Gross Profit Margin (%),70.25
HCL,annual,2022,Gross Profit Margin (%),72.92
HCL,annual,2021,Gross Profit Margin (%),62.22
HCL,annual,2024,Net Profit Margin (%),62.71
HCL,annual,2023,Net Profit Margin (%),-157.22
HCL,annual,2022,Net Profit Margin (%),-58.89
HCL,annual,2021,Net Profit Margin (%),2.76
HCL,annual,2024,EPS Growth (%),1327.11
HCL,annual,2023,EPS Growth (%),18.62
HCL,annual,2022,EPS Growth (%),-1554.17
HCL,annual,2021,EPS Growth (%),-37.66
HCL,annual,2024,PEG,0.0
HCL,annual,2023,PEG,-0.95
HCL,annual,2022,PEG,0.02
HCL,annual,2021,PEG,-8.15
HGFA,annual,2024,Total Income,359489.0
HGFA,annual,2023,Total Income,471630.0
HGFA,annual,2024,Profit after Taxation,221164.0
HGFA,annual,2023,Profit after Taxation,350966.0
HGFA,quarterly,Q3 2016,Total Income,95995.0
HGFA,quarterly,Q2 2016,Total Income,238657.0
HGFA,quarterly,Q1 2016,Total Income,67979.0
HGFA,quarterly,Q3 2015,Total Income,-994399.0
HGFA,quarterly,Q3 2016,Profit after Taxation,18061.0
HGFA,quarterly,Q2 2016,Profit after Taxation,162694.0
HGFA,quarterly,Q1 2016,Profit after Taxation,-10471.0
HGFA,quarterly,Q3 2015,Profit after Taxation,-1082514.0
HGFA,quarterly,Q3 2016,EPS,0.06
HGFA,quarterly,Q2 2016,EPS,0.57
HGFA,quarterly,Q1 2016,EPS,-0.04
HGFA,quarterly,Q3 2015,EPS,-3.82
HICL,annual,2025,Profit after Taxation,118033.0
HICL,annual,2024,Profit after Taxation,236852.0
HICL,annual,2023,Profit after Taxation,112781.0
HICL,annual,2022,Profit after Taxation,111091.0
HICL,annual,2025,EPS,0.95
HICL,annual,2024,EPS,1.91
HICL,annual,2023,EPS,0.91
HICL,annual,2022,EPS,0.9
HICL,quarterly,Q2 2026,Profit after Taxation,175540.0
HICL,quarterly,Q1 2026,Profit after Taxation,88478.0
HICL,quarterly,Q3 2025,Profit after Taxation,9359.0
HICL,quarterly,Q2 2025,Profit after Taxation,55511.0
HICL,quarterly,Q2 2026,EPS,1.42
HICL,quarterly,Q1 2026,EPS,0.71
HICL,quarterly,Q3 2025,EPS,0.08
HICL,quarterly,Q2 2025,EPS,0.45
HICL,annual,2025,Gross Profit Margin (%),-12.0
HICL,annual,2024,Gross Profit Margin (%),-15.19
HICL,annual,2023,Gross Profit Margin (%),-15.98
HICL,annual,2022,Gross Profit Margin (%),-1.68
HICL,annual,2025,Net Profit Margin (%),6.96
HICL,annual,2024,Net Profit Margin (%),15.87
HICL,annual,2023,Net Profit Margin (%),7.49
HICL,annual,2022,Net Profit Margin (%),9.05
HICL,annual,2025,EPS Growth (%),-50.26
HICL,annual,2024,EPS Growth (%),109.89
HICL,annual,2023,EPS Growth (%),1.11
HICL,annual,2022,EPS Growth (%),4.65
HICL,annual,2025,PEG,-0.26
HICL,annual,2024,PEG,0.04
HICL,annual,2023,PEG,6.13
HICL,annual,2022,PEG,1.43
HIFA,annual,2024,Total Income,126765.0
HIFA,annual,2023,Total Income,162329.0
HIFA,annual,2017,Total Income,976729.0
HIFA,annual,2016,Total Income,391130.0
HIFA,annual,2024,Profit after Taxation,76010.0
HIFA,annual,2023,Profit after Taxation,117311.0
HIFA,annual,2017,Profit after Taxation,848004.0
HIFA,annual,2016,Profit after Taxation,245059.0
HIFA,annual,2017,EPS,2.98
HIFA,annual,2016,EPS,0.86
HIFA,quarterly,Q3 2018,Total Income,309175.0
HIFA,quarterly,Q2 2018,Total Income,21658.0
HIFA,quarterly,Q1 2018,Total Income,-420571.0
HIFA,quarterly,Q3 2017,Total Income,31261.0
HIFA,quarterly,Q3 2018,Profit after Taxation,270485.0
HIFA,quarterly,Q2 2018,Profit after Taxation,-13763.0
HIFA,quarterly,Q1 2018,Profit after Taxation,-460791.0
HIFA,quarterly,Q3 2017,Profit after Taxation,27052.0
HIFA,quarterly,Q3 2018,EPS,0.95
HIFA,quarterly,Q2 2018,EPS,-0.05
HIFA,quarterly,Q1 2018,EPS,-1.62
HIFA,quarterly,Q3 2017,EPS,0.1
HIFA,annual,2017,EPS Growth (%),246.51
HIFA,annual,2016,EPS Growth (%),407.14
HIFA,annual,2017,PEG,0.02
HIFA,annual,2016,PEG,0.04
HINO,annual,2026,Sales,11001468.0
HINO,annual,2025,Sales,10336503.0
HINO,annual,2024,Sales,7622709.0
HINO,annual,2023,Sales,13185973.0
HINO,annual,2026,Profit after Taxation,541253.0
HINO,annual,2025,Profit after Taxation,161957.0
HINO,annual,2024,Profit after Taxation,-131098.0
HINO,annual,2023,Profit after Taxation,16033.0
HINO,annual,2026,EPS,21.82
HINO,annual,2025,EPS,6.53
HINO,annual,2024,EPS,-5.29
HINO,annual,2023,EPS,0.65
HINO,quarterly,Q1 2027,Sales,3278127.0
HINO,quarterly,Q3 2026,Sales,1636348.0
HINO,quarterly,Q2 2026,Sales,2956434.0
HINO,quarterly,Q1 2026,Sales,3961557.0
HINO,quarterly,Q1 2027,Profit after Taxation,209689.0
HINO,quarterly,Q3 2026,Profit after Taxation,-79339.0
HINO,quarterly,Q2 2026,Profit after Taxation,123467.0
HINO,quarterly,Q1 2026,Profit after Taxation,416817.0
HINO,quarterly,Q1 2027,EPS,8.45
HINO,quarterly,Q3 2026,EPS,-3.2
HINO,quarterly,Q2 2026,EPS,4.98
HINO,quarterly,Q1 2026,EPS,16.81
HINO,annual,2026,Gross Profit Margin (%),18.6
HINO,annual,2025,Gross Profit Margin (%),12.49
HINO,annual,2024,Gross Profit Margin (%),11.91
HINO,annual,2023,Gross Profit Margin (%),8.54
HINO,annual,2026,Net Profit Margin (%),4.92
HINO,annual,2025,Net Profit Margin (%),1.57
HINO,annual,2024,Net Profit Margin (%),-1.72
HINO,annual,2023,Net Profit Margin (%),0.12
HINO,annual,2026,EPS Growth (%),234.15
HINO,annual,2025,EPS Growth (%),223.44
HINO,annual,2024,EPS Growth (%),-913.85
HINO,annual,2023,EPS Growth (%),-96.14
HINO,annual,2026,PEG,0.06
HINO,annual,2025,PEG,0.25
HINO,annual,2024,PEG,0.05
HINO,annual,2023,PEG,-3.21
HINOON,annual,2025,Sales,25789242.0
HINOON,annual,2024,Sales,23195152.0
HINOON,annual,2023,Sales,19424255.0
HINOON,annual,2022,Sales,15815937.0
HINOON,annual,2025,Profit after Taxation,4119313.0
HINOON,annual,2024,Profit after Taxation,3253501.0
HINOON,annual,2023,Profit after Taxation,2403014.0
HINOON,annual,2022,Profit after Taxation,2417172.0
HINOON,annual,2025,EPS,77.75
HINOON,annual,2024,EPS,61.41
HINOON,annual,2023,EPS,45.35
HINOON,annual,2022,EPS,45.62
HINOON,quarterly,Q2 2026,Sales,5892886.0
HINOON,quarterly,Q1 2026,Sales,6813970.0
HINOON,quarterly,Q3 2025,Sales,6575586.0
HINOON,quarterly,Q2 2025,Sales,5491013.0
HINOON,quarterly,Q2 2026,Profit after Taxation,721771.0
HINOON,quarterly,Q1 2026,Profit after Taxation,955684.0
HINOON,quarterly,Q3 2025,Profit after Taxation,1001079.0
HINOON,quarterly,Q2 2025,Profit after Taxation,711670.0
HINOON,quarterly,Q2 2026,EPS,13.62
HINOON,quarterly,Q1 2026,EPS,18.04
HINOON,quarterly,Q3 2025,EPS,18.89
HINOON,quarterly,Q2 2025,EPS,13.43
HINOON,annual,2025,Gross Profit Margin (%),54.78
HINOON,annual,2024,Gross Profit Margin (%),51.43
HINOON,annual,2023,Gross Profit Margin (%),47.64
HINOON,annual,2022,Gross Profit Margin (%),50.77
HINOON,annual,2025,Net Profit Margin (%),15.97
HINOON,annual,2024,Net Profit Margin (%),14.03
HINOON,annual,2023,Net Profit Margin (%),12.37
HINOON,annual,2022,Net Profit Margin (%),15.28
HINOON,annual,2025,EPS Growth (%),26.61
HINOON,annual,2024,EPS Growth (%),35.41
HINOON,annual,2023,EPS Growth (%),-0.59
HINOON,annual,2022,EPS Growth (%),5.68
HINOON,annual,2025,PEG,0.49
HINOON,annual,2024,PEG,0.42
HINOON,annual,2023,PEG,-18.8
HINOON,annual,2022,PEG,2.09
HIRAT,annual,2024,Sales,72816.0
HIRAT,annual,2023,Sales,42200.0
HIRAT,annual,2022,Sales,319751.0
HIRAT,annual,2021,Sales,1473014.0
HIRAT,annual,2024,Profit after Taxation,-281260.0
HIRAT,annual,2023,Profit after Taxation,-366245.0
HIRAT,annual,2022,Profit after Taxation,-583944.0
HIRAT,annual,2021,Profit after Taxation,-172553.0
HIRAT,annual,2024,EPS,-3.25
HIRAT,annual,2023,EPS,-4.23
HIRAT,annual,2022,EPS,-6.74
HIRAT,annual,2021,EPS,-1.99
HIRAT,quarterly,Q3 2025,Sales,2522.0
HIRAT,quarterly,Q2 2025,Sales,6282.0
HIRAT,quarterly,Q1 2025,Sales,4421.0
HIRAT,quarterly,Q3 2024,Sales,6801.0
HIRAT,quarterly,Q3 2025,Profit after Taxation,-61186.0
HIRAT,quarterly,Q2 2025,Profit after Taxation,-54621.0
HIRAT,quarterly,Q1 2025,Profit after Taxation,-32326.0
HIRAT,quarterly,Q3 2024,Profit after Taxation,-70911.0
HIRAT,quarterly,Q3 2025,EPS,-0.71
HIRAT,quarterly,Q2 2025,EPS,-0.63
HIRAT,quarterly,Q1 2025,EPS,-0.69
HIRAT,quarterly,Q3 2024,EPS,-0.82
HIRAT,annual,2024,Gross Profit Margin (%),-230.43
HIRAT,annual,2023,Gross Profit Margin (%),-367.0
HIRAT,annual,2022,Gross Profit Margin (%),-174.37
HIRAT,annual,2021,Gross Profit Margin (%),-9.11
HIRAT,annual,2024,Net Profit Margin (%),-386.26
HIRAT,annual,2023,Net Profit Margin (%),-867.88
HIRAT,annual,2022,Net Profit Margin (%),-182.62
HIRAT,annual,2021,Net Profit Margin (%),-11.71
HIRAT,annual,2024,EPS Growth (%),23.17
HIRAT,annual,2023,EPS Growth (%),37.24
HIRAT,annual,2022,EPS Growth (%),-238.69
HIRAT,annual,2021,EPS Growth (%),43.3
HIRAT,annual,2024,PEG,-0.04
HIRAT,annual,2023,PEG,-0.01
HIRAT,annual,2022,PEG,0.0
HIRAT,annual,2021,PEG,-0.05
HMB,annual,2025,Mark-up Earned,159261719.0
HMB,annual,2024,Mark-up Earned,234238668.0
HMB,annual,2023,Mark-up Earned,205612424.0
HMB,annual,2022,Mark-up Earned,133165182.0
HMB,annual,2025,Total Income,90948885.0
HMB,annual,2024,Total Income,91600774.0
HMB,annual,2023,Total Income,86712175.0
HMB,annual,2022,Total Income,53825908.0
HMB,annual,2025,Profit after Taxation,22584683.0
HMB,annual,2024,Profit after Taxation,24673508.0
HMB,annual,2023,Profit after Taxation,24383818.0
HMB,annual,2022,Profit after Taxation,14260723.0
HMB,annual,2025,EPS,21.55
HMB,annual,2024,EPS,23.55
HMB,annual,2023,EPS,23.27
HMB,annual,2022,EPS,13.61
HMB,quarterly,Q2 2026,Mark-up Earned,41424417.0
HMB,quarterly,Q1 2026,Mark-up Earned,38909914.0
HMB,quarterly,Q3 2025,Mark-up Earned,38873962.0
HMB,quarterly,Q2 2025,Mark-up Earned,39944455.0
HMB,quarterly,Q2 2026,Total Income,20715339.0
HMB,quarterly,Q1 2026,Total Income,21176019.0
HMB,quarterly,Q3 2025,Total Income,22180761.0
HMB,quarterly,Q2 2025,Total Income,23597375.0
HMB,quarterly,Q2 2026,Profit after Taxation,4304086.0
HMB,quarterly,Q1 2026,Profit after Taxation,4893859.0
HMB,quarterly,Q3 2025,Profit after Taxation,5578476.0
HMB,quarterly,Q2 2025,Profit after Taxation,5516051.0
HMB,quarterly,Q2 2026,EPS,4.11
HMB,quarterly,Q1 2026,EPS,4.67
HMB,quarterly,Q3 2025,EPS,5.32
HMB,quarterly,Q2 2025,EPS,5.26
HMB,annual,2025,Net Profit Margin (%),14.18
HMB,annual,2024,Net Profit Margin (%),10.53
HMB,annual,2023,Net Profit Margin (%),11.86
HMB,annual,2022,Net Profit Margin (%),10.71
HMB,annual,2025,EPS Growth (%),-8.49
HMB,annual,2024,EPS Growth (%),1.2
HMB,annual,2023,EPS Growth (%),70.98
HMB,annual,2022,EPS Growth (%),6.0
HMB,annual,2025,PEG,-0.61
HMB,annual,2024,PEG,3.07
HMB,annual,2023,PEG,0.03
HMB,annual,2022,PEG,0.42
HMICL,annual,2016,Profit after Taxation,638.0
HMICL,annual,2015,Profit after Taxation,175.0
HMICL,annual,2016,EPS,1.28
HMICL,annual,2015,EPS,0.35
HMICL,annual,2016,EPS Growth (%),265.71
HMIM,annual,2024,Profit after Taxation,-5379.0
HMIM,annual,2023,Profit after Taxation,-3776.0
HMIM,annual,2022,Profit after Taxation,-3603.0
HMIM,annual,2021,Profit after Taxation,-2977.0
HMIM,annual,2024,EPS,-0.45
HMIM,annual,2023,EPS,-0.32
HMIM,annual,2022,EPS,-0.3
HMIM,annual,2021,EPS,-0.25
HMIM,quarterly,Q3 2025,Profit after Taxation,-1404.0
HMIM,quarterly,Q2 2025,Profit after Taxation,-2438.0
HMIM,quarterly,Q1 2025,Profit after Taxation,-1257.0
HMIM,quarterly,Q3 2024,Profit after Taxation,-1423.0
HMIM,quarterly,Q3 2025,EPS,-0.12
HMIM,quarterly,Q2 2025,EPS,-0.21
HMIM,quarterly,Q1 2025,EPS,-0.1
HMIM,quarterly,Q3 2024,EPS,-0.12
HMIM,annual,2024,EPS Growth (%),-40.62
HMIM,annual,2023,EPS Growth (%),-6.67
HMIM,annual,2022,EPS Growth (%),-20.0
HMIM,annual,2021,EPS Growth (%),86.77
HMIM,annual,2024,PEG,0.48
HMIM,annual,2023,PEG,4.1
HMIM,annual,2022,PEG,1.46
HMIM,annual,2021,PEG,-0.4
HMM,annual,2022,Total Income,48274.0
HMM,annual,2021,Total Income,36762.0
HMM,annual,2020,Total Income,50714.0
HMM,annual,2019,Total Income,29394.0
HMM,annual,2022,Profit after Taxation,18179.0
HMM,annual,2021,Profit after Taxation,16259.0
HMM,annual,2020,Profit after Taxation,28014.0
HMM,annual,2019,Profit after Taxation,11095.0
HMM,annual,2022,EPS,0.61
HMM,annual,2021,EPS,0.54
HMM,annual,2020,EPS,0.93
HMM,annual,2019,EPS,0.37
HMM,quarterly,Q2 2023,Total Income,17658.0
HMM,quarterly,Q1 2023,Total Income,16520.0
HMM,quarterly,Q3 2022,Total Income,13253.0
HMM,quarterly,Q2 2022,Total Income,10960.0
HMM,quarterly,Q2 2023,Profit after Taxation,8487.0
HMM,quarterly,Q1 2023,Profit after Taxation,8748.0
HMM,quarterly,Q3 2022,Profit after Taxation,5785.0
HMM,quarterly,Q2 2022,Profit after Taxation,4580.0
HMM,quarterly,Q2 2023,EPS,0.28
HMM,quarterly,Q1 2023,EPS,0.29
HMM,quarterly,Q3 2022,EPS,0.19
HMM,quarterly,Q2 2022,EPS,0.15
HMM,annual,2022,EPS Growth (%),12.96
HMM,annual,2021,EPS Growth (%),-41.94
HMM,annual,2020,EPS Growth (%),151.35
HMM,annual,2019,EPS Growth (%),184.62
HMM,annual,2022,PEG,0.96
HMM,annual,2021,PEG,-0.42
HMM,annual,2020,PEG,0.06
HPL,annual,2025,Sales,30928564.0
HPL,annual,2024,Sales,26747828.0
HPL,annual,2023,Sales,21368949.0
HPL,annual,2022,Sales,18559884.0
HPL,annual,2025,Profit after Taxation,2909544.0
HPL,annual,2024,Profit after Taxation,1857147.0
HPL,annual,2023,Profit after Taxation,360807.0
HPL,annual,2022,Profit after Taxation,166783.0
HPL,annual,2025,EPS,301.67
HPL,annual,2024,EPS,192.56
HPL,annual,2023,EPS,37.41
HPL,annual,2022,EPS,17.29
HPL,quarterly,Q2 2026,Sales,8979964.0
HPL,quarterly,Q1 2026,Sales,7689222.0
HPL,quarterly,Q3 2025,Sales,8284284.0
HPL,quarterly,Q2 2025,Sales,8711238.0
HPL,quarterly,Q2 2026,Profit after Taxation,1475049.0
HPL,quarterly,Q1 2026,Profit after Taxation,720552.0
HPL,quarterly,Q3 2025,Profit after Taxation,875680.0
HPL,quarterly,Q2 2025,Profit after Taxation,790338.0
HPL,quarterly,Q2 2026,EPS,152.94
HPL,quarterly,Q1 2026,EPS,74.71
HPL,quarterly,Q3 2025,EPS,90.79
HPL,quarterly,Q2 2025,EPS,81.94
HPL,annual,2025,Gross Profit Margin (%),36.53
HPL,annual,2024,Gross Profit Margin (%),31.51
HPL,annual,2023,Gross Profit Margin (%),25.86
HPL,annual,2022,Gross Profit Margin (%),26.24
HPL,annual,2025,Net Profit Margin (%),9.41
HPL,annual,2024,Net Profit Margin (%),6.94
HPL,annual,2023,Net Profit Margin (%),1.69
HPL,annual,2022,Net Profit Margin (%),0.9
HPL,annual,2025,EPS Growth (%),56.66
HPL,annual,2024,EPS Growth (%),414.73
HPL,annual,2023,EPS Growth (%),116.37
HPL,annual,2022,EPS Growth (%),-81.59
HPL,annual,2025,PEG,0.25
HPL,annual,2024,PEG,0.04
HPL,annual,2023,PEG,0.28
HPL,annual,2022,PEG,-0.68
HRPL,annual,2026,Sales,2288052.0
HRPL,annual,2025,Sales,2136281.0
HRPL,annual,2024,Sales,2340412.0
HRPL,annual,2023,Sales,2534016.0
HRPL,annual,2026,Profit after Taxation,-87575.0
HRPL,annual,2025,Profit after Taxation,-155712.0
HRPL,annual,2024,Profit after Taxation,-92434.0
HRPL,annual,2023,Profit after Taxation,333064.0
HRPL,annual,2026,EPS,-2.19
HRPL,annual,2025,EPS,-3.89
HRPL,annual,2024,EPS,-2.31
HRPL,annual,2023,EPS,8.33
HRPL,quarterly,Q3 2026,Sales,517925.0
HRPL,quarterly,Q2 2026,Sales,735943.0
HRPL,quarterly,Q1 2026,Sales,497961.0
HRPL,quarterly,Q3 2025,Sales,643337.0
HRPL,quarterly,Q3 2026,Profit after Taxation,-48945.0
HRPL,quarterly,Q2 2026,Profit after Taxation,17224.0
HRPL,quarterly,Q1 2026,Profit after Taxation,-18362.0
HRPL,quarterly,Q3 2025,Profit after Taxation,-2369.0
HRPL,quarterly,Q3 2026,EPS,-1.22
HRPL,quarterly,Q2 2026,EPS,0.43
HRPL,quarterly,Q1 2026,EPS,-0.46
HRPL,quarterly,Q3 2025,EPS,-0.06
HRPL,annual,2026,Gross Profit Margin (%),8.77
HRPL,annual,2025,Gross Profit Margin (%),7.96
HRPL,annual,2024,Gross Profit Margin (%),8.13
HRPL,annual,2026,Net Profit Margin (%),-3.83
HRPL,annual,2025,Net Profit Margin (%),-7.29
HRPL,annual,2024,Net Profit Margin (%),-3.95
HRPL,annual,2023,Net Profit Margin (%),13.14
HRPL,annual,2026,EPS Growth (%),43.7
HRPL,annual,2025,EPS Growth (%),-68.4
HRPL,annual,2024,EPS Growth (%),-127.73
HRPL,annual,2023,EPS Growth (%),296.67
HRPL,annual,2026,PEG,-0.22
HRPL,annual,2025,PEG,0.12
HRPL,annual,2024,PEG,0.12
HRPL,annual,2023,PEG,0.02
HSM,annual,2021,Sales,6148523.0
HSM,annual,2020,Sales,2954630.0
HSM,annual,2019,Sales,3715573.0
HSM,annual,2018,Sales,2755737.0
HSM,annual,2021,Profit after Taxation,23657.0
HSM,annual,2020,Profit after Taxation,-286206.0
HSM,annual,2019,Profit after Taxation,293543.0
HSM,annual,2018,Profit after Taxation,35169.0
HSM,annual,2021,EPS,0.58
HSM,annual,2020,EPS,-7.43
HSM,annual,2019,EPS,9.05
HSM,annual,2018,EPS,1.28
HSM,quarterly,Q3 2022,Sales,1026408.0
HSM,quarterly,Q2 2022,Sales,2278916.0
HSM,quarterly,Q1 2022,Sales,2077090.0
HSM,quarterly,Q3 2021,Sales,1747264.0
HSM,quarterly,Q3 2022,Profit after Taxation,-76871.0
HSM,quarterly,Q2 2022,Profit after Taxation,45734.0
HSM,quarterly,Q1 2022,Profit after Taxation,74607.0
HSM,quarterly,Q3 2021,Profit after Taxation,63556.0
HSM,quarterly,Q3 2022,EPS,-1.45
HSM,quarterly,Q2 2022,EPS,0.86
HSM,quarterly,Q1 2022,EPS,1.41
HSM,quarterly,Q3 2021,EPS,1.65
HSM,annual,2021,Gross Profit Margin (%),7.74
HSM,annual,2020,Gross Profit Margin (%),9.96
HSM,annual,2019,Gross Profit Margin (%),6.46
HSM,annual,2018,Gross Profit Margin (%),9.4
HSM,annual,2021,Net Profit Margin (%),0.38
HSM,annual,2020,Net Profit Margin (%),-9.69
HSM,annual,2019,Net Profit Margin (%),7.9
HSM,annual,2018,Net Profit Margin (%),1.28
HSM,annual,2021,EPS Growth (%),107.81
HSM,annual,2020,EPS Growth (%),-182.1
HSM,annual,2019,EPS Growth (%),607.03
HSM,annual,2018,EPS Growth (%),-86.6
HSM,annual,2021,PEG,0.28
HSM,annual,2020,PEG,0.01
HSM,annual,2019,PEG,0.0
HSM,annual,2018,PEG,-0.17
HSPI,annual,2022,Sales,134317.0
HSPI,annual,2021,Sales,97243.0
HSPI,annual,2020,Sales,341615.0
HSPI,annual,2019,Sales,501103.0
HSPI,annual,2022,Profit after Taxation,-107678.0
HSPI,annual,2021,Profit after Taxation,-110053.0
HSPI,annual,2020,Profit after Taxation,-6094.0
HSPI,annual,2019,Profit after Taxation,2205.0
HSPI,annual,2022,EPS,-1.94
HSPI,annual,2021,EPS,-1.98
HSPI,annual,2020,EPS,-0.11
HSPI,annual,2019,EPS,0.04
HSPI,quarterly,Q3 2020,Sales,341615.0
HSPI,quarterly,Q1 2020,Sales,124546.0
HSPI,quarterly,Q3 2019,Sales,110471.0
HSPI,quarterly,Q2 2019,Sales,191494.0
HSPI,quarterly,Q3 2020,Profit after Taxation,15839.0
HSPI,quarterly,Q1 2020,Profit after Taxation,4900.0
HSPI,quarterly,Q3 2019,Profit after Taxation,4781.0
HSPI,quarterly,Q2 2019,Profit after Taxation,-14152.0
HSPI,quarterly,Q3 2020,EPS,0.29
HSPI,quarterly,Q1 2020,EPS,0.09
HSPI,quarterly,Q3 2019,EPS,0.09
HSPI,quarterly,Q2 2019,EPS,-0.26
HSPI,annual,2022,Gross Profit Margin (%),-76.76
HSPI,annual,2021,Gross Profit Margin (%),-74.7
HSPI,annual,2020,Gross Profit Margin (%),21.5
HSPI,annual,2019,Gross Profit Margin (%),26.45
HSPI,annual,2022,Net Profit Margin (%),-80.17
HSPI,annual,2021,Net Profit Margin (%),-113.17
HSPI,annual,2020,Net Profit Margin (%),-1.78
HSPI,annual,2019,Net Profit Margin (%),0.44
HSPI,annual,2022,EPS Growth (%),2.02
HSPI,annual,2021,EPS Growth (%),-1700.0
HSPI,annual,2020,EPS Growth (%),-375.0
HSPI,annual,2019,EPS Growth (%),-96.72
HSPI,annual,2022,PEG,-2.55
HSPI,annual,2021,PEG,0.0
HSPI,annual,2020,PEG,0.37
HSPI,annual,2019,PEG,-3.48
HTL,annual,2026,Sales,36972702.0
HTL,annual,2025,Sales,33042903.0
HTL,annual,2024,Sales,24016482.0
HTL,annual,2023,Sales,15531692.0
HTL,annual,2026,Profit after Taxation,413222.0
HTL,annual,2025,Profit after Taxation,-318781.0
HTL,annual,2024,Profit after Taxation,111404.0
HTL,annual,2023,Profit after Taxation,-93413.0
HTL,annual,2026,EPS,2.97
HTL,annual,2025,EPS,-2.29
HTL,annual,2024,EPS,0.8
HTL,annual,2023,EPS,-0.67
HTL,quarterly,Q3 2026,Sales,8783329.0
HTL,quarterly,Q2 2026,Sales,8820396.0
HTL,quarterly,Q1 2026,Sales,8355770.0
HTL,quarterly,Q3 2025,Sales,7909224.0
HTL,quarterly,Q3 2026,Profit after Taxation,228255.0
HTL,quarterly,Q2 2026,Profit after Taxation,14603.0
HTL,quarterly,Q1 2026,Profit after Taxation,16567.0
HTL,quarterly,Q3 2025,Profit after Taxation,-117050.0
HTL,quarterly,Q3 2026,EPS,1.64
HTL,quarterly,Q2 2026,EPS,0.1
HTL,quarterly,Q1 2026,EPS,0.12
HTL,quarterly,Q3 2025,EPS,-0.84
HTL,annual,2026,Gross Profit Margin (%),8.4
HTL,annual,2025,Gross Profit Margin (%),6.17
HTL,annual,2024,Gross Profit Margin (%),6.02
HTL,annual,2023,Gross Profit Margin (%),10.22
HTL,annual,2026,Net Profit Margin (%),1.12
HTL,annual,2025,Net Profit Margin (%),-0.96
HTL,annual,2024,Net Profit Margin (%),0.46
HTL,annual,2023,Net Profit Margin (%),-0.6
HTL,annual,2026,EPS Growth (%),229.69
HTL,annual,2025,EPS Growth (%),-386.25
HTL,annual,2024,EPS Growth (%),219.4
HTL,annual,2023,EPS Growth (%),-112.64
HTL,annual,2026,PEG,0.06
HTL,annual,2025,PEG,0.05
HTL,annual,2024,PEG,0.2
HTL,annual,2023,PEG,0.28
HUBC,annual,2025,Sales,13209513.0
HUBC,annual,2024,Sales,41534404.0
HUBC,annual,2023,Sales,44516209.0
HUBC,annual,2026,Profit after Taxation,24467399.0
HUBC,annual,2025,Profit after Taxation,19079478.0
HUBC,annual,2024,Profit after Taxation,33879176.0
HUBC,annual,2023,Profit after Taxation,30941707.0
HUBC,annual,2026,EPS,18.86
HUBC,annual,2025,EPS,14.71
HUBC,annual,2024,EPS,26.12
HUBC,annual,2023,EPS,23.85
HUBC,quarterly,Q3 2026,Profit after Taxation,9273319.0
HUBC,quarterly,Q2 2026,Profit after Taxation,6750246.0
HUBC,quarterly,Q1 2026,Profit after Taxation,7894019.0
HUBC,quarterly,Q3 2025,Profit after Taxation,4962390.0
HUBC,quarterly,Q3 2026,EPS,7.15
HUBC,quarterly,Q2 2026,EPS,5.2
HUBC,quarterly,Q1 2026,EPS,6.09
HUBC,quarterly,Q3 2025,EPS,3.83
HUBC,annual,2025,Gross Profit Margin (%),68.57
HUBC,annual,2024,Gross Profit Margin (%),73.27
HUBC,annual,2023,Gross Profit Margin (%),57.6
HUBC,annual,2025,Net Profit Margin (%),144.44
HUBC,annual,2024,Net Profit Margin (%),81.57
HUBC,annual,2023,Net Profit Margin (%),69.51
HUBC,annual,2026,EPS Growth (%),28.21
HUBC,annual,2025,EPS Growth (%),-43.68
HUBC,annual,2024,EPS Growth (%),9.52
HUBC,annual,2023,EPS Growth (%),46.41
HUBC,annual,2026,PEG,0.44
HUBC,annual,2025,PEG,-0.21
HUBC,annual,2024,PEG,0.66
HUBC,annual,2023,PEG,0.06
HUMNL,annual,2026,Sales,6831724.0
HUMNL,annual,2025,Sales,8012805.0
HUMNL,annual,2024,Sales,8307666.0
HUMNL,annual,2023,Sales,6825586.0
HUMNL,annual,2026,Profit after Taxation,1202450.0
HUMNL,annual,2025,Profit after Taxation,2102987.0
HUMNL,annual,2024,Profit after Taxation,2610592.0
HUMNL,annual,2023,Profit after Taxation,2149239.0
HUMNL,annual,2026,EPS,1.06
HUMNL,annual,2025,EPS,1.85
HUMNL,annual,2024,EPS,2.3
HUMNL,annual,2023,EPS,1.9
HUMNL,quarterly,Q3 2026,Sales,1937379.0
HUMNL,quarterly,Q2 2026,Sales,2013081.0
HUMNL,quarterly,Q1 2026,Sales,1602475.0
HUMNL,quarterly,Q3 2025,Sales,2263198.0
HUMNL,quarterly,Q3 2026,Profit after Taxation,320697.0
HUMNL,quarterly,Q2 2026,Profit after Taxation,410406.0
HUMNL,quarterly,Q1 2026,Profit after Taxation,415151.0
HUMNL,quarterly,Q3 2025,Profit after Taxation,602421.0
HUMNL,quarterly,Q3 2026,EPS,0.28
HUMNL,quarterly,Q2 2026,EPS,0.36
HUMNL,quarterly,Q1 2026,EPS,0.37
HUMNL,quarterly,Q3 2025,EPS,0.53
HUMNL,annual,2026,Gross Profit Margin (%),34.24
HUMNL,annual,2025,Gross Profit Margin (%),46.17
HUMNL,annual,2024,Gross Profit Margin (%),50.34
HUMNL,annual,2023,Gross Profit Margin (%),46.28
HUMNL,annual,2026,Net Profit Margin (%),17.6
HUMNL,annual,2025,Net Profit Margin (%),26.25
HUMNL,annual,2024,Net Profit Margin (%),31.42
HUMNL,annual,2023,Net Profit Margin (%),31.49
HUMNL,annual,2026,EPS Growth (%),-42.7
HUMNL,annual,2025,EPS Growth (%),-19.57
HUMNL,annual,2024,EPS Growth (%),21.05
HUMNL,annual,2023,EPS Growth (%),58.33
HUMNL,annual,2026,PEG,-0.25
HUMNL,annual,2025,PEG,-0.35
HUMNL,annual,2024,PEG,0.21
HUMNL,annual,2023,PEG,0.05
HUSI,annual,2026,Sales,196292.0
HUSI,annual,2025,Sales,256095.0
HUSI,annual,2024,Sales,362868.0
HUSI,annual,2023,Sales,160603.0
HUSI,annual,2026,Profit after Taxation,23053.0
HUSI,annual,2025,Profit after Taxation,28296.0
HUSI,annual,2024,Profit after Taxation,30347.0
HUSI,annual,2023,Profit after Taxation,21067.0
HUSI,quarterly,Q3 2026,Sales,49432.0
HUSI,quarterly,Q2 2026,Sales,49640.0
HUSI,quarterly,Q1 2026,Sales,51011.0
HUSI,quarterly,Q3 2025,Sales,49916.0
HUSI,quarterly,Q3 2026,Profit after Taxation,21768.0
HUSI,quarterly,Q2 2026,Profit after Taxation,10096.0
HUSI,quarterly,Q1 2026,Profit after Taxation,19793.0
HUSI,quarterly,Q3 2025,Profit after Taxation,16279.0
HUSI,annual,2026,Gross Profit Margin (%),44.59
HUSI,annual,2025,Gross Profit Margin (%),47.79
HUSI,annual,2024,Gross Profit Margin (%),35.04
HUSI,annual,2023,Gross Profit Margin (%),58.99
HUSI,annual,2026,Net Profit Margin (%),11.74
HUSI,annual,2025,Net Profit Margin (%),11.05
HUSI,annual,2024,Net Profit Margin (%),8.36
HUSI,annual,2023,Net Profit Margin (%),13.12
HUSI,annual,2026,EPS Growth (%),-18.42
HUSI,annual,2025,EPS Growth (%),-6.99
HUSI,annual,2024,EPS Growth (%),44.44
HUSI,annual,2023,EPS Growth (%),-64.96
HUSI,annual,2026,PEG,-1.63
HUSI,annual,2025,PEG,-1.5
HUSI,annual,2024,PEG,0.13
HUSI,annual,2023,PEG,-0.11
HWQS,annual,2025,Profit after Taxation,-245105.0
HWQS,annual,2024,Profit after Taxation,-296846.0
HWQS,annual,2023,Profit after Taxation,-466345.0
HWQS,annual,2022,Profit after Taxation,-184955.0
HWQS,annual,2025,EPS,-7.56
HWQS,annual,2024,EPS,-9.16
HWQS,annual,2023,EPS,-14.39
HWQS,annual,2022,EPS,-5.71
HWQS,quarterly,Q3 2026,Profit after Taxation,-65959.0
HWQS,quarterly,Q2 2026,Profit after Taxation,-166848.0
HWQS,quarterly,Q1 2026,Profit after Taxation,91528.0
HWQS,quarterly,Q3 2025,Profit after Taxation,-37244.0
HWQS,quarterly,Q3 2026,EPS,-2.04
HWQS,quarterly,Q2 2026,EPS,-5.15
HWQS,quarterly,Q1 2026,EPS,2.82
HWQS,quarterly,Q3 2025,EPS,-1.15
HWQS,annual,2025,EPS Growth (%),17.47
HWQS,annual,2024,EPS Growth (%),36.34
HWQS,annual,2023,EPS Growth (%),-152.01
HWQS,annual,2022,EPS Growth (%),40.08
HWQS,annual,2025,PEG,-0.14
HWQS,annual,2024,PEG,-0.03
HWQS,annual,2023,PEG,0.0
HWQS,annual,2022,PEG,-0.01
IBFL,annual,2025,Sales,104457361.0
IBFL,annual,2024,Sales,120667925.0
IBFL,annual,2023,Sales,119761927.0
IBFL,annual,2022,Sales,115581020.0
IBFL,annual,2025,Profit after Taxation,932914.0
IBFL,annual,2024,Profit after Taxation,2360116.0
IBFL,annual,2023,Profit after Taxation,303503.0
IBFL,annual,2022,Profit after Taxation,5310545.0
IBFL,annual,2025,EPS,3.0
IBFL,annual,2024,EPS,7.6
IBFL,annual,2023,EPS,0.98
IBFL,annual,2022,EPS,17.1
IBFL,quarterly,Q2 2026,Sales,24933436.0
IBFL,quarterly,Q1 2026,Sales,28886708.0
IBFL,quarterly,Q3 2025,Sales,24908082.0
IBFL,quarterly,Q2 2025,Sales,25606989.0
IBFL,quarterly,Q2 2026,Profit after Taxation,-583013.0
IBFL,quarterly,Q1 2026,Profit after Taxation,-320189.0
IBFL,quarterly,Q3 2025,Profit after Taxation,151843.0
IBFL,quarterly,Q2 2025,Profit after Taxation,364047.0
IBFL,quarterly,Q2 2026,EPS,-1.88
IBFL,quarterly,Q1 2026,EPS,-1.03
IBFL,quarterly,Q3 2025,EPS,0.49
IBFL,quarterly,Q2 2025,EPS,1.17
IBFL,annual,2025,Gross Profit Margin (%),7.69
IBFL,annual,2024,Gross Profit Margin (%),8.07
IBFL,annual,2023,Gross Profit Margin (%),7.49
IBFL,annual,2022,Gross Profit Margin (%),11.68
IBFL,annual,2025,Net Profit Margin (%),0.89
IBFL,annual,2024,Net Profit Margin (%),1.96
IBFL,annual,2023,Net Profit Margin (%),0.25
IBFL,annual,2022,Net Profit Margin (%),4.59
IBFL,annual,2025,EPS Growth (%),-60.53
IBFL,annual,2024,EPS Growth (%),675.51
IBFL,annual,2023,EPS Growth (%),-94.27
IBFL,annual,2022,EPS Growth (%),-19.3
IBFL,annual,2025,PEG,-1.57
IBFL,annual,2024,PEG,0.07
IBFL,annual,2023,PEG,-3.94
IBFL,annual,2022,PEG,-0.65
IBLHL,annual,2026,Sales,4607109.0
IBLHL,annual,2025,Sales,4322471.0
IBLHL,annual,2024,Sales,3603359.0
IBLHL,annual,2023,Sales,4027874.0
IBLHL,annual,2026,Profit after Taxation,220402.0
IBLHL,annual,2025,Profit after Taxation,208371.0
IBLHL,annual,2024,Profit after Taxation,7555.0
IBLHL,annual,2023,Profit after Taxation,308963.0
IBLHL,annual,2026,EPS,2.24
IBLHL,annual,2025,EPS,2.11
IBLHL,annual,2024,EPS,0.09
IBLHL,annual,2023,EPS,3.61
IBLHL,quarterly,Q3 2026,Sales,1212720.0
IBLHL,quarterly,Q2 2026,Sales,971147.0
IBLHL,quarterly,Q1 2026,Sales,1120918.0
IBLHL,quarterly,Q3 2025,Sales,948027.0
IBLHL,quarterly,Q3 2026,Profit after Taxation,61889.0
IBLHL,quarterly,Q2 2026,Profit after Taxation,35907.0
IBLHL,quarterly,Q1 2026,Profit after Taxation,69688.0
IBLHL,quarterly,Q3 2025,Profit after Taxation,35444.0
IBLHL,quarterly,Q3 2026,EPS,0.63
IBLHL,quarterly,Q2 2026,EPS,0.36
IBLHL,quarterly,Q1 2026,EPS,0.81
IBLHL,quarterly,Q3 2025,EPS,0.36
IBLHL,annual,2026,Gross Profit Margin (%),35.7
IBLHL,annual,2025,Gross Profit Margin (%),33.48
IBLHL,annual,2024,Gross Profit Margin (%),26.41
IBLHL,annual,2023,Gross Profit Margin (%),33.28
IBLHL,annual,2026,Net Profit Margin (%),4.78
IBLHL,annual,2025,Net Profit Margin (%),4.82
IBLHL,annual,2024,Net Profit Margin (%),0.21
IBLHL,annual,2023,Net Profit Margin (%),7.67
IBLHL,annual,2026,EPS Growth (%),6.16
IBLHL,annual,2025,EPS Growth (%),2244.44
IBLHL,annual,2024,EPS Growth (%),-97.51
IBLHL,annual,2023,EPS Growth (%),-14.86
IBLHL,annual,2026,PEG,3.84
IBLHL,annual,2025,PEG,0.01
IBLHL,annual,2024,PEG,-3.52
IBLHL,annual,2023,PEG,-0.61
ICCI,annual,2026,Sales,65233.0
ICCI,annual,2025,Sales,50148.0
ICCI,annual,2024,Sales,52974.0
ICCI,annual,2023,Sales,45322.0
ICCI,annual,2026,Profit after Taxation,9623.0
ICCI,annual,2025,Profit after Taxation,-16538.0
ICCI,annual,2024,Profit after Taxation,-11648.0
ICCI,annual,2023,Profit after Taxation,-5206.0
ICCI,annual,2026,EPS,0.32
ICCI,annual,2025,EPS,-0.55
ICCI,annual,2024,EPS,-0.39
ICCI,annual,2023,EPS,-0.17
ICCI,quarterly,Q3 2026,Sales,22963.0
ICCI,quarterly,Q2 2026,Sales,14992.0
ICCI,quarterly,Q1 2026,Sales,15829.0
ICCI,quarterly,Q3 2025,Sales,15176.0
ICCI,quarterly,Q3 2026,Profit after Taxation,4431.0
ICCI,quarterly,Q2 2026,Profit after Taxation,-4833.0
ICCI,quarterly,Q1 2026,Profit after Taxation,1768.0
ICCI,quarterly,Q3 2025,Profit after Taxation,-684.0
ICCI,quarterly,Q3 2026,EPS,0.15
ICCI,quarterly,Q2 2026,EPS,-0.16
ICCI,quarterly,Q1 2026,EPS,0.06
ICCI,quarterly,Q3 2025,EPS,-0.02
ICCI,annual,2026,Gross Profit Margin (%),46.77
ICCI,annual,2025,Gross Profit Margin (%),59.94
ICCI,annual,2024,Gross Profit Margin (%),62.08
ICCI,annual,2023,Gross Profit Margin (%),65.46
ICCI,annual,2026,Net Profit Margin (%),14.75
ICCI,annual,2025,Net Profit Margin (%),-32.98
ICCI,annual,2024,Net Profit Margin (%),-21.99
ICCI,annual,2023,Net Profit Margin (%),-11.49
ICCI,annual,2026,EPS Growth (%),158.18
ICCI,annual,2025,EPS Growth (%),-41.03
ICCI,annual,2024,EPS Growth (%),-129.41
ICCI,annual,2023,EPS Growth (%),-254.55
ICCI,annual,2026,PEG,0.27
ICCI,annual,2025,PEG,0.57
ICCI,annual,2024,PEG,0.15
ICCI,annual,2023,PEG,0.04
ICCT,annual,2019,Sales,23462.0
ICCT,annual,2018,Sales,15363.0
ICCT,annual,2017,Sales,9910.0
ICCT,annual,2016,Sales,443604.0
ICCT,annual,2019,Profit after Taxation,4393.0
ICCT,annual,2018,Profit after Taxation,16034.0
ICCT,annual,2017,Profit after Taxation,4739.0
ICCT,annual,2019,EPS,0.15
ICCT,annual,2018,EPS,0.53
ICCT,annual,2017,EPS,0.16
ICCT,annual,2019,Gross Profit Margin (%),51.64
ICCT,annual,2018,Gross Profit Margin (%),20.87
ICCT,annual,2017,Gross Profit Margin (%),100.0
ICCT,annual,2016,Gross Profit Margin (%),-29.45
ICCT,annual,2019,Net Profit Margin (%),18.72
ICCT,annual,2018,Net Profit Margin (%),104.36
ICCT,annual,2017,Net Profit Margin (%),47.82
ICCT,annual,2019,EPS Growth (%),-71.7
ICCT,annual,2018,EPS Growth (%),231.25
ICCT,annual,2019,PEG,-0.18
ICCT,annual,2018,PEG,0.02
ICI,annual,2022,Sales,86972178.0
ICI,annual,2021,Sales,62617966.0
ICI,annual,2020,Sales,53598537.0
ICI,annual,2019,Sales,58328849.0
ICI,annual,2022,Profit after Taxation,6248587.0
ICI,annual,2021,Profit after Taxation,5959446.0
ICI,annual,2020,Profit after Taxation,3029004.0
ICI,annual,2019,Profit after Taxation,2304912.0
ICI,annual,2022,EPS,67.66
ICI,annual,2021,EPS,64.52
ICI,annual,2020,EPS,32.8
ICI,annual,2019,EPS,24.96
ICI,quarterly,Q1 2023,Sales,24231830.0
ICI,quarterly,Q3 2022,Sales,22501776.0
ICI,quarterly,Q2 2022,Sales,21752520.0
ICI,quarterly,Q1 2022,Sales,18186717.0
ICI,quarterly,Q1 2023,Profit after Taxation,1915563.0
ICI,quarterly,Q3 2022,Profit after Taxation,1896891.0
ICI,quarterly,Q2 2022,Profit after Taxation,2022145.0
ICI,quarterly,Q1 2022,Profit after Taxation,1547076.0
ICI,quarterly,Q1 2023,EPS,20.74
ICI,quarterly,Q3 2022,EPS,20.54
ICI,quarterly,Q2 2022,EPS,21.89
ICI,quarterly,Q1 2022,EPS,16.75
ICI,annual,2022,Gross Profit Margin (%),21.41
ICI,annual,2021,Gross Profit Margin (%),22.91
ICI,annual,2020,Gross Profit Margin (%),19.52
ICI,annual,2019,Gross Profit Margin (%),16.2
ICI,annual,2022,Net Profit Margin (%),7.18
ICI,annual,2021,Net Profit Margin (%),9.52
ICI,annual,2020,Net Profit Margin (%),5.65
ICI,annual,2019,Net Profit Margin (%),3.95
ICI,annual,2022,EPS Growth (%),4.87
ICI,annual,2021,EPS Growth (%),96.71
ICI,annual,2020,EPS Growth (%),31.41
ICI,annual,2019,EPS Growth (%),-24.66
ICI,annual,2022,PEG,2.2
ICI,annual,2021,PEG,0.14
ICI,annual,2020,PEG,0.67
ICI,annual,2019,PEG,-0.84
ICIBL,annual,2026,Total Income,160155.0
ICIBL,annual,2025,Total Income,181536.0
ICIBL,annual,2024,Total Income,155576.0
ICIBL,annual,2023,Total Income,130796.0
ICIBL,annual,2026,Profit after Taxation,87523.0
ICIBL,annual,2025,Profit after Taxation,126742.0
ICIBL,annual,2024,Profit after Taxation,124619.0
ICIBL,annual,2023,Profit after Taxation,89760.0
ICIBL,annual,2026,EPS,2.03
ICIBL,annual,2025,EPS,2.94
ICIBL,annual,2024,EPS,0.44
ICIBL,annual,2023,EPS,0.32
ICIBL,quarterly,Q3 2026,Total Income,40462.0
ICIBL,quarterly,Q2 2026,Total Income,38210.0
ICIBL,quarterly,Q1 2026,Total Income,28486.0
ICIBL,quarterly,Q3 2025,Total Income,42848.0
ICIBL,quarterly,Q3 2026,Profit after Taxation,30595.0
ICIBL,quarterly,Q2 2026,Profit after Taxation,25986.0
ICIBL,quarterly,Q1 2026,Profit after Taxation,20404.0
ICIBL,quarterly,Q3 2025,Profit after Taxation,51356.0
ICIBL,quarterly,Q3 2026,EPS,0.11
ICIBL,quarterly,Q2 2026,EPS,0.09
ICIBL,quarterly,Q1 2026,EPS,0.07
ICIBL,quarterly,Q3 2025,EPS,0.13
ICIBL,annual,2026,Net Profit Margin (%),54.65
ICIBL,annual,2025,Net Profit Margin (%),69.82
ICIBL,annual,2024,Net Profit Margin (%),80.1
ICIBL,annual,2023,Net Profit Margin (%),68.63
ICIBL,annual,2026,EPS Growth (%),-30.94
ICIBL,annual,2025,EPS Growth (%),573.68
ICIBL,annual,2024,EPS Growth (%),38.73
ICIBL,annual,2023,EPS Growth (%),-5.69
ICIBL,annual,2026,PEG,-0.07
ICIBL,annual,2025,PEG,0.01
ICIBL,annual,2024,PEG,0.08
ICIBL,annual,2023,PEG,-0.55
ICL,annual,2026,Sales,34307359.0
ICL,annual,2025,Sales,27857090.0
ICL,annual,2024,Sales,24314588.0
ICL,annual,2023,Sales,24268283.0
ICL,annual,2026,Profit after Taxation,1557890.0
ICL,annual,2025,Profit after Taxation,1297806.0
ICL,annual,2024,Profit after Taxation,1385752.0
ICL,annual,2023,Profit after Taxation,1826196.0
ICL,annual,2026,EPS,15.58
ICL,annual,2025,EPS,12.98
ICL,annual,2024,EPS,13.86
ICL,annual,2023,EPS,18.26
ICL,quarterly,Q3 2026,Sales,8266848.0
ICL,quarterly,Q2 2026,Sales,7991689.0
ICL,quarterly,Q1 2026,Sales,7865947.0
ICL,quarterly,Q3 2025,Sales,7196535.0
ICL,quarterly,Q3 2026,Profit after Taxation,280810.0
ICL,quarterly,Q2 2026,Profit after Taxation,426948.0
ICL,quarterly,Q1 2026,Profit after Taxation,347566.0
ICL,quarterly,Q3 2025,Profit after Taxation,313450.0
ICL,quarterly,Q3 2026,EPS,2.81
ICL,quarterly,Q2 2026,EPS,4.27
ICL,quarterly,Q1 2026,EPS,3.48
ICL,quarterly,Q3 2025,EPS,3.13
ICL,annual,2026,Gross Profit Margin (%),15.43
ICL,annual,2025,Gross Profit Margin (%),17.92
ICL,annual,2024,Gross Profit Margin (%),19.79
ICL,annual,2023,Gross Profit Margin (%),20.58
ICL,annual,2026,Net Profit Margin (%),4.54
ICL,annual,2025,Net Profit Margin (%),4.66
ICL,annual,2024,Net Profit Margin (%),5.7
ICL,annual,2023,Net Profit Margin (%),7.53
ICL,annual,2026,EPS Growth (%),20.03
ICL,annual,2025,EPS Growth (%),-6.35
ICL,annual,2024,EPS Growth (%),-24.1
ICL,annual,2023,EPS Growth (%),340.0
ICL,annual,2026,PEG,0.49
ICL,annual,2025,PEG,-0.95
ICL,annual,2024,PEG,-0.14
ICL,annual,2023,PEG,0.01
IDEAL,annual,2026,Sales,1327751.0
IDEAL,annual,2025,Sales,1513805.0
IDEAL,annual,2024,Sales,5559463.0
IDEAL,annual,2023,Sales,6859842.0
IDEAL,annual,2026,Profit after Taxation,-69610.0
IDEAL,annual,2025,Profit after Taxation,-423559.0
IDEAL,annual,2024,Profit after Taxation,-322240.0
IDEAL,annual,2023,Profit after Taxation,-554070.0
IDEAL,annual,2026,EPS,-6.41
IDEAL,annual,2025,EPS,-26.53
IDEAL,annual,2024,EPS,-32.48
IDEAL,annual,2023,EPS,-55.85
IDEAL,quarterly,Q3 2026,Sales,326858.0
IDEAL,quarterly,Q2 2026,Sales,259628.0
IDEAL,quarterly,Q1 2026,Sales,356861.0
IDEAL,quarterly,Q3 2025,Sales,352661.0
IDEAL,quarterly,Q3 2026,Profit after Taxation,-14591.0
IDEAL,quarterly,Q2 2026,Profit after Taxation,-54464.0
IDEAL,quarterly,Q1 2026,Profit after Taxation,5656.0
IDEAL,quarterly,Q3 2025,Profit after Taxation,-67464.0
IDEAL,quarterly,Q3 2026,EPS,-1.47
IDEAL,quarterly,Q2 2026,EPS,-3.77
IDEAL,quarterly,Q1 2026,EPS,0.57
IDEAL,quarterly,Q3 2025,EPS,-6.8
IDEAL,annual,2026,Gross Profit Margin (%),20.42
IDEAL,annual,2025,Gross Profit Margin (%),10.9
IDEAL,annual,2024,Gross Profit Margin (%),3.74
IDEAL,annual,2023,Gross Profit Margin (%),2.78
IDEAL,annual,2026,Net Profit Margin (%),-5.24
IDEAL,annual,2025,Net Profit Margin (%),-27.98
IDEAL,annual,2024,Net Profit Margin (%),-5.8
IDEAL,annual,2023,Net Profit Margin (%),-8.08
IDEAL,annual,2026,EPS Growth (%),75.84
IDEAL,annual,2025,EPS Growth (%),18.32
IDEAL,annual,2024,EPS Growth (%),41.84
IDEAL,annual,2023,EPS Growth (%),-271.53
IDEAL,annual,2026,PEG,-0.14
IDEAL,annual,2025,PEG,-0.04
IDEAL,annual,2024,PEG,-0.01
IDEAL,annual,2023,PEG,0.0
IDRT,annual,2025,Sales,5201690.0
IDRT,annual,2024,Sales,6449761.0
IDRT,annual,2023,Sales,4200141.0
IDRT,annual,2022,Sales,5166171.0
IDRT,annual,2025,Profit after Taxation,-394765.0
IDRT,annual,2024,Profit after Taxation,-194389.0
IDRT,annual,2023,Profit after Taxation,-12494.0
IDRT,annual,2022,Profit after Taxation,432007.0
IDRT,annual,2025,EPS,-19.88
IDRT,annual,2024,EPS,-9.79
IDRT,annual,2023,EPS,-0.63
IDRT,annual,2022,EPS,21.76
IDRT,quarterly,Q3 2026,Sales,930120.0
IDRT,quarterly,Q2 2025,Sales,1216420.0
IDRT,quarterly,Q1 2026,Sales,934655.0
IDRT,quarterly,Q3 2025,Sales,1392229.0
IDRT,quarterly,Q3 2026,Profit after Taxation,-35767.0
IDRT,quarterly,Q2 2025,Profit after Taxation,-28846.0
IDRT,quarterly,Q1 2026,Profit after Taxation,-13877.0
IDRT,quarterly,Q3 2025,Profit after Taxation,-49077.0
IDRT,quarterly,Q3 2026,EPS,-1.8
IDRT,quarterly,Q2 2025,EPS,-1.45
IDRT,quarterly,Q1 2026,EPS,-0.7
IDRT,quarterly,Q3 2025,EPS,-2.47
IDRT,annual,2025,Gross Profit Margin (%),6.12
IDRT,annual,2024,Gross Profit Margin (%),9.59
IDRT,annual,2023,Gross Profit Margin (%),10.0
IDRT,annual,2022,Gross Profit Margin (%),15.46
IDRT,annual,2025,Net Profit Margin (%),-7.59
IDRT,annual,2024,Net Profit Margin (%),-3.01
IDRT,annual,2023,Net Profit Margin (%),-0.3
IDRT,annual,2022,Net Profit Margin (%),8.36
IDRT,annual,2025,EPS Growth (%),-103.06
IDRT,annual,2024,EPS Growth (%),-1453.97
IDRT,annual,2023,EPS Growth (%),-102.9
IDRT,annual,2022,EPS Growth (%),170.31
IDRT,annual,2025,PEG,0.01
IDRT,annual,2024,PEG,0.0
IDRT,annual,2023,PEG,0.2
IDRT,annual,2022,PEG,0.0
IDSM,annual,2025,Sales,3583528.0
IDSM,annual,2024,Sales,5559463.0
IDSM,annual,2023,Sales,6859842.0
IDSM,annual,2022,Sales,6095257.0
IDSM,annual,2025,Profit after Taxation,-423559.0
IDSM,annual,2024,Profit after Taxation,-322240.0
IDSM,annual,2023,Profit after Taxation,-554070.0
IDSM,annual,2022,Profit after Taxation,323033.0
IDSM,annual,2025,EPS,-42.7
IDSM,annual,2024,EPS,-32.48
IDSM,annual,2023,EPS,-55.85
IDSM,annual,2022,EPS,32.56
IDSM,quarterly,Q3 2026,Sales,326858.0
IDSM,quarterly,Q2 2026,Sales,259628.0
IDSM,quarterly,Q1 2026,Sales,356861.0
IDSM,quarterly,Q3 2025,Sales,352661.0
IDSM,quarterly,Q3 2026,Profit after Taxation,-14591.0
IDSM,quarterly,Q2 2026,Profit after Taxation,-54464.0
IDSM,quarterly,Q1 2026,Profit after Taxation,5656.0
IDSM,quarterly,Q3 2025,Profit after Taxation,-67464.0
IDSM,quarterly,Q3 2026,EPS,-1.47
IDSM,quarterly,Q2 2026,EPS,-3.77
IDSM,quarterly,Q1 2026,EPS,0.57
IDSM,quarterly,Q3 2025,EPS,-6.8
IDSM,annual,2025,Gross Profit Margin (%),2.29
IDSM,annual,2024,Gross Profit Margin (%),3.74
IDSM,annual,2023,Gross Profit Margin (%),2.78
IDSM,annual,2022,Gross Profit Margin (%),18.04
IDSM,annual,2025,Net Profit Margin (%),-11.82
IDSM,annual,2024,Net Profit Margin (%),-5.8
IDSM,annual,2023,Net Profit Margin (%),-8.08
IDSM,annual,2022,Net Profit Margin (%),5.3
IDSM,annual,2025,EPS Growth (%),-31.47
IDSM,annual,2024,EPS Growth (%),41.84
IDSM,annual,2023,EPS Growth (%),-271.53
IDSM,annual,2022,EPS Growth (%),59.69
IDSM,annual,2025,PEG,0.01
IDSM,annual,2024,PEG,-0.01
IDSM,annual,2023,PEG,0.0
IDSM,annual,2022,PEG,0.02
IDYM,annual,2026,Sales,71775287.0
IDYM,annual,2025,Sales,66236197.0
IDYM,annual,2024,Sales,67707784.0
IDYM,annual,2023,Sales,49318539.0
IDYM,annual,2026,Profit after Taxation,1424893.0
IDYM,annual,2025,Profit after Taxation,475330.0
IDYM,annual,2024,Profit after Taxation,72995.0
IDYM,annual,2023,Profit after Taxation,707952.0
IDYM,annual,2026,EPS,26.28
IDYM,annual,2025,EPS,8.77
IDYM,annual,2024,EPS,1.35
IDYM,annual,2023,EPS,13.06
IDYM,quarterly,Q3 2026,Sales,18382859.0
IDYM,quarterly,Q2 2026,Sales,16316261.0
IDYM,quarterly,Q1 2026,Sales,17137773.0
IDYM,quarterly,Q3 2025,Sales,17711816.0
IDYM,quarterly,Q3 2026,Profit after Taxation,-160892.0
IDYM,quarterly,Q2 2026,Profit after Taxation,31677.0
IDYM,quarterly,Q1 2026,Profit after Taxation,540673.0
IDYM,quarterly,Q3 2025,Profit after Taxation,423513.0
IDYM,quarterly,Q3 2026,EPS,-2.97
IDYM,quarterly,Q2 2026,EPS,0.58
IDYM,quarterly,Q1 2026,EPS,9.97
IDYM,quarterly,Q3 2025,EPS,7.81
IDYM,annual,2026,Gross Profit Margin (%),7.89
IDYM,annual,2025,Gross Profit Margin (%),5.45
IDYM,annual,2024,Gross Profit Margin (%),6.02
IDYM,annual,2023,Gross Profit Margin (%),7.46
IDYM,annual,2026,Net Profit Margin (%),1.99
IDYM,annual,2025,Net Profit Margin (%),0.72
IDYM,annual,2024,Net Profit Margin (%),0.11
IDYM,annual,2023,Net Profit Margin (%),1.44
IDYM,annual,2026,EPS Growth (%),199.66
IDYM,annual,2025,EPS Growth (%),549.63
IDYM,annual,2024,EPS Growth (%),-89.66
IDYM,annual,2023,EPS Growth (%),-90.79
IDYM,annual,2026,PEG,0.03
IDYM,annual,2025,PEG,0.04
IDYM,annual,2024,PEG,-1.0
IDYM,annual,2023,PEG,-0.1
IFSL,annual,2016,Total Income,83521.0
IFSL,annual,2015,Total Income,226901.0
IFSL,annual,2014,Total Income,276076.0
IFSL,annual,2013,Total Income,320967.0
IFSL,annual,2016,Profit after Taxation,-9672.0
IFSL,annual,2015,Profit after Taxation,138524.0
IFSL,annual,2014,Profit after Taxation,191319.0
IFSL,annual,2013,Profit after Taxation,230028.0
IFSL,annual,2016,EPS,-0.48
IFSL,annual,2015,EPS,5.66
IFSL,annual,2014,EPS,4.06
IFSL,annual,2013,EPS,3.48
IFSL,annual,2016,EPS Growth (%),-108.48
IFSL,annual,2015,EPS Growth (%),39.41
IFSL,annual,2014,EPS Growth (%),16.67
IFSL,annual,2013,EPS Growth (%),5.45
IFSL,annual,2016,PEG,0.72
IFSL,annual,2015,PEG,0.14
IFSL,annual,2014,PEG,0.23
IFSL,annual,2013,PEG,0.69
IGIBL,annual,2016,Total Income,14780.0
IGIBL,annual,2015,Total Income,46999.0
IGIBL,annual,2014,Total Income,33229.0
IGIBL,annual,2013,Total Income,177609.0
IGIBL,annual,2016,Profit after Taxation,-226.0
IGIBL,annual,2015,Profit after Taxation,17504.0
IGIBL,annual,2014,Profit after Taxation,-135718.0
IGIBL,annual,2013,Profit after Taxation,-1082873.0
IGIBL,annual,2016,EPS,0.0
IGIBL,annual,2015,EPS,0.08
IGIBL,annual,2014,EPS,-0.64
IGIBL,annual,2013,EPS,-5.11
IGIBL,annual,2016,EPS Growth (%),-100.0
IGIBL,annual,2015,EPS Growth (%),112.5
IGIBL,annual,2014,EPS Growth (%),87.48
IGIBL,annual,2013,EPS Growth (%),-386.67
IGIBL,annual,2015,PEG,0.19
IGIBL,annual,2014,PEG,-0.03
IGIBL,annual,2013,PEG,0.0
IGIHL,annual,2025,Profit after Taxation,1811892.0
IGIHL,annual,2024,Profit after Taxation,1351826.0
IGIHL,annual,2023,Profit after Taxation,1317609.0
IGIHL,annual,2022,Profit after Taxation,911792.0
IGIHL,annual,2025,EPS,12.7
IGIHL,annual,2024,EPS,9.48
IGIHL,annual,2023,EPS,9.24
IGIHL,annual,2022,EPS,6.39
IGIHL,quarterly,Q2 2026,Total Income,589690.0
IGIHL,quarterly,Q1 2026,Total Income,1348.0
IGIHL,quarterly,Q3 2025,Total Income,805710.0
IGIHL,quarterly,Q2 2025,Total Income,734602.0
IGIHL,quarterly,Q2 2026,Profit after Taxation,478189.0
IGIHL,quarterly,Q1 2026,Profit after Taxation,-93969.0
IGIHL,quarterly,Q3 2025,Profit after Taxation,597275.0
IGIHL,quarterly,Q2 2025,Profit after Taxation,573587.0
IGIHL,quarterly,Q2 2026,EPS,3.35
IGIHL,quarterly,Q1 2026,EPS,-0.66
IGIHL,quarterly,Q3 2025,EPS,4.19
IGIHL,quarterly,Q2 2025,EPS,4.02
IGIHL,annual,2025,EPS Growth (%),33.97
IGIHL,annual,2024,EPS Growth (%),2.6
IGIHL,annual,2023,EPS Growth (%),44.6
IGIHL,annual,2022,EPS Growth (%),-16.36
IGIHL,annual,2025,PEG,0.59
IGIHL,annual,2024,PEG,7.07
IGIHL,annual,2023,PEG,0.27
IGIHL,annual,2022,PEG,-0.91
IGIIL,annual,2017,Profit after Taxation,-246394.0
IGIIL,annual,2016,Profit after Taxation,1433875.0
IGIIL,annual,2015,Profit after Taxation,1293046.0
IGIIL,annual,2014,Profit after Taxation,822801.0
IGIIL,annual,2017,EPS,-2.01
IGIIL,annual,2016,EPS,11.69
IGIIL,annual,2015,EPS,10.54
IGIIL,annual,2014,EPS,6.71
IGIIL,quarterly,Q3 2017,Profit after Taxation,-4701.0
IGIIL,quarterly,Q2 2017,Profit after Taxation,52566.0
IGIIL,quarterly,Q1 2017,Profit after Taxation,-24493.0
IGIIL,quarterly,Q3 2016,Profit after Taxation,339838.0
IGIIL,quarterly,Q3 2017,EPS,-0.04
IGIIL,quarterly,Q2 2017,EPS,0.43
IGIIL,quarterly,Q1 2017,EPS,-0.2
IGIIL,quarterly,Q3 2016,EPS,2.77
IGIIL,annual,2015,Gross Profit Margin (%),23.0
IGIIL,annual,2014,Gross Profit Margin (%),19.92
IGIIL,annual,2015,Net Profit Margin (%),115.25
IGIIL,annual,2014,Net Profit Margin (%),78.74
IGIIL,annual,2017,EPS Growth (%),-117.19
IGIIL,annual,2016,EPS Growth (%),10.91
IGIIL,annual,2015,EPS Growth (%),57.08
IGIIL,annual,2014,EPS Growth (%),-7.96
IGIIL,annual,2017,PEG,1.26
IGIIL,annual,2016,PEG,2.3
IGIIL,annual,2015,PEG,0.39
IGIIL,annual,2014,PEG,-5.07
IGIL,annual,2025,Profit after Taxation,423374.0
IGIL,annual,2024,Profit after Taxation,278902.0
IGIL,annual,2023,Profit after Taxation,142699.0
IGIL,annual,2022,Profit after Taxation,42031.0
IGIL,annual,2025,EPS,2.48
IGIL,annual,2024,EPS,1.64
IGIL,annual,2023,EPS,0.84
IGIL,annual,2022,EPS,0.25
IGIL,quarterly,Q2 2026,Profit after Taxation,77689.0
IGIL,quarterly,Q1 2026,Profit after Taxation,79514.0
IGIL,quarterly,Q3 2025,Profit after Taxation,70281.0
IGIL,quarterly,Q2 2025,Profit after Taxation,98854.0
IGIL,quarterly,Q2 2026,EPS,0.46
IGIL,quarterly,Q1 2026,EPS,0.47
IGIL,quarterly,Q3 2025,EPS,0.41
IGIL,quarterly,Q2 2025,EPS,0.58
IGIL,annual,2025,Net Profit Margin (%),3.11
IGIL,annual,2024,Net Profit Margin (%),2.13
IGIL,annual,2023,Net Profit Margin (%),1.86
IGIL,annual,2022,Net Profit Margin (%),0.72
IGIL,annual,2025,EPS Growth (%),51.22
IGIL,annual,2024,EPS Growth (%),95.24
IGIL,annual,2023,EPS Growth (%),236.0
IGIL,annual,2022,EPS Growth (%),112.2
IGIL,annual,2024,PEG,0.1
IGIL,annual,2023,PEG,0.06
IGIL,annual,2022,PEG,0.34
ILP,annual,2026,Sales,182843131.0
ILP,annual,2025,Sales,173381533.0
ILP,annual,2024,Sales,156128865.0
ILP,annual,2023,Sales,119200293.0
ILP,annual,2026,Profit after Taxation,13153946.0
ILP,annual,2025,Profit after Taxation,5376599.0
ILP,annual,2024,Profit after Taxation,15771267.0
ILP,annual,2023,Profit after Taxation,20171845.0
ILP,annual,2026,EPS,9.38
ILP,annual,2025,EPS,3.84
ILP,annual,2024,EPS,11.25
ILP,annual,2023,EPS,14.39
ILP,quarterly,Q3 2026,Sales,39872426.0
ILP,quarterly,Q2 2026,Sales,43644125.0
ILP,quarterly,Q1 2026,Sales,43774357.0
ILP,quarterly,Q3 2025,Sales,41437122.0
ILP,quarterly,Q3 2026,Profit after Taxation,3073766.0
ILP,quarterly,Q2 2026,Profit after Taxation,3470977.0
ILP,quarterly,Q1 2026,Profit after Taxation,2797433.0
ILP,quarterly,Q3 2025,Profit after Taxation,1337181.0
ILP,quarterly,Q3 2026,EPS,2.19
ILP,quarterly,Q2 2026,EPS,2.47
ILP,quarterly,Q1 2026,EPS,2.0
ILP,quarterly,Q3 2025,EPS,0.95
ILP,annual,2026,Gross Profit Margin (%),22.98
ILP,annual,2025,Gross Profit Margin (%),20.29
ILP,annual,2024,Gross Profit Margin (%),27.89
ILP,annual,2023,Gross Profit Margin (%),33.45
ILP,annual,2026,Net Profit Margin (%),7.19
ILP,annual,2025,Net Profit Margin (%),3.1
ILP,annual,2024,Net Profit Margin (%),10.1
ILP,annual,2023,Net Profit Margin (%),16.92
ILP,annual,2026,EPS Growth (%),144.27
ILP,annual,2025,EPS Growth (%),-65.87
ILP,annual,2024,EPS Growth (%),-21.82
ILP,annual,2023,EPS Growth (%),63.15
ILP,annual,2026,PEG,0.08
ILP,annual,2025,PEG,-0.27
ILP,annual,2024,PEG,-0.29
ILP,annual,2023,PEG,0.04
ILTM,annual,2020,Sales,6749399.0
ILTM,annual,2019,Sales,7557243.0
ILTM,annual,2018,Sales,6303217.0
ILTM,annual,2017,Sales,5708276.0
ILTM,annual,2020,Profit after Taxation,-360636.0
ILTM,annual,2019,Profit after Taxation,184729.0
ILTM,annual,2018,Profit after Taxation,460074.0
ILTM,annual,2017,Profit after Taxation,12517.0
ILTM,annual,2020,EPS,-721.27
ILTM,annual,2019,EPS,369.46
ILTM,annual,2018,EPS,920.15
ILTM,annual,2017,EPS,25.03
ILTM,annual,2020,Gross Profit Margin (%),10.27
ILTM,annual,2019,Gross Profit Margin (%),13.39
ILTM,annual,2018,Gross Profit Margin (%),14.55
ILTM,annual,2017,Gross Profit Margin (%),7.9
ILTM,annual,2020,Net Profit Margin (%),-5.34
ILTM,annual,2019,Net Profit Margin (%),2.44
ILTM,annual,2018,Net Profit Margin (%),7.3
ILTM,annual,2017,Net Profit Margin (%),0.22
ILTM,annual,2020,EPS Growth (%),-295.22
ILTM,annual,2019,EPS Growth (%),-59.85
ILTM,annual,2018,EPS Growth (%),3576.19
ILTM,annual,2017,EPS Growth (%),105.74
ILTM,annual,2020,PEG,0.01
ILTM,annual,2019,PEG,-0.09
ILTM,annual,2018,PEG,0.0
ILTM,annual,2017,PEG,0.33
IMAGE,annual,2026,Sales,3726984.0
IMAGE,annual,2025,Sales,3647663.0
IMAGE,annual,2024,Sales,2946998.0
IMAGE,annual,2023,Sales,2064483.0
IMAGE,annual,2026,Profit after Taxation,547416.0
IMAGE,annual,2025,Profit after Taxation,511493.0
IMAGE,annual,2024,Profit after Taxation,285945.0
IMAGE,annual,2023,Profit after Taxation,207801.0
IMAGE,annual,2026,EPS,2.38
IMAGE,annual,2025,EPS,2.22
IMAGE,annual,2024,EPS,1.99
IMAGE,annual,2023,EPS,1.91
IMAGE,quarterly,Q3 2026,Sales,893226.0
IMAGE,quarterly,Q2 2026,Sales,786120.0
IMAGE,quarterly,Q1 2026,Sales,778559.0
IMAGE,quarterly,Q3 2025,Sales,1004357.0
IMAGE,quarterly,Q3 2026,Profit after Taxation,205503.0
IMAGE,quarterly,Q2 2026,Profit after Taxation,161777.0
IMAGE,quarterly,Q1 2026,Profit after Taxation,141425.0
IMAGE,quarterly,Q3 2025,Profit after Taxation,163540.0
IMAGE,quarterly,Q3 2026,EPS,0.89
IMAGE,quarterly,Q2 2026,EPS,0.7
IMAGE,quarterly,Q1 2026,EPS,0.61
IMAGE,quarterly,Q3 2025,EPS,0.71
IMAGE,annual,2026,Gross Profit Margin (%),48.58
IMAGE,annual,2025,Gross Profit Margin (%),46.34
IMAGE,annual,2024,Gross Profit Margin (%),43.43
IMAGE,annual,2023,Gross Profit Margin (%),41.08
IMAGE,annual,2026,Net Profit Margin (%),14.69
IMAGE,annual,2025,Net Profit Margin (%),14.02
IMAGE,annual,2024,Net Profit Margin (%),9.7
IMAGE,annual,2023,Net Profit Margin (%),10.07
IMAGE,annual,2026,EPS Growth (%),7.21
IMAGE,annual,2025,EPS Growth (%),11.56
IMAGE,annual,2024,EPS Growth (%),4.19
IMAGE,annual,2023,EPS Growth (%),-7.28
IMAGE,annual,2026,PEG,1.51
IMAGE,annual,2025,PEG,0.95
IMAGE,annual,2024,PEG,1.59
IMAGE,annual,2023,PEG,-0.69
IML,annual,2026,Profit after Taxation,37563.0
IML,annual,2025,Profit after Taxation,26662.0
IML,annual,2024,Profit after Taxation,78961.0
IML,annual,2023,Profit after Taxation,114071.0
IML,annual,2026,EPS,0.38
IML,annual,2025,EPS,0.27
IML,annual,2024,EPS,0.8
IML,annual,2023,EPS,1.15
IML,quarterly,Q3 2026,Profit after Taxation,11440.0
IML,quarterly,Q2 2025,Profit after Taxation,62214.0
IML,quarterly,Q1 2026,Profit after Taxation,56938.0
IML,quarterly,Q3 2025,Profit after Taxation,36459.0
IML,quarterly,Q3 2026,EPS,0.12
IML,quarterly,Q2 2025,EPS,0.63
IML,quarterly,Q1 2026,EPS,0.58
IML,quarterly,Q3 2025,EPS,0.37
IML,annual,2026,EPS Growth (%),40.74
IML,annual,2025,EPS Growth (%),-66.25
IML,annual,2024,EPS Growth (%),-30.43
IML,annual,2023,EPS Growth (%),55.41
IML,annual,2026,PEG,1.52
IML,annual,2025,PEG,-1.02
IML,annual,2024,PEG,-0.58
IML,annual,2023,PEG,0.18
IMS,annual,2026,EPS,0.42
IMS,annual,2025,EPS,0.12
IMS,annual,2024,EPS,0.4
IMS,annual,2023,EPS,1.87
IMS,quarterly,Q3 2026,EPS,0.06
IMS,quarterly,Q2 2026,EPS,0.12
IMS,quarterly,Q1 2026,EPS,0.16
IMS,quarterly,Q3 2025,EPS,0.06
IMS,annual,2026,Net Profit Margin (%),26.21
IMS,annual,2025,Net Profit Margin (%),22.72
IMS,annual,2024,Net Profit Margin (%),35.35
IMS,annual,2023,Net Profit Margin (%),31.07
IMS,annual,2026,EPS Growth (%),250.0
IMS,annual,2025,EPS Growth (%),-70.0
IMS,annual,2024,EPS Growth (%),-78.61
IMS,annual,2026,PEG,0.19
IMS,annual,2025,PEG,-0.98
IMS,annual,2024,PEG,-2.35
IMSL,annual,2016,Sales,344713.0
IMSL,annual,2019,Profit after Taxation,154893.0
IMSL,annual,2018,Profit after Taxation,-624609.0
IMSL,annual,2017,Profit after Taxation,-882067.0
IMSL,annual,2016,Profit after Taxation,-302269.0
IMSL,annual,2019,EPS,1.56
IMSL,annual,2018,EPS,-6.31
IMSL,annual,2017,EPS,-8.91
IMSL,annual,2016,EPS,-3.05
IMSL,annual,2016,Gross Profit Margin (%),5.15
IMSL,annual,2016,Net Profit Margin (%),-87.69
IMSL,annual,2019,EPS Growth (%),124.72
IMSL,annual,2018,EPS Growth (%),29.18
IMSL,annual,2017,EPS Growth (%),-192.13
IMSL,annual,2016,EPS Growth (%),39.6
IMSL,annual,2019,PEG,0.09
IMSL,annual,2018,PEG,-0.11
IMSL,annual,2017,PEG,0.02
IMSL,annual,2016,PEG,-0.05
INDU,annual,2026,Sales,258754860.0
INDU,annual,2025,Sales,215136582.0
INDU,annual,2024,Sales,152481025.0
INDU,annual,2023,Sales,177710637.0
INDU,annual,2026,Profit after Taxation,25505832.0
INDU,annual,2025,Profit after Taxation,23009659.0
INDU,annual,2024,Profit after Taxation,15072426.0
INDU,annual,2023,Profit after Taxation,9664429.0
INDU,annual,2026,EPS,324.5
INDU,annual,2025,EPS,292.74
INDU,annual,2024,EPS,191.76
INDU,annual,2023,EPS,122.96
INDU,quarterly,Q3 2026,Sales,72782017.0
INDU,quarterly,Q2 2026,Sales,57458144.0
INDU,quarterly,Q1 2026,Sales,61737936.0
INDU,quarterly,Q3 2025,Sales,60653074.0
INDU,quarterly,Q3 2026,Profit after Taxation,6697124.0
INDU,quarterly,Q2 2026,Profit after Taxation,5982095.0
INDU,quarterly,Q1 2026,Profit after Taxation,6719280.0
INDU,quarterly,Q3 2025,Profit after Taxation,6597073.0
INDU,quarterly,Q3 2026,EPS,85.21
INDU,quarterly,Q2 2026,EPS,76.11
INDU,quarterly,Q1 2026,EPS,85.49
INDU,quarterly,Q3 2025,EPS,83.93
INDU,annual,2026,Gross Profit Margin (%),14.03
INDU,annual,2025,Gross Profit Margin (%),14.5
INDU,annual,2024,Gross Profit Margin (%),12.71
INDU,annual,2023,Gross Profit Margin (%),4.46
INDU,annual,2026,Net Profit Margin (%),9.86
INDU,annual,2025,Net Profit Margin (%),10.7
INDU,annual,2024,Net Profit Margin (%),9.88
INDU,annual,2023,Net Profit Margin (%),5.44
INDU,annual,2026,EPS Growth (%),10.85
INDU,annual,2025,EPS Growth (%),52.66
INDU,annual,2024,EPS Growth (%),55.95
INDU,annual,2023,EPS Growth (%),-38.84
INDU,annual,2026,PEG,0.58
INDU,annual,2025,PEG,0.11
INDU,annual,2024,PEG,0.15
INDU,annual,2023,PEG,-0.2
INIL,annual,2026,Sales,29073437.0
INIL,annual,2025,Sales,25096323.0
INIL,annual,2024,Sales,29203140.0
INIL,annual,2023,Sales,26786770.0
INIL,annual,2026,Profit after Taxation,1603226.0
INIL,annual,2025,Profit after Taxation,1104324.0
INIL,annual,2024,Profit after Taxation,1473131.0
INIL,annual,2023,Profit after Taxation,2272936.0
INIL,annual,2026,EPS,12.16
INIL,annual,2025,EPS,8.37
INIL,annual,2024,EPS,11.17
INIL,annual,2023,EPS,17.23
INIL,quarterly,Q3 2026,Sales,7647642.0
INIL,quarterly,Q2 2026,Sales,6703188.0
INIL,quarterly,Q1 2026,Sales,7302232.0
INIL,quarterly,Q3 2025,Sales,6803535.0
INIL,quarterly,Q3 2026,Profit after Taxation,510482.0
INIL,quarterly,Q2 2026,Profit after Taxation,102417.0
INIL,quarterly,Q1 2026,Profit after Taxation,597196.0
INIL,quarterly,Q3 2025,Profit after Taxation,419854.0
INIL,quarterly,Q3 2026,EPS,3.87
INIL,quarterly,Q2 2026,EPS,0.78
INIL,quarterly,Q1 2026,EPS,4.53
INIL,quarterly,Q3 2025,EPS,3.18
INIL,annual,2026,Gross Profit Margin (%),13.86
INIL,annual,2025,Gross Profit Margin (%),12.54
INIL,annual,2024,Gross Profit Margin (%),13.15
INIL,annual,2023,Gross Profit Margin (%),12.77
INIL,annual,2026,Net Profit Margin (%),5.51
INIL,annual,2025,Net Profit Margin (%),4.4
INIL,annual,2024,Net Profit Margin (%),5.04
INIL,annual,2023,Net Profit Margin (%),8.49
INIL,annual,2026,EPS Growth (%),45.28
INIL,annual,2025,EPS Growth (%),-25.07
INIL,annual,2024,EPS Growth (%),-35.17
INIL,annual,2023,EPS Growth (%),5.38
INIL,annual,2026,PEG,0.31
INIL,annual,2025,PEG,-0.84
INIL,annual,2024,PEG,-0.5
INIL,annual,2023,PEG,0.79
INKL,annual,2026,Sales,863518.0
INKL,annual,2025,Sales,1210573.0
INKL,annual,2024,Sales,850505.0
INKL,annual,2023,Sales,611489.0
INKL,annual,2026,Profit after Taxation,16045.0
INKL,annual,2025,Profit after Taxation,30859.0
INKL,annual,2024,Profit after Taxation,11044.0
INKL,annual,2023,Profit after Taxation,22074.0
INKL,annual,2026,EPS,1.66
INKL,annual,2025,EPS,3.19
INKL,annual,2024,EPS,1.14
INKL,annual,2023,EPS,2.28
INKL,quarterly,Q3 2026,Sales,185306.0
INKL,quarterly,Q2 2026,Sales,232062.0
INKL,quarterly,Q1 2026,Sales,275926.0
INKL,quarterly,Q3 2025,Sales,323442.0
INKL,quarterly,Q3 2026,Profit after Taxation,596.0
INKL,quarterly,Q2 2026,Profit after Taxation,1236.0
INKL,quarterly,Q1 2026,Profit after Taxation,11254.0
INKL,quarterly,Q3 2025,Profit after Taxation,13177.0
INKL,quarterly,Q3 2026,EPS,0.06
INKL,quarterly,Q2 2026,EPS,0.13
INKL,quarterly,Q1 2026,EPS,1.16
INKL,quarterly,Q3 2025,EPS,1.36
INKL,annual,2026,Gross Profit Margin (%),11.53
INKL,annual,2025,Gross Profit Margin (%),8.79
INKL,annual,2024,Gross Profit Margin (%),9.57
INKL,annual,2023,Gross Profit Margin (%),13.2
INKL,annual,2026,Net Profit Margin (%),1.86
INKL,annual,2025,Net Profit Margin (%),2.55
INKL,annual,2024,Net Profit Margin (%),1.3
INKL,annual,2023,Net Profit Margin (%),3.61
INKL,annual,2026,EPS Growth (%),-47.96
INKL,annual,2025,EPS Growth (%),179.82
INKL,annual,2024,EPS Growth (%),-50.0
INKL,annual,2026,PEG,-1.23
INKL,annual,2025,PEG,0.04
INKL,annual,2024,PEG,-0.23
IPAK,annual,2026,Sales,13347098.0
IPAK,annual,2025,Sales,15564535.0
IPAK,annual,2026,Profit after Taxation,1317364.0
IPAK,annual,2025,Profit after Taxation,850995.0
IPAK,annual,2026,EPS,1.79
IPAK,annual,2025,EPS,1.16
IPAK,quarterly,Q3 2026,Sales,3867026.0
IPAK,quarterly,Q2 2026,Sales,3124604.0
IPAK,quarterly,Q1 2026,Sales,2948081.0
IPAK,quarterly,Q3 2025,Sales,4079714.0
IPAK,quarterly,Q3 2026,Profit after Taxation,386713.0
IPAK,quarterly,Q2 2026,Profit after Taxation,240372.0
IPAK,quarterly,Q1 2026,Profit after Taxation,182613.0
IPAK,quarterly,Q3 2025,Profit after Taxation,255081.0
IPAK,quarterly,Q3 2026,EPS,0.53
IPAK,quarterly,Q2 2026,EPS,0.33
IPAK,quarterly,Q1 2026,EPS,0.26
IPAK,quarterly,Q3 2025,EPS,0.43
IPAK,annual,2026,Gross Profit Margin (%),23.06
IPAK,annual,2025,Gross Profit Margin (%),17.27
IPAK,annual,2024,Gross Profit Margin (%),23.8
IPAK,annual,2026,Net Profit Margin (%),9.87
IPAK,annual,2025,Net Profit Margin (%),5.47
IPAK,annual,2024,Net Profit Margin (%),7.43
IPAK,annual,2026,EPS Growth (%),54.31
IPAK,annual,2025,EPS Growth (%),-42.0
IPAK,annual,2026,PEG,0.36
IPAK,annual,2025,PEG,-0.47
IREIT,annual,2026,Total Income,157071.0
IREIT,annual,2025,Total Income,86036.0
IREIT,annual,2024,Total Income,41467.0
IREIT,annual,2026,Profit after Taxation,991544.0
IREIT,annual,2025,Profit after Taxation,357934.0
IREIT,annual,2024,Profit after Taxation,234584.0
IREIT,annual,2026,EPS,3.94
IREIT,annual,2025,EPS,1.95
IREIT,annual,2024,EPS,1.28
IREIT,quarterly,Q3 2026,Total Income,43720.0
IREIT,quarterly,Q2 2026,Total Income,41957.0
IREIT,quarterly,Q3 2025,Total Income,26800.0
IREIT,quarterly,Q2 2025,Total Income,16190.0
IREIT,quarterly,Q3 2026,Profit after Taxation,31305.0
IREIT,quarterly,Q2 2026,Profit after Taxation,304248.0
IREIT,quarterly,Q3 2025,Profit after Taxation,15412.0
IREIT,quarterly,Q2 2025,Profit after Taxation,181999.0
IREIT,quarterly,Q3 2026,EPS,0.11
IREIT,quarterly,Q2 2026,EPS,1.1
IREIT,quarterly,Q3 2025,EPS,0.08
IREIT,quarterly,Q2 2025,EPS,0.99
IREIT,annual,2026,Net Profit Margin (%),631.27
IREIT,annual,2025,Net Profit Margin (%),416.03
IREIT,annual,2024,Net Profit Margin (%),565.72
IREIT,annual,2026,EPS Growth (%),102.05
IREIT,annual,2025,EPS Growth (%),52.82
IREIT,annual,2024,EPS Growth (%),127700.0
IREIT,annual,2026,PEG,0.02
ISHT,annual,2018,Sales,3616.0
ISHT,annual,2017,Sales,35505.0
ISHT,annual,2016,Sales,275139.0
ISHT,annual,2015,Sales,555766.0
ISHT,annual,2018,Profit after Taxation,-39476.0
ISHT,annual,2017,Profit after Taxation,-30362.0
ISHT,annual,2016,Profit after Taxation,-69742.0
ISHT,annual,2015,Profit after Taxation,-111827.0
ISHT,annual,2018,EPS,-9.29
ISHT,annual,2017,EPS,-7.14
ISHT,annual,2016,EPS,-16.41
ISHT,annual,2015,EPS,-26.31
ISHT,annual,2018,Gross Profit Margin (%),-680.45
ISHT,annual,2017,Gross Profit Margin (%),-42.7
ISHT,annual,2016,Gross Profit Margin (%),-18.15
ISHT,annual,2015,Gross Profit Margin (%),-13.26
ISHT,annual,2018,Net Profit Margin (%),-1091.69
ISHT,annual,2017,Net Profit Margin (%),-85.51
ISHT,annual,2016,Net Profit Margin (%),-25.35
ISHT,annual,2015,Net Profit Margin (%),-20.12
ISHT,annual,2018,EPS Growth (%),-30.11
ISHT,annual,2017,EPS Growth (%),56.49
ISHT,annual,2016,EPS Growth (%),37.63
ISHT,annual,2018,PEG,0.03
ISHT,annual,2017,PEG,-0.02
ISHT,annual,2016,PEG,-0.02
ISIL,annual,2026,Sales,104303886.0
ISIL,annual,2025,Sales,105192599.0
ISIL,annual,2024,Sales,108887024.0
ISIL,annual,2023,Sales,88905796.0
ISIL,annual,2026,Profit after Taxation,3954490.0
ISIL,annual,2025,Profit after Taxation,5749491.0
ISIL,annual,2024,Profit after Taxation,6132050.0
ISIL,annual,2023,Profit after Taxation,6381685.0
ISIL,annual,2026,EPS,59.59
ISIL,annual,2025,EPS,86.64
ISIL,annual,2024,EPS,92.41
ISIL,annual,2023,EPS,96.17
ISIL,quarterly,Q3 2026,Sales,26883650.0
ISIL,quarterly,Q2 2026,Sales,28567138.0
ISIL,quarterly,Q1 2026,Sales,25127667.0
ISIL,quarterly,Q3 2025,Sales,28964840.0
ISIL,quarterly,Q3 2026,Profit after Taxation,1008198.0
ISIL,quarterly,Q2 2026,Profit after Taxation,977353.0
ISIL,quarterly,Q1 2026,Profit after Taxation,1065287.0
ISIL,quarterly,Q3 2025,Profit after Taxation,1096724.0
ISIL,quarterly,Q3 2026,EPS,15.19
ISIL,quarterly,Q2 2026,EPS,14.73
ISIL,quarterly,Q1 2026,EPS,16.05
ISIL,quarterly,Q3 2025,EPS,16.53
ISIL,annual,2026,Gross Profit Margin (%),20.34
ISIL,annual,2025,Gross Profit Margin (%),20.76
ISIL,annual,2024,Gross Profit Margin (%),22.06
ISIL,annual,2023,Gross Profit Margin (%),20.73
ISIL,annual,2026,Net Profit Margin (%),3.79
ISIL,annual,2025,Net Profit Margin (%),5.47
ISIL,annual,2024,Net Profit Margin (%),5.63
ISIL,annual,2023,Net Profit Margin (%),7.18
ISIL,annual,2026,EPS Growth (%),-31.22
ISIL,annual,2025,EPS Growth (%),-6.24
ISIL,annual,2024,EPS Growth (%),-3.91
ISIL,annual,2023,EPS Growth (%),150.18
ISIL,annual,2026,PEG,-1.05
ISIL,annual,2025,PEG,-3.36
ISIL,annual,2024,PEG,-4.1
ISIL,annual,2023,PEG,0.04
ISL,annual,2026,Sales,93349190.0
ISL,annual,2025,Sales,62310883.0
ISL,annual,2024,Sales,69299633.0
ISL,annual,2023,Sales,76753334.0
ISL,annual,2026,Profit after Taxation,3673234.0
ISL,annual,2025,Profit after Taxation,1559261.0
ISL,annual,2024,Profit after Taxation,3654814.0
ISL,annual,2023,Profit after Taxation,3518790.0
ISL,annual,2026,EPS,8.44
ISL,annual,2025,EPS,3.58
ISL,annual,2024,EPS,8.4
ISL,annual,2023,EPS,8.09
ISL,quarterly,Q3 2026,Sales,23330935.0
ISL,quarterly,Q2 2026,Sales,23025892.0
ISL,quarterly,Q1 2026,Sales,20919340.0
ISL,quarterly,Q3 2025,Sales,13872008.0
ISL,quarterly,Q3 2026,Profit after Taxation,793118.0
ISL,quarterly,Q2 2026,Profit after Taxation,994590.0
ISL,quarterly,Q1 2026,Profit after Taxation,620342.0
ISL,quarterly,Q3 2025,Profit after Taxation,417212.0
ISL,quarterly,Q3 2026,EPS,1.82
ISL,quarterly,Q2 2026,EPS,2.29
ISL,quarterly,Q1 2026,EPS,1.43
ISL,quarterly,Q3 2025,EPS,0.96
ISL,annual,2026,Gross Profit Margin (%),11.49
ISL,annual,2025,Gross Profit Margin (%),8.58
ISL,annual,2024,Gross Profit Margin (%),12.37
ISL,annual,2023,Gross Profit Margin (%),13.82
ISL,annual,2026,Net Profit Margin (%),3.93
ISL,annual,2025,Net Profit Margin (%),2.5
ISL,annual,2024,Net Profit Margin (%),5.27
ISL,annual,2023,Net Profit Margin (%),4.58
ISL,annual,2026,EPS Growth (%),135.75
ISL,annual,2025,EPS Growth (%),-57.38
ISL,annual,2024,EPS Growth (%),3.83
ISL,annual,2023,EPS Growth (%),-34.97
ISL,annual,2026,PEG,0.08
ISL,annual,2025,PEG,-0.45
ISL,annual,2024,PEG,2.63
ISL,annual,2023,PEG,-0.14
ISTM,annual,2018,Sales,1598473.0
ISTM,annual,2017,Sales,1102932.0
ISTM,annual,2016,Sales,1466267.0
ISTM,annual,2015,Sales,1358792.0
ISTM,annual,2018,Profit after Taxation,-7603.0
ISTM,annual,2017,Profit after Taxation,-180338.0
ISTM,annual,2016,Profit after Taxation,-82128.0
ISTM,annual,2015,Profit after Taxation,-273530.0
ISTM,annual,2018,EPS,-0.79
ISTM,annual,2017,EPS,-18.67
ISTM,annual,2016,EPS,-8.5
ISTM,annual,2015,EPS,-28.32
ISTM,annual,2018,Gross Profit Margin (%),3.79
ISTM,annual,2017,Gross Profit Margin (%),-5.3
ISTM,annual,2016,Gross Profit Margin (%),-2.72
ISTM,annual,2015,Gross Profit Margin (%),-3.24
ISTM,annual,2018,Net Profit Margin (%),-0.48
ISTM,annual,2017,Net Profit Margin (%),-16.35
ISTM,annual,2016,Net Profit Margin (%),-5.6
ISTM,annual,2015,Net Profit Margin (%),-20.13
ISTM,annual,2018,EPS Growth (%),95.77
ISTM,annual,2017,EPS Growth (%),-119.65
ISTM,annual,2016,EPS Growth (%),69.99
ISTM,annual,2015,EPS Growth (%),-3471.43
ISTM,annual,2018,PEG,-0.12
ISTM,annual,2017,PEG,0.01
ISTM,annual,2016,PEG,-0.01
ISTM,annual,2015,PEG,0.0
ITANZ,annual,2026,Sales,758200.0
ITANZ,annual,2025,Sales,441521.0
ITANZ,annual,2024,Sales,338903.0
ITANZ,annual,2026,EPS,15.88
ITANZ,annual,2025,EPS,16.71
ITANZ,annual,2024,EPS,16.06
ITANZ,annual,2023,EPS,-0.08
ITANZ,quarterly,Q3 2026,Sales,181182.0
ITANZ,quarterly,Q2 2026,Sales,89734.0
ITANZ,quarterly,Q1 2026,Sales,89734.0
ITANZ,quarterly,Q3 2025,Sales,126652.0
ITANZ,quarterly,Q3 2026,EPS,1.12
ITANZ,quarterly,Q2 2026,EPS,0.55
ITANZ,quarterly,Q1 2026,EPS,0.55
ITANZ,quarterly,Q3 2025,EPS,2.78
ITANZ,annual,2026,Gross Profit Margin (%),64.62
ITANZ,annual,2025,Gross Profit Margin (%),67.65
ITANZ,annual,2024,Gross Profit Margin (%),61.47
ITANZ,annual,2026,Net Profit Margin (%),230.43
ITANZ,annual,2025,Net Profit Margin (%),78.1
ITANZ,annual,2024,Net Profit Margin (%),46.72
ITANZ,annual,2026,EPS Growth (%),-4.97
ITANZ,annual,2025,EPS Growth (%),4.05
ITANZ,annual,2024,EPS Growth (%),20175.0
ITANZ,annual,2023,EPS Growth (%),-101.94
ITANZ,annual,2026,PEG,-0.54
ITANZ,annual,2025,PEG,0.0
ITANZ,annual,2024,PEG,nan
ITANZ,annual,2023,PEG,0.01
ITTEFAQ,annual,2026,Sales,2403668.0
ITTEFAQ,annual,2025,Sales,2651935.0
ITTEFAQ,annual,2024,Sales,2271683.0
ITTEFAQ,annual,2023,Sales,8284454.0
ITTEFAQ,annual,2026,Profit after Taxation,-321983.0
ITTEFAQ,annual,2025,Profit after Taxation,-657980.0
ITTEFAQ,annual,2024,Profit after Taxation,-821688.0
ITTEFAQ,annual,2023,Profit after Taxation,-94456.0
ITTEFAQ,annual,2026,EPS,-2.23
ITTEFAQ,annual,2025,EPS,-4.56
ITTEFAQ,annual,2024,EPS,-5.69
ITTEFAQ,annual,2023,EPS,-0.65
ITTEFAQ,quarterly,Q3 2026,Sales,602193.0
ITTEFAQ,quarterly,Q2 2026,Sales,547282.0
ITTEFAQ,quarterly,Q1 2026,Sales,478745.0
ITTEFAQ,quarterly,Q3 2025,Sales,1016498.0
ITTEFAQ,quarterly,Q3 2026,Profit after Taxation,-61474.0
ITTEFAQ,quarterly,Q2 2026,Profit after Taxation,-124373.0
ITTEFAQ,quarterly,Q1 2026,Profit after Taxation,-86770.0
ITTEFAQ,quarterly,Q3 2025,Profit after Taxation,-123658.0
ITTEFAQ,quarterly,Q3 2026,EPS,-0.43
ITTEFAQ,quarterly,Q2 2026,EPS,-0.86
ITTEFAQ,quarterly,Q1 2026,EPS,-0.6
ITTEFAQ,quarterly,Q3 2025,EPS,-0.86
ITTEFAQ,annual,2026,Gross Profit Margin (%),-4.03
ITTEFAQ,annual,2025,Gross Profit Margin (%),-17.32
ITTEFAQ,annual,2024,Gross Profit Margin (%),-27.96
ITTEFAQ,annual,2023,Gross Profit Margin (%),1.72
ITTEFAQ,annual,2026,Net Profit Margin (%),-13.4
ITTEFAQ,annual,2025,Net Profit Margin (%),-24.81
ITTEFAQ,annual,2024,Net Profit Margin (%),-36.17
ITTEFAQ,annual,2023,Net Profit Margin (%),-1.14
ITTEFAQ,annual,2026,EPS Growth (%),51.1
ITTEFAQ,annual,2025,EPS Growth (%),19.86
ITTEFAQ,annual,2024,EPS Growth (%),-775.38
ITTEFAQ,annual,2023,EPS Growth (%),-140.12
ITTEFAQ,annual,2026,PEG,-0.08
ITTEFAQ,annual,2025,PEG,-0.09
ITTEFAQ,annual,2024,PEG,0.0
ITTEFAQ,annual,2023,PEG,0.05
JATM,annual,2026,Sales,1986340.0
JATM,annual,2025,Sales,1430988.0
JATM,annual,2024,Sales,129954.0
JATM,annual,2023,Sales,33686.0
JATM,annual,2026,Profit after Taxation,35318.0
JATM,annual,2025,Profit after Taxation,-42330.0
JATM,annual,2024,Profit after Taxation,-60831.0
JATM,annual,2023,Profit after Taxation,-33571.0
JATM,annual,2026,EPS,2.8
JATM,annual,2025,EPS,-3.36
JATM,annual,2024,EPS,-4.83
JATM,annual,2023,EPS,-2.66
JATM,quarterly,Q3 2026,Sales,477477.0
JATM,quarterly,Q2 2026,Sales,554804.0
JATM,quarterly,Q1 2026,Sales,487188.0
JATM,quarterly,Q3 2025,Sales,477883.0
JATM,quarterly,Q3 2026,Profit after Taxation,-31667.0
JATM,quarterly,Q2 2026,Profit after Taxation,24363.0
JATM,quarterly,Q1 2026,Profit after Taxation,-8408.0
JATM,quarterly,Q3 2025,Profit after Taxation,9224.0
JATM,quarterly,Q3 2026,EPS,-2.51
JATM,quarterly,Q2 2026,EPS,1.93
JATM,quarterly,Q1 2026,EPS,-0.57
JATM,quarterly,Q3 2025,EPS,0.73
JATM,annual,2026,Gross Profit Margin (%),3.48
JATM,annual,2025,Gross Profit Margin (%),-4.43
JATM,annual,2024,Gross Profit Margin (%),-42.64
JATM,annual,2023,Gross Profit Margin (%),-183.87
JATM,annual,2026,Net Profit Margin (%),1.78
JATM,annual,2025,Net Profit Margin (%),-2.96
JATM,annual,2024,Net Profit Margin (%),-46.81
JATM,annual,2023,Net Profit Margin (%),-99.66
JATM,annual,2026,EPS Growth (%),183.35
JATM,annual,2025,EPS Growth (%),30.41
JATM,annual,2024,EPS Growth (%),-81.2
JATM,annual,2023,EPS Growth (%),-173.05
JATM,annual,2026,PEG,0.08
JATM,annual,2025,PEG,-0.3
JATM,annual,2024,PEG,0.26
JATM,annual,2023,PEG,0.11
JDMT,annual,2026,Sales,645397.0
JDMT,annual,2025,Sales,1523661.0
JDMT,annual,2024,Sales,5884712.0
JDMT,annual,2023,Sales,6016527.0
JDMT,annual,2026,Profit after Taxation,-344264.0
JDMT,annual,2025,Profit after Taxation,-754804.0
JDMT,annual,2024,Profit after Taxation,-467584.0
JDMT,annual,2023,Profit after Taxation,-80276.0
JDMT,annual,2026,EPS,-49.78
JDMT,annual,2025,EPS,-109.14
JDMT,annual,2024,EPS,-67.61
JDMT,annual,2023,EPS,-11.61
JDMT,quarterly,Q3 2026,Sales,181360.0
JDMT,quarterly,Q2 2026,Sales,2451.0
JDMT,quarterly,Q1 2026,Sales,11813.0
JDMT,quarterly,Q3 2025,Sales,289825.0
JDMT,quarterly,Q3 2026,Profit after Taxation,-75654.0
JDMT,quarterly,Q2 2026,Profit after Taxation,-36927.0
JDMT,quarterly,Q1 2026,Profit after Taxation,-93699.0
JDMT,quarterly,Q3 2025,Profit after Taxation,-145356.0
JDMT,quarterly,Q3 2026,EPS,-10.9
JDMT,quarterly,Q2 2026,EPS,-5.34
JDMT,quarterly,Q1 2026,EPS,-13.55
JDMT,quarterly,Q3 2025,EPS,-21.02
JDMT,annual,2026,Gross Profit Margin (%),-23.01
JDMT,annual,2025,Gross Profit Margin (%),-31.89
JDMT,annual,2024,Gross Profit Margin (%),-0.42
JDMT,annual,2023,Gross Profit Margin (%),5.77
JDMT,annual,2026,Net Profit Margin (%),-53.34
JDMT,annual,2025,Net Profit Margin (%),-49.54
JDMT,annual,2024,Net Profit Margin (%),-7.95
JDMT,annual,2023,Net Profit Margin (%),-1.33
JDMT,annual,2026,EPS Growth (%),54.39
JDMT,annual,2025,EPS Growth (%),-61.43
JDMT,annual,2024,EPS Growth (%),-482.34
JDMT,annual,2023,EPS Growth (%),-137.63
JDMT,annual,2026,PEG,-0.02
JDMT,annual,2025,PEG,0.01
JDMT,annual,2024,PEG,0.0
JDMT,annual,2023,PEG,0.03
JDWS,annual,2025,Sales,114732442.0
JDWS,annual,2024,Sales,116049865.0
JDWS,annual,2023,Sales,72343106.0
JDWS,annual,2022,Sales,58887908.0
JDWS,annual,2025,Profit after Taxation,6412739.0
JDWS,annual,2024,Profit after Taxation,13009309.0
JDWS,annual,2023,Profit after Taxation,2166094.0
JDWS,annual,2022,Profit after Taxation,3950558.0
JDWS,annual,2025,EPS,110.99
JDWS,annual,2024,EPS,225.17
JDWS,annual,2023,EPS,37.17
JDWS,annual,2022,EPS,66.09
JDWS,quarterly,Q3 2026,Sales,20012694.0
JDWS,quarterly,Q2 2026,Sales,35253767.0
JDWS,quarterly,Q1 2026,Sales,26528290.0
JDWS,quarterly,Q3 2025,Sales,21609934.0
JDWS,quarterly,Q3 2026,Profit after Taxation,37359.0
JDWS,quarterly,Q2 2026,Profit after Taxation,3894482.0
JDWS,quarterly,Q1 2026,Profit after Taxation,2840517.0
JDWS,quarterly,Q3 2025,Profit after Taxation,544019.0
JDWS,quarterly,Q3 2026,EPS,0.65
JDWS,quarterly,Q2 2026,EPS,67.41
JDWS,quarterly,Q1 2026,EPS,49.16
JDWS,quarterly,Q3 2025,EPS,9.42
JDWS,annual,2025,Gross Profit Margin (%),13.92
JDWS,annual,2024,Gross Profit Margin (%),21.67
JDWS,annual,2023,Gross Profit Margin (%),14.25
JDWS,annual,2022,Gross Profit Margin (%),15.54
JDWS,annual,2025,Net Profit Margin (%),5.59
JDWS,annual,2024,Net Profit Margin (%),11.21
JDWS,annual,2023,Net Profit Margin (%),2.99
JDWS,annual,2022,Net Profit Margin (%),6.71
JDWS,annual,2025,EPS Growth (%),-50.71
JDWS,annual,2024,EPS Growth (%),505.78
JDWS,annual,2023,EPS Growth (%),-43.76
JDWS,annual,2022,EPS Growth (%),-19.02
JDWS,annual,2025,PEG,-0.15
JDWS,annual,2024,PEG,0.0
JDWS,annual,2023,PEG,-0.23
JDWS,annual,2022,PEG,-0.21
JGICL,annual,2025,Profit after Taxation,4019080.0
JGICL,annual,2024,Profit after Taxation,3521818.0
JGICL,annual,2023,Profit after Taxation,2904414.0
JGICL,annual,2022,Profit after Taxation,1533700.0
JGICL,annual,2025,EPS,20.25
JGICL,annual,2024,EPS,17.74
JGICL,annual,2023,EPS,14.63
JGICL,annual,2022,EPS,7.73
JGICL,quarterly,Q2 2026,Profit after Taxation,1015745.0
JGICL,quarterly,Q1 2026,Profit after Taxation,1617268.0
JGICL,quarterly,Q3 2025,Profit after Taxation,847975.0
JGICL,quarterly,Q2 2025,Profit after Taxation,1216243.0
JGICL,quarterly,Q2 2026,EPS,5.12
JGICL,quarterly,Q1 2026,EPS,8.15
JGICL,quarterly,Q3 2025,EPS,4.27
JGICL,quarterly,Q2 2025,EPS,6.13
JGICL,annual,2025,Gross Profit Margin (%),1.4
JGICL,annual,2024,Gross Profit Margin (%),11.18
JGICL,annual,2023,Gross Profit Margin (%),10.05
JGICL,annual,2022,Gross Profit Margin (%),4.38
JGICL,annual,2025,Net Profit Margin (%),47.76
JGICL,annual,2024,Net Profit Margin (%),47.98
JGICL,annual,2023,Net Profit Margin (%),42.24
JGICL,annual,2022,Net Profit Margin (%),26.96
JGICL,annual,2025,EPS Growth (%),14.15
JGICL,annual,2024,EPS Growth (%),21.26
JGICL,annual,2023,EPS Growth (%),89.26
JGICL,annual,2022,EPS Growth (%),-6.98
JGICL,annual,2025,PEG,0.29
JGICL,annual,2024,PEG,0.15
JGICL,annual,2023,PEG,0.03
JGICL,annual,2022,PEG,-0.5
JKSM,annual,2026,Sales,43512157.0
JKSM,annual,2025,Sales,42837847.0
JKSM,annual,2024,Sales,41816395.0
JKSM,annual,2023,Sales,36128679.0
JKSM,annual,2026,Profit after Taxation,1580905.0
JKSM,annual,2025,Profit after Taxation,513861.0
JKSM,annual,2024,Profit after Taxation,1006511.0
JKSM,annual,2023,Profit after Taxation,1820099.0
JKSM,annual,2026,EPS,15.45
JKSM,annual,2025,EPS,5.02
JKSM,annual,2024,EPS,9.84
JKSM,annual,2023,EPS,17.79
JKSM,quarterly,Q3 2026,Sales,12500572.0
JKSM,quarterly,Q2 2026,Sales,10450065.0
JKSM,quarterly,Q1 2026,Sales,10377897.0
JKSM,quarterly,Q3 2025,Sales,11948200.0
JKSM,quarterly,Q3 2026,Profit after Taxation,320344.0
JKSM,quarterly,Q2 2026,Profit after Taxation,425149.0
JKSM,quarterly,Q1 2026,Profit after Taxation,307745.0
JKSM,quarterly,Q3 2025,Profit after Taxation,107289.0
JKSM,quarterly,Q3 2026,EPS,3.13
JKSM,quarterly,Q2 2026,EPS,4.16
JKSM,quarterly,Q1 2026,EPS,3.01
JKSM,quarterly,Q3 2025,EPS,1.05
JKSM,annual,2026,Gross Profit Margin (%),13.37
JKSM,annual,2025,Gross Profit Margin (%),10.85
JKSM,annual,2024,Gross Profit Margin (%),13.49
JKSM,annual,2023,Gross Profit Margin (%),13.25
JKSM,annual,2026,Net Profit Margin (%),3.63
JKSM,annual,2025,Net Profit Margin (%),1.2
JKSM,annual,2024,Net Profit Margin (%),2.41
JKSM,annual,2023,Net Profit Margin (%),5.04
JKSM,annual,2026,EPS Growth (%),207.77
JKSM,annual,2025,EPS Growth (%),-48.98
JKSM,annual,2024,EPS Growth (%),-44.69
JKSM,annual,2023,EPS Growth (%),-50.29
JKSM,annual,2026,PEG,0.07
JKSM,annual,2025,PEG,-0.47
JKSM,annual,2024,PEG,-0.14
JKSM,annual,2023,PEG,-0.04
JLICL,annual,2025,Profit after Taxation,2495510.0
JLICL,annual,2024,Profit after Taxation,2573880.0
JLICL,annual,2023,Profit after Taxation,2306280.0
JLICL,annual,2022,Profit after Taxation,2072050.0
JLICL,annual,2025,EPS,24.87
JLICL,annual,2024,EPS,25.65
JLICL,annual,2023,EPS,22.98
JLICL,annual,2022,EPS,20.65
JLICL,quarterly,Q2 2026,Profit after Taxation,648822.0
JLICL,quarterly,Q1 2026,Profit after Taxation,311120.0
JLICL,quarterly,Q3 2025,Profit after Taxation,582496.0
JLICL,quarterly,Q2 2025,Profit after Taxation,879630.0
JLICL,quarterly,Q2 2026,EPS,6.47
JLICL,quarterly,Q1 2026,EPS,3.1
JLICL,quarterly,Q3 2025,EPS,5.8
JLICL,quarterly,Q2 2025,EPS,8.77
JLICL,annual,2025,Net Profit Margin (%),4.4
JLICL,annual,2024,Net Profit Margin (%),5.53
JLICL,annual,2023,Net Profit Margin (%),5.23
JLICL,annual,2022,Net Profit Margin (%),4.55
JLICL,annual,2025,EPS Growth (%),-3.04
JLICL,annual,2024,EPS Growth (%),11.62
JLICL,annual,2023,EPS Growth (%),11.28
JLICL,annual,2022,EPS Growth (%),0.49
JLICL,annual,2025,PEG,-2.23
JLICL,annual,2024,PEG,0.58
JLICL,annual,2023,PEG,0.52
JLICL,annual,2022,PEG,13.83
JOPP,annual,2023,Sales,2799.0
JOPP,annual,2022,Sales,86580.0
JOPP,annual,2020,Sales,905.0
JOPP,annual,2023,Profit after Taxation,-20443.0
JOPP,annual,2022,Profit after Taxation,33667.0
JOPP,annual,2021,Profit after Taxation,-14252.0
JOPP,annual,2020,Profit after Taxation,-54314.0
JOPP,annual,2023,EPS,-3.75
JOPP,annual,2022,EPS,6.18
JOPP,annual,2021,EPS,-2.62
JOPP,annual,2020,EPS,-9.97
JOPP,quarterly,Q2 2024,Sales,779.0
JOPP,quarterly,Q1 2024,Sales,509.0
JOPP,quarterly,Q2 2024,Profit after Taxation,-2390.0
JOPP,quarterly,Q1 2024,Profit after Taxation,-2843.0
JOPP,quarterly,Q3 2023,Profit after Taxation,-2230.0
JOPP,quarterly,Q2 2023,Profit after Taxation,-1965.0
JOPP,quarterly,Q2 2024,EPS,-0.44
JOPP,quarterly,Q1 2024,EPS,-0.52
JOPP,quarterly,Q3 2023,EPS,-0.41
JOPP,quarterly,Q2 2023,EPS,-0.36
JOPP,annual,2023,Gross Profit Margin (%),-39.41
JOPP,annual,2022,Gross Profit Margin (%),31.71
JOPP,annual,2020,Gross Profit Margin (%),-638.34
JOPP,annual,2023,Net Profit Margin (%),-730.37
JOPP,annual,2022,Net Profit Margin (%),38.89
JOPP,annual,2020,Net Profit Margin (%),-6001.55
JOPP,annual,2023,EPS Growth (%),-160.68
JOPP,annual,2022,EPS Growth (%),335.88
JOPP,annual,2021,EPS Growth (%),73.72
JOPP,annual,2020,EPS Growth (%),-53.38
JOPP,annual,2023,PEG,0.06
JOPP,annual,2022,PEG,0.02
JOPP,annual,2021,PEG,-0.28
JOPP,annual,2020,PEG,0.09
JOVC,quarterly,Q3 2017,Total Income,42846.0
JOVC,quarterly,Q2 2017,Total Income,194.0
JOVC,quarterly,Q1 2017,Total Income,18.0
JOVC,quarterly,Q3 2017,Profit after Taxation,102631.0
JOVC,quarterly,Q2 2017,Profit after Taxation,58011.0
JOVC,quarterly,Q1 2017,Profit after Taxation,-270.0
JOVC,quarterly,Q3 2017,EPS,2.02
JOVC,quarterly,Q2 2017,EPS,1.14
JOVC,quarterly,Q1 2017,EPS,-0.01
JPGL,annual,2017,Sales,739731.0
JPGL,annual,2016,Sales,719567.0
JPGL,annual,2015,Sales,755849.0
JPGL,annual,2014,Sales,797863.0
JPGL,annual,2017,Profit after Taxation,-323427.0
JPGL,annual,2016,Profit after Taxation,-460806.0
JPGL,annual,2015,Profit after Taxation,-553967.0
JPGL,annual,2014,Profit after Taxation,-879939.0
JPGL,annual,2017,EPS,-2.07
JPGL,annual,2016,EPS,-2.95
JPGL,annual,2015,EPS,-3.55
JPGL,annual,2014,EPS,-5.64
JPGL,quarterly,Q1 2018,Sales,187857.0
JPGL,quarterly,Q3 2017,Sales,200208.0
JPGL,quarterly,Q2 2017,Sales,183875.0
JPGL,quarterly,Q1 2017,Sales,183313.0
JPGL,quarterly,Q1 2018,Profit after Taxation,-92382.0
JPGL,quarterly,Q3 2017,Profit after Taxation,-61737.0
JPGL,quarterly,Q2 2017,Profit after Taxation,-78766.0
JPGL,quarterly,Q1 2017,Profit after Taxation,-74875.0
JPGL,quarterly,Q1 2018,EPS,-0.59
JPGL,quarterly,Q3 2017,EPS,-0.4
JPGL,quarterly,Q2 2017,EPS,-0.5
JPGL,quarterly,Q1 2017,EPS,-0.48
JPGL,annual,2017,Gross Profit Margin (%),53.84
JPGL,annual,2016,Gross Profit Margin (%),52.89
JPGL,annual,2015,Gross Profit Margin (%),55.66
JPGL,annual,2014,Gross Profit Margin (%),52.92
JPGL,annual,2017,Net Profit Margin (%),-43.72
JPGL,annual,2016,Net Profit Margin (%),-64.04
JPGL,annual,2015,Net Profit Margin (%),-73.29
JPGL,annual,2014,Net Profit Margin (%),-110.29
JPGL,annual,2017,EPS Growth (%),29.83
JPGL,annual,2016,EPS Growth (%),16.9
JPGL,annual,2015,EPS Growth (%),37.06
JPGL,annual,2014,EPS Growth (%),1.57
JPGL,annual,2017,PEG,-0.07
JPGL,annual,2016,PEG,-0.08
JPGL,annual,2015,PEG,-0.04
JPGL,annual,2014,PEG,-0.32
JSBL,annual,2025,Mark-up Earned,71451982.0
JSBL,annual,2024,Mark-up Earned,108502795.0
JSBL,annual,2023,Mark-up Earned,92087212.0
JSBL,annual,2022,Mark-up Earned,72047205.0
JSBL,annual,2025,Total Income,40312938.0
JSBL,annual,2024,Total Income,38652972.0
JSBL,annual,2023,Total Income,34613610.0
JSBL,annual,2022,Total Income,20156034.0
JSBL,annual,2025,Profit after Taxation,2795570.0
JSBL,annual,2024,Profit after Taxation,2848466.0
JSBL,annual,2023,Profit after Taxation,4334918.0
JSBL,annual,2022,Profit after Taxation,964778.0
JSBL,annual,2025,EPS,1.36
JSBL,annual,2024,EPS,1.39
JSBL,annual,2023,EPS,2.75
JSBL,annual,2022,EPS,0.74
JSBL,quarterly,Q2 2026,Mark-up Earned,17922103.0
JSBL,quarterly,Q1 2026,Mark-up Earned,15925959.0
JSBL,quarterly,Q3 2025,Mark-up Earned,16668964.0
JSBL,quarterly,Q2 2025,Mark-up Earned,18070430.0
JSBL,quarterly,Q2 2026,Total Income,10079008.0
JSBL,quarterly,Q1 2026,Total Income,9514285.0
JSBL,quarterly,Q3 2025,Total Income,9891989.0
JSBL,quarterly,Q2 2025,Total Income,10756467.0
JSBL,quarterly,Q2 2026,Profit after Taxation,2153987.0
JSBL,quarterly,Q1 2026,Profit after Taxation,1044644.0
JSBL,quarterly,Q3 2025,Profit after Taxation,1012370.0
JSBL,quarterly,Q2 2025,Profit after Taxation,268050.0
JSBL,quarterly,Q2 2026,EPS,1.05
JSBL,quarterly,Q1 2026,EPS,0.51
JSBL,quarterly,Q3 2025,EPS,0.49
JSBL,quarterly,Q2 2025,EPS,0.13
JSBL,annual,2025,Net Profit Margin (%),3.91
JSBL,annual,2024,Net Profit Margin (%),2.63
JSBL,annual,2023,Net Profit Margin (%),4.71
JSBL,annual,2022,Net Profit Margin (%),1.34
JSBL,annual,2025,EPS Growth (%),-2.16
JSBL,annual,2024,EPS Growth (%),-49.45
JSBL,annual,2023,EPS Growth (%),271.62
JSBL,annual,2022,EPS Growth (%),-26.73
JSBL,annual,2025,PEG,-5.75
JSBL,annual,2024,PEG,-0.13
JSBL,annual,2023,PEG,0.01
JSBL,annual,2022,PEG,-0.24
JSCL,annual,2025,Total Income,1136043.0
JSCL,annual,2024,Total Income,1090139.0
JSCL,annual,2023,Total Income,1570686.0
JSCL,annual,2022,Total Income,1384371.0
JSCL,annual,2025,Profit after Taxation,326498.0
JSCL,annual,2024,Profit after Taxation,397141.0
JSCL,annual,2023,Profit after Taxation,290814.0
JSCL,annual,2022,Profit after Taxation,345243.0
JSCL,annual,2025,EPS,0.36
JSCL,annual,2024,EPS,0.4
JSCL,annual,2023,EPS,0.32
JSCL,annual,2022,EPS,0.38
JSCL,quarterly,Q2 2026,Total Income,134599.0
JSCL,quarterly,Q1 2026,Total Income,489450.0
JSCL,quarterly,Q3 2025,Total Income,214189.0
JSCL,quarterly,Q2 2025,Total Income,183734.0
JSCL,quarterly,Q2 2026,Profit after Taxation,2101.0
JSCL,quarterly,Q1 2026,Profit after Taxation,260418.0
JSCL,quarterly,Q3 2025,Profit after Taxation,20927.0
JSCL,quarterly,Q2 2025,Profit after Taxation,52504.0
JSCL,quarterly,Q2 2026,EPS,0.01
JSCL,quarterly,Q1 2026,EPS,0.28
JSCL,quarterly,Q3 2025,EPS,0.02
JSCL,quarterly,Q2 2025,EPS,0.06
JSCL,annual,2025,Net Profit Margin (%),28.74
JSCL,annual,2024,Net Profit Margin (%),36.43
JSCL,annual,2023,Net Profit Margin (%),18.52
JSCL,annual,2022,Net Profit Margin (%),24.94
JSCL,annual,2025,EPS Growth (%),-10.0
JSCL,annual,2024,EPS Growth (%),25.0
JSCL,annual,2023,EPS Growth (%),-15.79
JSCL,annual,2022,EPS Growth (%),-55.81
JSCL,annual,2025,PEG,-6.69
JSCL,annual,2024,PEG,1.8
JSCL,annual,2023,PEG,-2.87
JSCL,annual,2022,PEG,-0.48
JSGCL,annual,2025,Total Income,2926493.0
JSGCL,annual,2024,Total Income,1888600.0
JSGCL,annual,2023,Total Income,1288599.0
JSGCL,annual,2022,Total Income,978442.0
JSGCL,annual,2025,Profit after Taxation,608568.0
JSGCL,annual,2024,Profit after Taxation,454556.0
JSGCL,annual,2023,Profit after Taxation,187296.0
JSGCL,annual,2022,Profit after Taxation,76121.0
JSGCL,annual,2025,EPS,22.15
JSGCL,annual,2024,EPS,16.54
JSGCL,annual,2023,EPS,6.82
JSGCL,annual,2022,EPS,2.77
JSGCL,quarterly,Q2 2026,Total Income,742917.0
JSGCL,quarterly,Q1 2026,Total Income,860476.0
JSGCL,quarterly,Q3 2025,Total Income,814350.0
JSGCL,quarterly,Q2 2025,Total Income,556411.0
JSGCL,quarterly,Q2 2026,Profit after Taxation,173107.0
JSGCL,quarterly,Q1 2026,Profit after Taxation,206479.0
JSGCL,quarterly,Q3 2025,Profit after Taxation,176938.0
JSGCL,quarterly,Q2 2025,Profit after Taxation,96399.0
JSGCL,quarterly,Q2 2026,EPS,6.3
JSGCL,quarterly,Q1 2026,EPS,7.51
JSGCL,quarterly,Q3 2025,EPS,6.44
JSGCL,quarterly,Q2 2025,EPS,3.51
JSGCL,annual,2025,Net Profit Margin (%),20.8
JSGCL,annual,2024,Net Profit Margin (%),24.07
JSGCL,annual,2023,Net Profit Margin (%),14.53
JSGCL,annual,2022,Net Profit Margin (%),7.78
JSGCL,annual,2025,EPS Growth (%),33.92
JSGCL,annual,2024,EPS Growth (%),142.52
JSGCL,annual,2023,EPS Growth (%),146.21
JSGCL,annual,2022,EPS Growth (%),-80.59
JSGCL,annual,2025,PEG,0.25
JSGCL,annual,2024,PEG,0.05
JSGCL,annual,2023,PEG,0.16
JSGCL,annual,2022,PEG,-0.45
JSIL,annual,2025,Total Income,1674860.0
JSIL,annual,2024,Total Income,1016118.0
JSIL,annual,2023,Total Income,665261.0
JSIL,annual,2022,Total Income,242224.0
JSIL,annual,2025,Profit after Taxation,483284.0
JSIL,annual,2024,Profit after Taxation,448923.0
JSIL,annual,2023,Profit after Taxation,310024.0
JSIL,annual,2022,Profit after Taxation,-149051.0
JSIL,annual,2025,EPS,7.82
JSIL,annual,2024,EPS,7.27
JSIL,annual,2023,EPS,5.02
JSIL,annual,2022,EPS,-2.41
JSIL,quarterly,Q2 2026,Total Income,463934.0
JSIL,quarterly,Q1 2026,Total Income,299988.0
JSIL,quarterly,Q3 2024,Total Income,546230.0
JSIL,quarterly,Q2 2025,Total Income,364703.0
JSIL,quarterly,Q2 2026,Profit after Taxation,115662.0
JSIL,quarterly,Q1 2026,Profit after Taxation,63865.0
JSIL,quarterly,Q3 2024,Profit after Taxation,186327.0
JSIL,quarterly,Q2 2025,Profit after Taxation,80441.0
JSIL,quarterly,Q2 2026,EPS,1.87
JSIL,quarterly,Q1 2026,EPS,1.03
JSIL,quarterly,Q3 2024,EPS,3.02
JSIL,quarterly,Q2 2025,EPS,1.3
JSIL,annual,2025,Net Profit Margin (%),28.86
JSIL,annual,2024,Net Profit Margin (%),44.18
JSIL,annual,2023,Net Profit Margin (%),46.6
JSIL,annual,2022,Net Profit Margin (%),-61.53
JSIL,annual,2025,EPS Growth (%),7.57
JSIL,annual,2024,EPS Growth (%),44.82
JSIL,annual,2023,EPS Growth (%),308.3
JSIL,annual,2022,EPS Growth (%),50.41
JSIL,annual,2025,PEG,0.73
JSIL,annual,2024,PEG,0.08
JSIL,annual,2023,PEG,0.01
JSIL,annual,2022,PEG,-0.11
JSML,annual,2025,Sales,10727499.0
JSML,annual,2024,Sales,7996452.0
JSML,annual,2023,Sales,6925893.0
JSML,annual,2022,Sales,5180431.0
JSML,annual,2025,Profit after Taxation,250012.0
JSML,annual,2024,Profit after Taxation,1880.0
JSML,annual,2023,Profit after Taxation,212233.0
JSML,annual,2022,Profit after Taxation,127721.0
JSML,annual,2025,EPS,7.33
JSML,annual,2024,EPS,0.06
JSML,annual,2023,EPS,6.22
JSML,annual,2022,EPS,3.74
JSML,quarterly,Q3 2026,Sales,2090798.0
JSML,quarterly,Q2 2026,Sales,3230216.0
JSML,quarterly,Q1 2026,Sales,2054300.0
JSML,quarterly,Q3 2025,Sales,2633482.0
JSML,quarterly,Q3 2026,Profit after Taxation,2091.0
JSML,quarterly,Q2 2026,Profit after Taxation,34490.0
JSML,quarterly,Q1 2026,Profit after Taxation,36680.0
JSML,quarterly,Q3 2025,Profit after Taxation,69906.0
JSML,quarterly,Q3 2026,EPS,0.06
JSML,quarterly,Q2 2026,EPS,1.01
JSML,quarterly,Q1 2026,EPS,1.07
JSML,quarterly,Q3 2025,EPS,2.05
JSML,annual,2025,Gross Profit Margin (%),13.81
JSML,annual,2024,Gross Profit Margin (%),12.62
JSML,annual,2023,Gross Profit Margin (%),15.51
JSML,annual,2022,Gross Profit Margin (%),15.99
JSML,annual,2025,Net Profit Margin (%),2.33
JSML,annual,2024,Net Profit Margin (%),0.02
JSML,annual,2023,Net Profit Margin (%),3.06
JSML,annual,2022,Net Profit Margin (%),2.47
JSML,annual,2025,EPS Growth (%),12116.67
JSML,annual,2024,EPS Growth (%),-99.04
JSML,annual,2023,EPS Growth (%),66.31
JSML,annual,2022,EPS Growth (%),25.5
JSML,annual,2025,PEG,0.0
JSML,annual,2024,PEG,-3.68
JSML,annual,2023,PEG,0.04
JSML,annual,2022,PEG,0.15
JUBS,annual,2026,Sales,11625.0
JUBS,annual,2025,Sales,12750.0
JUBS,annual,2024,Sales,10940.0
JUBS,annual,2023,Sales,5338.0
JUBS,annual,2026,Profit after Taxation,43337.0
JUBS,annual,2025,Profit after Taxation,137623.0
JUBS,annual,2024,Profit after Taxation,184355.0
JUBS,annual,2023,Profit after Taxation,71614.0
JUBS,annual,2026,EPS,1.33
JUBS,annual,2025,EPS,4.24
JUBS,annual,2024,EPS,5.67
JUBS,annual,2023,EPS,2.2
JUBS,quarterly,Q3 2026,Sales,2408.0
JUBS,quarterly,Q2 2026,Sales,3263.0
JUBS,quarterly,Q1 2026,Sales,3267.0
JUBS,quarterly,Q3 2025,Sales,3593.0
JUBS,quarterly,Q3 2026,Profit after Taxation,-551.0
JUBS,quarterly,Q2 2026,Profit after Taxation,1590.0
JUBS,quarterly,Q1 2026,Profit after Taxation,-2828.0
JUBS,quarterly,Q3 2025,Profit after Taxation,4896.0
JUBS,quarterly,Q3 2026,EPS,-0.02
JUBS,quarterly,Q2 2026,EPS,0.05
JUBS,quarterly,Q1 2026,EPS,-0.09
JUBS,quarterly,Q3 2025,EPS,0.15
JUBS,annual,2026,Gross Profit Margin (%),44.75
JUBS,annual,2025,Gross Profit Margin (%),42.01
JUBS,annual,2024,Gross Profit Margin (%),31.44
JUBS,annual,2023,Gross Profit Margin (%),37.77
JUBS,annual,2026,Net Profit Margin (%),372.79
JUBS,annual,2025,Net Profit Margin (%),1079.39
JUBS,annual,2024,Net Profit Margin (%),1685.13
JUBS,annual,2023,Net Profit Margin (%),1341.6
JUBS,annual,2026,EPS Growth (%),-68.63
JUBS,annual,2025,EPS Growth (%),-25.22
JUBS,annual,2024,EPS Growth (%),157.73
JUBS,annual,2023,EPS Growth (%),62.96
JUBS,annual,2026,PEG,-0.56
JUBS,annual,2025,PEG,-0.11
JUBS,annual,2024,PEG,0.01
JUBS,annual,2023,PEG,0.02
JVDC,annual,2026,Sales,9744023.0
JVDC,annual,2025,Sales,7361129.0
JVDC,annual,2024,Sales,4214923.0
JVDC,annual,2023,Sales,16827214.0
JVDC,annual,2026,Profit after Taxation,3863636.0
JVDC,annual,2025,Profit after Taxation,1655971.0
JVDC,annual,2024,Profit after Taxation,1703627.0
JVDC,annual,2023,Profit after Taxation,6741951.0
JVDC,annual,2026,EPS,10.14
JVDC,annual,2025,EPS,4.11
JVDC,annual,2024,EPS,4.47
JVDC,annual,2023,EPS,17.7
JVDC,quarterly,Q3 2026,Sales,3116937.0
JVDC,quarterly,Q2 2026,Sales,2966702.0
JVDC,quarterly,Q1 2026,Sales,1698221.0
JVDC,quarterly,Q3 2025,Sales,1313587.0
JVDC,quarterly,Q3 2026,Profit after Taxation,1930129.0
JVDC,quarterly,Q2 2026,Profit after Taxation,1557593.0
JVDC,quarterly,Q1 2026,Profit after Taxation,724477.0
JVDC,quarterly,Q3 2025,Profit after Taxation,574840.0
JVDC,quarterly,Q3 2026,EPS,5.07
JVDC,quarterly,Q2 2026,EPS,4.09
JVDC,quarterly,Q1 2026,EPS,1.9
JVDC,quarterly,Q3 2025,EPS,1.51
JVDC,annual,2026,Gross Profit Margin (%),59.48
JVDC,annual,2025,Gross Profit Margin (%),31.0
JVDC,annual,2024,Gross Profit Margin (%),59.48
JVDC,annual,2023,Gross Profit Margin (%),53.68
JVDC,annual,2026,Net Profit Margin (%),39.65
JVDC,annual,2025,Net Profit Margin (%),22.5
JVDC,annual,2024,Net Profit Margin (%),40.42
JVDC,annual,2023,Net Profit Margin (%),40.07
JVDC,annual,2026,EPS Growth (%),146.72
JVDC,annual,2025,EPS Growth (%),-8.05
JVDC,annual,2024,EPS Growth (%),-74.75
JVDC,annual,2023,EPS Growth (%),348.1
JVDC,annual,2026,PEG,0.1
JVDC,annual,2025,PEG,-1.94
JVDC,annual,2024,PEG,-0.1
JVDC,annual,2023,PEG,0.01
KACM,annual,2017,Profit after Taxation,6877.0
KACM,annual,2016,Profit after Taxation,-308.0
KACM,annual,2015,Profit after Taxation,2164.0
KACM,annual,2017,EPS,0.3
KACM,annual,2016,EPS,-0.26
KACM,annual,2015,EPS,1.83
KACM,annual,2017,EPS Growth (%),215.38
KACM,annual,2016,EPS Growth (%),-114.21
KACM,annual,2017,PEG,0.25
KACM,annual,2016,PEG,0.54
KAPCO,annual,2026,Sales,19162498.0
KAPCO,annual,2025,Sales,1563320.0
KAPCO,annual,2023,Sales,25435312.0
KAPCO,annual,2026,Profit after Taxation,2519594.0
KAPCO,annual,2025,Profit after Taxation,2536065.0
KAPCO,annual,2024,Profit after Taxation,4313618.0
KAPCO,annual,2023,Profit after Taxation,3958757.0
KAPCO,annual,2026,EPS,2.86
KAPCO,annual,2025,EPS,2.88
KAPCO,annual,2024,EPS,4.9
KAPCO,annual,2023,EPS,4.5
KAPCO,quarterly,Q3 2026,Sales,5698910.0
KAPCO,quarterly,Q2 2026,Sales,223734.0
KAPCO,quarterly,Q1 2026,Sales,4155946.0
KAPCO,quarterly,Q3 2026,Profit after Taxation,687720.0
KAPCO,quarterly,Q2 2026,Profit after Taxation,815627.0
KAPCO,quarterly,Q1 2026,Profit after Taxation,4876.0
KAPCO,quarterly,Q3 2025,Profit after Taxation,461020.0
KAPCO,quarterly,Q3 2026,EPS,0.78
KAPCO,quarterly,Q2 2026,EPS,0.93
KAPCO,quarterly,Q1 2026,EPS,0.01
KAPCO,quarterly,Q3 2025,EPS,0.52
KAPCO,annual,2026,Gross Profit Margin (%),-0.2
KAPCO,annual,2025,Gross Profit Margin (%),-28.03
KAPCO,annual,2023,Gross Profit Margin (%),8.11
KAPCO,annual,2026,Net Profit Margin (%),13.15
KAPCO,annual,2025,Net Profit Margin (%),162.22
KAPCO,annual,2023,Net Profit Margin (%),15.56
KAPCO,annual,2026,EPS Growth (%),-0.69
KAPCO,annual,2025,EPS Growth (%),-41.22
KAPCO,annual,2024,EPS Growth (%),8.89
KAPCO,annual,2023,EPS Growth (%),-59.96
KAPCO,annual,2026,PEG,-14.26
KAPCO,annual,2025,PEG,-0.28
KAPCO,annual,2024,PEG,0.76
KAPCO,annual,2023,PEG,-0.08
KASBM,annual,2022,Total Income,29457.0
KASBM,annual,2021,Total Income,12899.0
KASBM,annual,2020,Total Income,9409.0
KASBM,annual,2019,Total Income,20815.0
KASBM,annual,2022,Profit after Taxation,6163.0
KASBM,annual,2021,Profit after Taxation,29203.0
KASBM,annual,2020,Profit after Taxation,-102921.0
KASBM,annual,2019,Profit after Taxation,-34240.0
KASBM,annual,2022,EPS,0.13
KASBM,annual,2021,EPS,0.61
KASBM,annual,2020,EPS,-2.14
KASBM,annual,2019,EPS,-0.71
KASBM,quarterly,Q3 2023,Total Income,13125.0
KASBM,quarterly,Q2 2023,Total Income,12782.0
KASBM,quarterly,Q1 2023,Total Income,11041.0
KASBM,quarterly,Q3 2022,Total Income,7855.0
KASBM,quarterly,Q3 2023,Profit after Taxation,15243.0
KASBM,quarterly,Q2 2023,Profit after Taxation,6074.0
KASBM,quarterly,Q1 2023,Profit after Taxation,3299.0
KASBM,quarterly,Q3 2022,Profit after Taxation,2136.0
KASBM,quarterly,Q3 2023,EPS,0.32
KASBM,quarterly,Q2 2023,EPS,0.13
KASBM,quarterly,Q1 2023,EPS,0.07
KASBM,quarterly,Q3 2022,EPS,0.04
KASBM,annual,2022,EPS Growth (%),-78.69
KASBM,annual,2021,EPS Growth (%),128.5
KASBM,annual,2020,EPS Growth (%),-201.41
KASBM,annual,2019,EPS Growth (%),70.17
KASBM,annual,2022,PEG,-0.19
KASBM,annual,2021,PEG,0.03
KASBM,annual,2020,PEG,0.0
KASBM,annual,2019,PEG,-0.02
KCL,annual,2025,Sales,584210.0
KCL,annual,2024,Sales,1348466.0
KCL,annual,2023,Sales,977133.0
KCL,annual,2022,Sales,818082.0
KCL,annual,2025,Profit after Taxation,-728226.0
KCL,annual,2024,Profit after Taxation,-432088.0
KCL,annual,2023,Profit after Taxation,-474963.0
KCL,annual,2022,Profit after Taxation,-251760.0
KCL,annual,2025,EPS,-50.05
KCL,annual,2024,EPS,-29.7
KCL,annual,2023,EPS,-32.65
KCL,annual,2022,EPS,-17.3
KCL,quarterly,Q3 2026,Sales,155347.0
KCL,quarterly,Q3 2025,Sales,295806.0
KCL,quarterly,Q2 2025,Sales,29549.0
KCL,quarterly,Q1 2025,Sales,171245.0
KCL,quarterly,Q3 2026,Profit after Taxation,-27903.0
KCL,quarterly,Q3 2025,Profit after Taxation,-217513.0
KCL,quarterly,Q2 2025,Profit after Taxation,-151001.0
KCL,quarterly,Q1 2025,Profit after Taxation,-98983.0
KCL,quarterly,Q3 2026,EPS,-1.92
KCL,quarterly,Q3 2025,EPS,-14.95
KCL,quarterly,Q2 2025,EPS,-10.38
KCL,quarterly,Q1 2025,EPS,-6.8
KCL,annual,2025,Gross Profit Margin (%),-91.04
KCL,annual,2024,Gross Profit Margin (%),-31.06
KCL,annual,2023,Gross Profit Margin (%),-37.01
KCL,annual,2022,Gross Profit Margin (%),-24.21
KCL,annual,2025,Net Profit Margin (%),-124.65
KCL,annual,2024,Net Profit Margin (%),-32.04
KCL,annual,2023,Net Profit Margin (%),-48.61
KCL,annual,2022,Net Profit Margin (%),-30.77
KCL,annual,2025,EPS Growth (%),-68.52
KCL,annual,2024,EPS Growth (%),9.04
KCL,annual,2023,EPS Growth (%),-88.73
KCL,annual,2022,EPS Growth (%),-704.9
KCL,annual,2025,PEG,0.03
KCL,annual,2024,PEG,-0.18
KCL,annual,2023,PEG,0.02
KCL,annual,2022,PEG,0.0
KEL,annual,2024,Sales,614968947.0
KEL,annual,2023,Sales,519471227.0
KEL,annual,2022,Sales,518777106.0
KEL,annual,2021,Sales,325048549.0
KEL,annual,2024,Profit after Taxation,4128296.0
KEL,annual,2023,Profit after Taxation,-39389728.0
KEL,annual,2022,Profit after Taxation,8523578.0
KEL,annual,2021,Profit after Taxation,11998182.0
KEL,annual,2024,EPS,0.15
KEL,annual,2023,EPS,-1.43
KEL,annual,2022,EPS,0.31
KEL,annual,2021,EPS,0.43
KEL,quarterly,Q2 2024,Sales,153124459.0
KEL,quarterly,Q3 2023,Sales,102505511.0
KEL,quarterly,Q2 2023,Sales,111101090.0
KEL,quarterly,Q1 2023,Sales,154534053.0
KEL,quarterly,Q2 2024,Profit after Taxation,5808142.0
KEL,quarterly,Q3 2023,Profit after Taxation,-12357411.0
KEL,quarterly,Q2 2023,Profit after Taxation,-8801021.0
KEL,quarterly,Q1 2023,Profit after Taxation,-16335899.0
KEL,quarterly,Q2 2024,EPS,0.21
KEL,quarterly,Q3 2023,EPS,-0.45
KEL,quarterly,Q2 2023,EPS,-0.32
KEL,quarterly,Q1 2023,EPS,-0.59
KEL,annual,2024,Gross Profit Margin (%),21.33
KEL,annual,2023,Gross Profit Margin (%),11.32
KEL,annual,2022,Gross Profit Margin (%),13.96
KEL,annual,2021,Gross Profit Margin (%),18.21
KEL,annual,2024,Net Profit Margin (%),0.67
KEL,annual,2023,Net Profit Margin (%),-7.58
KEL,annual,2022,Net Profit Margin (%),1.64
KEL,annual,2021,Net Profit Margin (%),3.69
KEL,annual,2024,EPS Growth (%),110.49
KEL,annual,2023,EPS Growth (%),-561.29
KEL,annual,2022,EPS Growth (%),-27.91
KEL,annual,2021,EPS Growth (%),490.91
KEL,annual,2024,PEG,0.28
KEL,annual,2023,PEG,0.0
KEL,annual,2022,PEG,-0.35
KEL,annual,2021,PEG,0.02
KHSM,annual,2021,Sales,973065.0
KHSM,annual,2020,Sales,626656.0
KHSM,annual,2021,Profit after Taxation,33212.0
KHSM,annual,2020,Profit after Taxation,17897.0
KHSM,annual,2019,Profit after Taxation,-14455.0
KHSM,annual,2018,Profit after Taxation,-3275.0
KHSM,annual,2021,EPS,2.52
KHSM,annual,2020,EPS,1.36
KHSM,annual,2019,EPS,-1.1
KHSM,annual,2018,EPS,-0.25
KHSM,quarterly,Q3 2022,Sales,265725.0
KHSM,quarterly,Q2 2022,Sales,321506.0
KHSM,quarterly,Q1 2022,Sales,289678.0
KHSM,quarterly,Q3 2021,Sales,249564.0
KHSM,quarterly,Q3 2022,Profit after Taxation,21745.0
KHSM,quarterly,Q2 2022,Profit after Taxation,30237.0
KHSM,quarterly,Q1 2022,Profit after Taxation,8358.0
KHSM,quarterly,Q3 2021,Profit after Taxation,4221.0
KHSM,quarterly,Q3 2022,EPS,1.65
KHSM,quarterly,Q2 2022,EPS,2.3
KHSM,quarterly,Q1 2022,EPS,0.63
KHSM,quarterly,Q3 2021,EPS,0.32
KHSM,annual,2021,Gross Profit Margin (%),11.12
KHSM,annual,2020,Gross Profit Margin (%),9.56
KHSM,annual,2021,Net Profit Margin (%),3.41
KHSM,annual,2020,Net Profit Margin (%),2.86
KHSM,annual,2021,EPS Growth (%),85.29
KHSM,annual,2020,EPS Growth (%),223.64
KHSM,annual,2019,EPS Growth (%),-340.0
KHSM,annual,2018,EPS Growth (%),-4066.67
KHSM,annual,2021,PEG,0.05
KHSM,annual,2020,PEG,0.02
KHSM,annual,2019,PEG,0.0
KHSM,annual,2018,PEG,0.0
KHTC,annual,2026,Sales,9325550.0
KHTC,annual,2025,Sales,9890703.0
KHTC,annual,2024,Sales,3113760.0
KHTC,annual,2023,Sales,7434548.0
KHTC,annual,2026,Profit after Taxation,-1020714.0
KHTC,annual,2025,Profit after Taxation,274648.0
KHTC,annual,2024,Profit after Taxation,-1021997.0
KHTC,annual,2023,Profit after Taxation,1998401.0
KHTC,annual,2026,EPS,-147.45
KHTC,annual,2025,EPS,39.67
KHTC,annual,2024,EPS,-147.63
KHTC,annual,2023,EPS,288.68
KHTC,quarterly,Q3 2026,Sales,2716903.0
KHTC,quarterly,Q2 2026,Sales,3104072.0
KHTC,quarterly,Q1 2026,Sales,1581637.0
KHTC,quarterly,Q3 2025,Sales,3963403.0
KHTC,quarterly,Q3 2026,Profit after Taxation,475108.0
KHTC,quarterly,Q2 2026,Profit after Taxation,-584658.0
KHTC,quarterly,Q1 2026,Profit after Taxation,36972.0
KHTC,quarterly,Q3 2025,Profit after Taxation,552323.0
KHTC,quarterly,Q3 2026,EPS,68.63
KHTC,quarterly,Q2 2026,EPS,-84.46
KHTC,quarterly,Q1 2026,EPS,5.34
KHTC,quarterly,Q3 2025,EPS,79.79
KHTC,annual,2026,Gross Profit Margin (%),1.41
KHTC,annual,2025,Gross Profit Margin (%),17.94
KHTC,annual,2024,Gross Profit Margin (%),5.01
KHTC,annual,2023,Gross Profit Margin (%),37.28
KHTC,annual,2026,Net Profit Margin (%),-10.95
KHTC,annual,2025,Net Profit Margin (%),2.78
KHTC,annual,2024,Net Profit Margin (%),-32.82
KHTC,annual,2023,Net Profit Margin (%),26.88
KHTC,annual,2026,EPS Growth (%),-471.69
KHTC,annual,2025,EPS Growth (%),126.87
KHTC,annual,2024,EPS Growth (%),-151.14
KHTC,annual,2023,EPS Growth (%),339.93
KHTC,annual,2026,PEG,0.0
KHTC,annual,2025,PEG,0.08
KHTC,annual,2024,PEG,0.01
KHTC,annual,2023,PEG,0.0
KHYT,annual,2026,Sales,22787.0
KHYT,annual,2025,Sales,20684.0
KHYT,annual,2024,Sales,18355.0
KHYT,annual,2023,Sales,27104.0
KHYT,annual,2026,Profit after Taxation,-7851.0
KHYT,annual,2025,Profit after Taxation,-5825.0
KHYT,annual,2024,Profit after Taxation,-4662.0
KHYT,annual,2023,Profit after Taxation,-3915.0
KHYT,annual,2026,EPS,-6.4
KHYT,annual,2025,EPS,-4.75
KHYT,annual,2024,EPS,-3.8
KHYT,annual,2023,EPS,-3.19
KHYT,quarterly,Q3 2026,Sales,530.0
KHYT,quarterly,Q3 2025,Sales,609.0
KHYT,quarterly,Q3 2026,Profit after Taxation,-2631.0
KHYT,quarterly,Q2 2026,Profit after Taxation,-1399.0
KHYT,quarterly,Q1 2026,Profit after Taxation,-4677.0
KHYT,quarterly,Q3 2025,Profit after Taxation,-3875.0
KHYT,quarterly,Q3 2026,EPS,-2.14
KHYT,quarterly,Q2 2026,EPS,-1.14
KHYT,quarterly,Q1 2026,EPS,-3.81
KHYT,quarterly,Q3 2025,EPS,-3.16
KHYT,annual,2026,Gross Profit Margin (%),31.39
KHYT,annual,2025,Gross Profit Margin (%),28.89
KHYT,annual,2024,Gross Profit Margin (%),27.48
KHYT,annual,2023,Gross Profit Margin (%),28.33
KHYT,annual,2026,Net Profit Margin (%),-34.46
KHYT,annual,2025,Net Profit Margin (%),-28.16
KHYT,annual,2024,Net Profit Margin (%),-25.4
KHYT,annual,2023,Net Profit Margin (%),-14.44
KHYT,annual,2026,EPS Growth (%),-34.74
KHYT,annual,2025,EPS Growth (%),-25.0
KHYT,annual,2024,EPS Growth (%),-19.12
KHYT,annual,2023,EPS Growth (%),24.76
KHYT,annual,2026,PEG,7.26
KHYT,annual,2025,PEG,10.58
KHYT,annual,2024,PEG,5.82
KHYT,annual,2023,PEG,-9.43
KML,annual,2026,Sales,25596540.0
KML,annual,2025,Sales,27137277.0
KML,annual,2024,Sales,29854242.0
KML,annual,2023,Sales,28208445.0
KML,annual,2026,Profit after Taxation,5521.0
KML,annual,2025,Profit after Taxation,233513.0
KML,annual,2024,Profit after Taxation,-19623.0
KML,annual,2023,Profit after Taxation,2001511.0
KML,annual,2026,EPS,0.01
KML,annual,2025,EPS,0.46
KML,annual,2024,EPS,-0.04
KML,annual,2023,EPS,39.31
KML,quarterly,Q3 2026,Sales,6519331.0
KML,quarterly,Q2 2026,Sales,6799968.0
KML,quarterly,Q1 2026,Sales,6274023.0
KML,quarterly,Q3 2025,Sales,6571781.0
KML,quarterly,Q3 2026,Profit after Taxation,12844.0
KML,quarterly,Q2 2026,Profit after Taxation,79712.0
KML,quarterly,Q1 2026,Profit after Taxation,56600.0
KML,quarterly,Q3 2025,Profit after Taxation,29149.0
KML,quarterly,Q3 2026,EPS,0.03
KML,quarterly,Q2 2026,EPS,0.16
KML,quarterly,Q1 2026,EPS,0.11
KML,quarterly,Q3 2025,EPS,0.06
KML,annual,2026,Gross Profit Margin (%),13.62
KML,annual,2025,Gross Profit Margin (%),13.32
KML,annual,2024,Gross Profit Margin (%),14.22
KML,annual,2023,Gross Profit Margin (%),20.8
KML,annual,2026,Net Profit Margin (%),0.02
KML,annual,2025,Net Profit Margin (%),0.86
KML,annual,2024,Net Profit Margin (%),-0.07
KML,annual,2023,Net Profit Margin (%),7.1
KML,annual,2026,EPS Growth (%),-97.83
KML,annual,2025,EPS Growth (%),1250.0
KML,annual,2024,EPS Growth (%),-100.1
KML,annual,2023,EPS Growth (%),115.52
KML,annual,2026,PEG,-8.5
KML,annual,2025,PEG,0.08
KML,annual,2024,PEG,8.69
KML,annual,2023,PEG,0.01
KOHC,annual,2026,Sales,38530653.0
KOHC,annual,2025,Sales,37535700.0
KOHC,annual,2024,Sales,38647768.0
KOHC,annual,2023,Sales,38921635.0
KOHC,annual,2026,Profit after Taxation,10696851.0
KOHC,annual,2025,Profit after Taxation,11575154.0
KOHC,annual,2024,Profit after Taxation,8893455.0
KOHC,annual,2023,Profit after Taxation,5820751.0
KOHC,annual,2026,EPS,11.64
KOHC,annual,2025,EPS,11.97
KOHC,annual,2024,EPS,9.06
KOHC,annual,2023,EPS,28.98
KOHC,quarterly,Q3 2026,Sales,8156622.0
KOHC,quarterly,Q2 2026,Sales,10456679.0
KOHC,quarterly,Q1 2026,Sales,10287383.0
KOHC,quarterly,Q3 2025,Sales,8152123.0
KOHC,quarterly,Q3 2026,Profit after Taxation,1870300.0
KOHC,quarterly,Q2 2026,Profit after Taxation,2595706.0
KOHC,quarterly,Q1 2026,Profit after Taxation,2944008.0
KOHC,quarterly,Q3 2025,Profit after Taxation,2336193.0
KOHC,quarterly,Q3 2026,EPS,2.03
KOHC,quarterly,Q2 2026,EPS,2.82
KOHC,quarterly,Q1 2026,EPS,3.2
KOHC,quarterly,Q3 2025,EPS,2.39
KOHC,annual,2026,Gross Profit Margin (%),35.42
KOHC,annual,2025,Gross Profit Margin (%),39.67
KOHC,annual,2024,Gross Profit Margin (%),29.13
KOHC,annual,2023,Gross Profit Margin (%),26.8
KOHC,annual,2026,Net Profit Margin (%),27.76
KOHC,annual,2025,Net Profit Margin (%),30.84
KOHC,annual,2024,Net Profit Margin (%),23.01
KOHC,annual,2023,Net Profit Margin (%),14.96
KOHC,annual,2026,EPS Growth (%),-2.76
KOHC,annual,2025,EPS Growth (%),32.12
KOHC,annual,2024,EPS Growth (%),-68.74
KOHC,annual,2023,EPS Growth (%),15.87
KOHC,annual,2026,PEG,-3.43
KOHC,annual,2025,PEG,0.99
KOHC,annual,2024,PEG,-0.4
KOHC,annual,2023,PEG,0.38
KOHE,annual,2026,Sales,6355053.0
KOHE,annual,2025,Sales,4328811.0
KOHE,annual,2024,Sales,10009893.0
KOHE,annual,2023,Sales,12583137.0
KOHE,annual,2026,Profit after Taxation,743418.0
KOHE,annual,2025,Profit after Taxation,724351.0
KOHE,annual,2024,Profit after Taxation,1600498.0
KOHE,annual,2023,Profit after Taxation,1573467.0
KOHE,annual,2026,EPS,4.39
KOHE,annual,2025,EPS,4.27
KOHE,annual,2024,EPS,9.44
KOHE,annual,2023,EPS,9.29
KOHE,quarterly,Q3 2026,Sales,1463355.0
KOHE,quarterly,Q2 2026,Sales,583253.0
KOHE,quarterly,Q1 2026,Sales,798469.0
KOHE,quarterly,Q3 2025,Sales,1064021.0
KOHE,quarterly,Q3 2026,Profit after Taxation,224001.0
KOHE,quarterly,Q2 2026,Profit after Taxation,85262.0
KOHE,quarterly,Q1 2026,Profit after Taxation,139509.0
KOHE,quarterly,Q3 2025,Profit after Taxation,180093.0
KOHE,quarterly,Q3 2026,EPS,1.32
KOHE,quarterly,Q2 2026,EPS,0.5
KOHE,quarterly,Q1 2026,EPS,0.82
KOHE,quarterly,Q3 2025,EPS,1.06
KOHE,annual,2026,Gross Profit Margin (%),18.23
KOHE,annual,2025,Gross Profit Margin (%),31.09
KOHE,annual,2024,Gross Profit Margin (%),22.96
KOHE,annual,2023,Gross Profit Margin (%),18.98
KOHE,annual,2026,Net Profit Margin (%),11.7
KOHE,annual,2025,Net Profit Margin (%),16.73
KOHE,annual,2024,Net Profit Margin (%),15.99
KOHE,annual,2023,Net Profit Margin (%),12.5
KOHE,annual,2026,EPS Growth (%),2.81
KOHE,annual,2025,EPS Growth (%),-54.77
KOHE,annual,2024,EPS Growth (%),1.61
KOHE,annual,2023,EPS Growth (%),4.38
KOHE,annual,2026,PEG,1.33
KOHE,annual,2025,PEG,-0.07
KOHE,annual,2024,PEG,2.67
KOHE,annual,2023,PEG,0.76
KOHP,annual,2026,Sales,10220.0
KOHP,annual,2025,Sales,6742.0
KOHP,annual,2024,Sales,11118.0
KOHP,annual,2023,Sales,17552.0
KOHP,annual,2026,Profit after Taxation,-3469.0
KOHP,annual,2025,Profit after Taxation,10919.0
KOHP,annual,2024,Profit after Taxation,-15728.0
KOHP,annual,2023,Profit after Taxation,-1700.0
KOHP,annual,2026,EPS,-0.28
KOHP,annual,2025,EPS,0.87
KOHP,annual,2024,EPS,-1.25
KOHP,annual,2023,EPS,-0.13
KOHP,quarterly,Q3 2025,Sales,1408.0
KOHP,quarterly,Q2 2026,Sales,2471.0
KOHP,quarterly,Q1 2026,Sales,2494.0
KOHP,quarterly,Q3 2025,Sales,1408.0
KOHP,quarterly,Q3 2025,Profit after Taxation,520.0
KOHP,quarterly,Q2 2026,Profit after Taxation,1063.0
KOHP,quarterly,Q1 2026,Profit after Taxation,1418.0
KOHP,quarterly,Q3 2025,Profit after Taxation,520.0
KOHP,quarterly,Q3 2025,EPS,0.05
KOHP,quarterly,Q2 2026,EPS,0.09
KOHP,quarterly,Q1 2026,EPS,0.11
KOHP,quarterly,Q3 2025,EPS,0.05
KOHP,annual,2026,Gross Profit Margin (%),53.65
KOHP,annual,2025,Gross Profit Margin (%),36.75
KOHP,annual,2024,Gross Profit Margin (%),29.42
KOHP,annual,2023,Gross Profit Margin (%),12.77
KOHP,annual,2026,Net Profit Margin (%),-33.94
KOHP,annual,2025,Net Profit Margin (%),161.95
KOHP,annual,2024,Net Profit Margin (%),-141.46
KOHP,annual,2023,Net Profit Margin (%),-9.69
KOHP,annual,2026,EPS Growth (%),-132.18
KOHP,annual,2025,EPS Growth (%),169.6
KOHP,annual,2024,EPS Growth (%),-861.54
KOHP,annual,2023,EPS Growth (%),50.0
KOHP,annual,2026,PEG,0.73
KOHP,annual,2025,PEG,0.05
KOHP,annual,2024,PEG,0.01
KOHP,annual,2023,PEG,-0.57
KOHTM,annual,2026,Sales,8632729.0
KOHTM,annual,2025,Sales,8253381.0
KOHTM,annual,2024,Sales,7964142.0
KOHTM,annual,2023,Sales,5952262.0
KOHTM,annual,2026,Profit after Taxation,291946.0
KOHTM,annual,2025,Profit after Taxation,280766.0
KOHTM,annual,2024,Profit after Taxation,214117.0
KOHTM,annual,2023,Profit after Taxation,85154.0
KOHTM,annual,2026,EPS,14.04
KOHTM,annual,2025,EPS,13.5
KOHTM,annual,2024,EPS,10.29
KOHTM,annual,2023,EPS,4.09
KOHTM,quarterly,Q3 2026,Sales,1909178.0
KOHTM,quarterly,Q2 2026,Sales,2399598.0
KOHTM,quarterly,Q1 2026,Sales,2004422.0
KOHTM,quarterly,Q3 2025,Sales,1961220.0
KOHTM,quarterly,Q3 2026,Profit after Taxation,72325.0
KOHTM,quarterly,Q2 2026,Profit after Taxation,70846.0
KOHTM,quarterly,Q1 2026,Profit after Taxation,114888.0
KOHTM,quarterly,Q3 2025,Profit after Taxation,91446.0
KOHTM,quarterly,Q3 2026,EPS,3.48
KOHTM,quarterly,Q2 2026,EPS,3.41
KOHTM,quarterly,Q1 2026,EPS,5.52
KOHTM,quarterly,Q3 2025,EPS,4.4
KOHTM,annual,2026,Gross Profit Margin (%),16.11
KOHTM,annual,2025,Gross Profit Margin (%),14.59
KOHTM,annual,2024,Gross Profit Margin (%),15.31
KOHTM,annual,2023,Gross Profit Margin (%),14.23
KOHTM,annual,2026,Net Profit Margin (%),3.38
KOHTM,annual,2025,Net Profit Margin (%),3.4
KOHTM,annual,2024,Net Profit Margin (%),2.69
KOHTM,annual,2023,Net Profit Margin (%),1.43
KOHTM,annual,2026,EPS Growth (%),4.0
KOHTM,annual,2025,EPS Growth (%),31.2
KOHTM,annual,2024,EPS Growth (%),151.59
KOHTM,annual,2023,EPS Growth (%),-70.89
KOHTM,annual,2026,PEG,3.07
KOHTM,annual,2025,PEG,0.2
KOHTM,annual,2024,PEG,0.01
KOHTM,annual,2023,PEG,-0.04
KOIL,annual,2026,Profit after Taxation,37467.0
KOIL,annual,2025,Profit after Taxation,75414.0
KOIL,annual,2024,Profit after Taxation,38720.0
KOIL,annual,2023,Profit after Taxation,43564.0
KOIL,annual,2026,EPS,1.24
KOIL,annual,2025,EPS,2.49
KOIL,annual,2024,EPS,1.28
KOIL,annual,2023,EPS,1.44
KOIL,quarterly,Q3 2026,Profit after Taxation,18858.0
KOIL,quarterly,Q2 2026,Profit after Taxation,-58004.0
KOIL,quarterly,Q1 2026,Profit after Taxation,53683.0
KOIL,quarterly,Q3 2025,Profit after Taxation,9343.0
KOIL,quarterly,Q3 2026,EPS,0.62
KOIL,quarterly,Q2 2026,EPS,-1.91
KOIL,quarterly,Q1 2026,EPS,1.77
KOIL,quarterly,Q3 2025,EPS,0.31
KOIL,annual,2026,EPS Growth (%),-50.2
KOIL,annual,2025,EPS Growth (%),94.53
KOIL,annual,2024,EPS Growth (%),-11.11
KOIL,annual,2023,EPS Growth (%),32.11
KOIL,annual,2026,PEG,-0.81
KOIL,annual,2025,PEG,0.05
KOIL,annual,2024,PEG,-0.53
KOIL,annual,2023,PEG,0.16
KOSM,annual,2026,Sales,18381.0
KOSM,annual,2023,Sales,115435.0
KOSM,annual,2026,Profit after Taxation,-210478.0
KOSM,annual,2025,Profit after Taxation,-494211.0
KOSM,annual,2024,Profit after Taxation,-374652.0
KOSM,annual,2023,Profit after Taxation,-376894.0
KOSM,annual,2026,EPS,-0.38
KOSM,annual,2025,EPS,-1.13
KOSM,annual,2024,EPS,-0.91
KOSM,annual,2023,EPS,-0.91
KOSM,quarterly,Q3 2025,Sales,7498.0
KOSM,quarterly,Q2 2026,Sales,10882.0
KOSM,quarterly,Q3 2025,Profit after Taxation,-22105.0
KOSM,quarterly,Q2 2026,Profit after Taxation,-26312.0
KOSM,quarterly,Q1 2026,Profit after Taxation,-35485.0
KOSM,quarterly,Q3 2024,Profit after Taxation,-44185.0
KOSM,quarterly,Q3 2025,EPS,-0.05
KOSM,quarterly,Q2 2026,EPS,-0.06
KOSM,quarterly,Q1 2026,EPS,-0.08
KOSM,quarterly,Q3 2024,EPS,-0.11
KOSM,annual,2026,Gross Profit Margin (%),14.64
KOSM,annual,2023,Gross Profit Margin (%),-149.52
KOSM,annual,2026,Net Profit Margin (%),-1145.11
KOSM,annual,2023,Net Profit Margin (%),-326.5
KOSM,annual,2026,EPS Growth (%),66.37
KOSM,annual,2025,EPS Growth (%),-24.18
KOSM,annual,2023,EPS Growth (%),46.78
KOSM,annual,2026,PEG,-0.27
KOSM,annual,2025,PEG,0.24
KOSM,annual,2023,PEG,-0.06
KPUS,annual,2025,Sales,11137024.0
KPUS,annual,2024,Sales,11363646.0
KPUS,annual,2023,Sales,4487204.0
KPUS,annual,2022,Sales,6180847.0
KPUS,annual,2025,Profit after Taxation,61521.0
KPUS,annual,2024,Profit after Taxation,59833.0
KPUS,annual,2023,Profit after Taxation,17357.0
KPUS,annual,2022,Profit after Taxation,116921.0
KPUS,annual,2025,EPS,3.84
KPUS,annual,2024,EPS,3.74
KPUS,annual,2023,EPS,1.08
KPUS,annual,2022,EPS,7.3
KPUS,quarterly,Q3 2026,Sales,1047272.0
KPUS,quarterly,Q2 2026,Sales,2137655.0
KPUS,quarterly,Q1 2026,Sales,1932665.0
KPUS,quarterly,Q3 2025,Sales,1631193.0
KPUS,quarterly,Q3 2026,Profit after Taxation,22722.0
KPUS,quarterly,Q2 2026,Profit after Taxation,15907.0
KPUS,quarterly,Q1 2026,Profit after Taxation,92811.0
KPUS,quarterly,Q3 2025,Profit after Taxation,19825.0
KPUS,quarterly,Q3 2026,EPS,1.42
KPUS,quarterly,Q2 2026,EPS,0.99
KPUS,quarterly,Q1 2026,EPS,5.8
KPUS,quarterly,Q3 2025,EPS,1.24
KPUS,annual,2025,Gross Profit Margin (%),10.28
KPUS,annual,2024,Gross Profit Margin (%),10.31
KPUS,annual,2023,Gross Profit Margin (%),17.76
KPUS,annual,2022,Gross Profit Margin (%),13.85
KPUS,annual,2025,Net Profit Margin (%),0.55
KPUS,annual,2024,Net Profit Margin (%),0.53
KPUS,annual,2023,Net Profit Margin (%),0.39
KPUS,annual,2022,Net Profit Margin (%),1.89
KPUS,annual,2025,EPS Growth (%),2.67
KPUS,annual,2024,EPS Growth (%),246.3
KPUS,annual,2023,EPS Growth (%),-85.21
KPUS,annual,2022,EPS Growth (%),41.75
KPUS,annual,2025,PEG,12.95
KPUS,annual,2024,PEG,0.26
KPUS,annual,2023,PEG,-2.71
KPUS,annual,2022,PEG,0.18
KSBP,annual,2025,Sales,6584360.0
KSBP,annual,2024,Sales,5775531.0
KSBP,annual,2023,Sales,5755039.0
KSBP,annual,2022,Sales,4965061.0
KSBP,annual,2025,Profit after Taxation,210213.0
KSBP,annual,2024,Profit after Taxation,55914.0
KSBP,annual,2023,Profit after Taxation,843.0
KSBP,annual,2022,Profit after Taxation,43342.0
KSBP,annual,2025,EPS,6.8
KSBP,annual,2024,EPS,2.85
KSBP,annual,2023,EPS,0.06
KSBP,annual,2022,EPS,3.28
KSBP,quarterly,Q2 2026,Sales,2531165.0
KSBP,quarterly,Q1 2026,Sales,1782353.0
KSBP,quarterly,Q3 2025,Sales,1457525.0
KSBP,quarterly,Q2 2025,Sales,1723229.0
KSBP,quarterly,Q2 2026,Profit after Taxation,100847.0
KSBP,quarterly,Q1 2026,Profit after Taxation,70582.0
KSBP,quarterly,Q3 2025,Profit after Taxation,92308.0
KSBP,quarterly,Q2 2025,Profit after Taxation,93410.0
KSBP,quarterly,Q2 2026,EPS,3.26
KSBP,quarterly,Q1 2026,EPS,2.28
KSBP,quarterly,Q3 2025,EPS,2.99
KSBP,quarterly,Q2 2025,EPS,3.02
KSBP,annual,2025,Gross Profit Margin (%),23.81
KSBP,annual,2024,Gross Profit Margin (%),20.46
KSBP,annual,2023,Gross Profit Margin (%),20.39
KSBP,annual,2022,Gross Profit Margin (%),15.6
KSBP,annual,2025,Net Profit Margin (%),3.19
KSBP,annual,2024,Net Profit Margin (%),0.97
KSBP,annual,2023,Net Profit Margin (%),0.01
KSBP,annual,2022,Net Profit Margin (%),0.87
KSBP,annual,2025,EPS Growth (%),138.6
KSBP,annual,2024,EPS Growth (%),4650.0
KSBP,annual,2023,EPS Growth (%),-98.17
KSBP,annual,2022,EPS Growth (%),58.45
KSBP,annual,2025,PEG,0.21
KSBP,annual,2024,PEG,0.01
KSBP,annual,2023,PEG,-20.11
KSBP,annual,2022,PEG,0.57
KSTM,annual,2026,Profit after Taxation,19567.0
KSTM,annual,2025,Profit after Taxation,-19323.0
KSTM,annual,2024,Profit after Taxation,-13725.0
KSTM,annual,2023,Profit after Taxation,329.0
KSTM,annual,2026,EPS,1.83
KSTM,annual,2025,EPS,-1.81
KSTM,annual,2024,EPS,-1.28
KSTM,annual,2023,EPS,0.03
KSTM,quarterly,Q3 2026,Profit after Taxation,-4058.0
KSTM,quarterly,Q2 2026,Profit after Taxation,-4595.0
KSTM,quarterly,Q1 2026,Profit after Taxation,-4130.0
KSTM,quarterly,Q3 2025,Profit after Taxation,-4904.0
KSTM,quarterly,Q3 2026,EPS,-0.38
KSTM,quarterly,Q2 2026,EPS,-0.43
KSTM,quarterly,Q1 2026,EPS,-0.39
KSTM,quarterly,Q3 2025,EPS,-0.46
KSTM,annual,2026,EPS Growth (%),201.1
KSTM,annual,2025,EPS Growth (%),-41.41
KSTM,annual,2024,EPS Growth (%),-4366.67
KSTM,annual,2023,EPS Growth (%),-25.0
KSTM,annual,2026,PEG,0.04
KSTM,annual,2025,PEG,0.12
KSTM,annual,2024,PEG,0.0
KSTM,annual,2023,PEG,-0.93
KTML,annual,2026,Sales,58340462.0
KTML,annual,2025,Sales,59414125.0
KTML,annual,2024,Sales,58174952.0
KTML,annual,2023,Sales,42046556.0
KTML,annual,2026,Profit after Taxation,5031326.0
KTML,annual,2025,Profit after Taxation,2749816.0
KTML,annual,2024,Profit after Taxation,2199162.0
KTML,annual,2023,Profit after Taxation,2407262.0
KTML,annual,2026,EPS,3.74
KTML,annual,2025,EPS,2.04
KTML,annual,2024,EPS,8.07
KTML,annual,2023,EPS,8.05
KTML,quarterly,Q3 2026,Sales,14704778.0
KTML,quarterly,Q2 2026,Sales,14839661.0
KTML,quarterly,Q1 2026,Sales,15389233.0
KTML,quarterly,Q3 2025,Sales,14641795.0
KTML,quarterly,Q3 2026,Profit after Taxation,870488.0
KTML,quarterly,Q2 2026,Profit after Taxation,728331.0
KTML,quarterly,Q1 2026,Profit after Taxation,664805.0
KTML,quarterly,Q3 2025,Profit after Taxation,873948.0
KTML,quarterly,Q3 2026,EPS,0.65
KTML,quarterly,Q2 2026,EPS,0.54
KTML,quarterly,Q1 2026,EPS,0.49
KTML,quarterly,Q3 2025,EPS,0.65
KTML,annual,2026,Gross Profit Margin (%),17.0
KTML,annual,2025,Gross Profit Margin (%),16.5
KTML,annual,2024,Gross Profit Margin (%),15.96
KTML,annual,2023,Gross Profit Margin (%),17.79
KTML,annual,2026,Net Profit Margin (%),8.62
KTML,annual,2025,Net Profit Margin (%),4.63
KTML,annual,2024,Net Profit Margin (%),3.78
KTML,annual,2023,Net Profit Margin (%),5.73
KTML,annual,2026,EPS Growth (%),83.33
KTML,annual,2025,EPS Growth (%),-74.72
KTML,annual,2024,EPS Growth (%),0.25
KTML,annual,2023,EPS Growth (%),-49.18
KTML,annual,2026,PEG,0.18
KTML,annual,2025,PEG,-1.29
KTML,annual,2024,PEG,41.38
KTML,annual,2023,PEG,-0.13
LCI,annual,2026,Sales,113214445.0
LCI,annual,2025,Sales,120013160.0
LCI,annual,2024,Sales,120460326.0
LCI,annual,2023,Sales,109486109.0
LCI,annual,2026,Profit after Taxation,9692006.0
LCI,annual,2025,Profit after Taxation,11638410.0
LCI,annual,2024,Profit after Taxation,11140216.0
LCI,annual,2023,Profit after Taxation,13772409.0
LCI,annual,2026,EPS,20.99
LCI,annual,2025,EPS,25.2
LCI,annual,2024,EPS,24.12
LCI,annual,2023,EPS,149.12
LCI,quarterly,Q3 2026,Sales,29069423.0
LCI,quarterly,Q2 2026,Sales,27762531.0
LCI,quarterly,Q1 2026,Sales,28613796.0
LCI,quarterly,Q3 2025,Sales,29820809.0
LCI,quarterly,Q3 2026,Profit after Taxation,1845471.0
LCI,quarterly,Q2 2026,Profit after Taxation,2399140.0
LCI,quarterly,Q1 2026,Profit after Taxation,2449200.0
LCI,quarterly,Q3 2025,Profit after Taxation,2587028.0
LCI,quarterly,Q3 2026,EPS,4.0
LCI,quarterly,Q2 2026,EPS,5.2
LCI,quarterly,Q1 2026,EPS,5.3
LCI,quarterly,Q3 2025,EPS,5.6
LCI,annual,2026,Gross Profit Margin (%),21.68
LCI,annual,2025,Gross Profit Margin (%),22.78
LCI,annual,2024,Gross Profit Margin (%),22.32
LCI,annual,2023,Gross Profit Margin (%),20.22
LCI,annual,2026,Net Profit Margin (%),8.56
LCI,annual,2025,Net Profit Margin (%),9.7
LCI,annual,2024,Net Profit Margin (%),9.25
LCI,annual,2023,Net Profit Margin (%),12.58
LCI,annual,2026,EPS Growth (%),-16.71
LCI,annual,2025,EPS Growth (%),4.48
LCI,annual,2024,EPS Growth (%),-83.83
LCI,annual,2023,EPS Growth (%),120.4
LCI,annual,2026,PEG,-0.67
LCI,annual,2025,PEG,14.08
LCI,annual,2024,PEG,-0.46
LCI,annual,2023,PEG,0.03
LEUL,annual,2026,Sales,27160.0
LEUL,annual,2025,Sales,12086.0
LEUL,annual,2024,Sales,27525.0
LEUL,annual,2023,Sales,27157.0
LEUL,annual,2026,Profit after Taxation,-4746.0
LEUL,annual,2025,Profit after Taxation,-4509.0
LEUL,annual,2024,Profit after Taxation,322.0
LEUL,annual,2023,Profit after Taxation,-3288.0
LEUL,annual,2026,EPS,-0.79
LEUL,annual,2025,EPS,-0.75
LEUL,annual,2024,EPS,0.05
LEUL,annual,2023,EPS,-0.55
LEUL,quarterly,Q3 2026,Sales,2845.0
LEUL,quarterly,Q1 2026,Sales,25519.0
LEUL,quarterly,Q3 2025,Sales,5476.0
LEUL,quarterly,Q3 2026,Profit after Taxation,-435.0
LEUL,quarterly,Q2 2026,Profit after Taxation,-345.0
LEUL,quarterly,Q1 2026,Profit after Taxation,828.0
LEUL,quarterly,Q3 2025,Profit after Taxation,610.0
LEUL,quarterly,Q3 2026,EPS,-0.07
LEUL,quarterly,Q2 2026,EPS,-0.06
LEUL,quarterly,Q1 2026,EPS,0.14
LEUL,quarterly,Q3 2025,EPS,0.1
LEUL,annual,2026,Gross Profit Margin (%),7.53
LEUL,annual,2025,Gross Profit Margin (%),9.93
LEUL,annual,2024,Gross Profit Margin (%),22.8
LEUL,annual,2023,Gross Profit Margin (%),5.54
LEUL,annual,2026,Net Profit Margin (%),-17.47
LEUL,annual,2025,Net Profit Margin (%),-37.3
LEUL,annual,2024,Net Profit Margin (%),1.17
LEUL,annual,2023,Net Profit Margin (%),-12.11
LEUL,annual,2026,EPS Growth (%),-5.33
LEUL,annual,2025,EPS Growth (%),-1600.0
LEUL,annual,2024,EPS Growth (%),109.09
LEUL,annual,2023,EPS Growth (%),77.18
LEUL,annual,2026,PEG,9.92
LEUL,annual,2025,PEG,0.03
LEUL,annual,2024,PEG,2.43
LEUL,annual,2023,PEG,-0.24
LINDE,annual,2017,Sales,4412652.0
LINDE,annual,2016,Sales,3954638.0
LINDE,annual,2015,Sales,3914176.0
LINDE,annual,2014,Sales,3925036.0
LINDE,annual,2017,Profit after Taxation,240032.0
LINDE,annual,2016,Profit after Taxation,216886.0
LINDE,annual,2015,Profit after Taxation,140854.0
LINDE,annual,2014,Profit after Taxation,126887.0
LINDE,annual,2017,EPS,9.59
LINDE,annual,2016,EPS,8.66
LINDE,annual,2015,EPS,5.63
LINDE,annual,2014,EPS,5.07
LINDE,annual,2017,Gross Profit Margin (%),22.47
LINDE,annual,2016,Gross Profit Margin (%),22.66
LINDE,annual,2015,Gross Profit Margin (%),21.19
LINDE,annual,2014,Gross Profit Margin (%),18.1
LINDE,annual,2017,Net Profit Margin (%),5.44
LINDE,annual,2016,Net Profit Margin (%),5.48
LINDE,annual,2015,Net Profit Margin (%),3.6
LINDE,annual,2014,Net Profit Margin (%),3.23
LINDE,annual,2017,EPS Growth (%),10.74
LINDE,annual,2016,EPS Growth (%),53.82
LINDE,annual,2015,EPS Growth (%),11.05
LINDE,annual,2014,EPS Growth (%),-30.07
LINDE,annual,2017,PEG,2.14
LINDE,annual,2016,PEG,0.42
LINDE,annual,2015,PEG,1.87
LINDE,annual,2014,PEG,-1.36
LIVEN,annual,2026,Sales,105807.0
LIVEN,annual,2025,Sales,127272.0
LIVEN,annual,2024,Sales,245093.0
LIVEN,annual,2026,Profit after Taxation,-31139.0
LIVEN,annual,2025,Profit after Taxation,-584460.0
LIVEN,annual,2024,Profit after Taxation,41744.0
LIVEN,annual,2023,Profit after Taxation,-12327.0
LIVEN,annual,2026,EPS,-0.28
LIVEN,annual,2025,EPS,-7.11
LIVEN,annual,2024,EPS,1.04
LIVEN,annual,2023,EPS,-1.02
LIVEN,quarterly,Q3 2026,Sales,29247.0
LIVEN,quarterly,Q2 2026,Sales,54559.0
LIVEN,quarterly,Q1 2026,Sales,8821.0
LIVEN,quarterly,Q3 2025,Sales,14755.0
LIVEN,quarterly,Q3 2026,Profit after Taxation,-3956.0
LIVEN,quarterly,Q2 2026,Profit after Taxation,28210.0
LIVEN,quarterly,Q1 2026,Profit after Taxation,-30157.0
LIVEN,quarterly,Q3 2025,Profit after Taxation,-9621.0
LIVEN,quarterly,Q3 2026,EPS,-0.03
LIVEN,quarterly,Q2 2026,EPS,-0.3
LIVEN,quarterly,Q1 2026,EPS,-0.32
LIVEN,quarterly,Q3 2025,EPS,-0.1
LIVEN,annual,2026,Gross Profit Margin (%),25.18
LIVEN,annual,2025,Gross Profit Margin (%),14.11
LIVEN,annual,2024,Gross Profit Margin (%),25.46
LIVEN,annual,2026,Net Profit Margin (%),-29.43
LIVEN,annual,2025,Net Profit Margin (%),-459.22
LIVEN,annual,2024,Net Profit Margin (%),17.03
LIVEN,annual,2026,EPS Growth (%),96.06
LIVEN,annual,2025,EPS Growth (%),-781.03
LIVEN,annual,2024,EPS Growth (%),202.35
LIVEN,annual,2023,EPS Growth (%),13.56
LIVEN,annual,2026,PEG,-1.51
LIVEN,annual,2025,PEG,0.01
LIVEN,annual,2024,PEG,0.04
LIVEN,annual,2023,PEG,-1.06
LMSM,annual,2024,Profit after Taxation,-11178.0
LMSM,annual,2023,Profit after Taxation,-12327.0
LMSM,annual,2022,Profit after Taxation,-14291.0
LMSM,annual,2021,Profit after Taxation,-14634.0
LMSM,annual,2024,EPS,-0.92
LMSM,annual,2023,EPS,-1.02
LMSM,annual,2022,EPS,-1.18
LMSM,annual,2021,EPS,-1.21
LMSM,quarterly,Q1 2025,Sales,88910.0
LMSM,quarterly,Q1 2025,Profit after Taxation,147588.0
LMSM,quarterly,Q3 2024,Profit after Taxation,-2532.0
LMSM,quarterly,Q2 2024,Profit after Taxation,-2646.0
LMSM,quarterly,Q1 2024,Profit after Taxation,-3555.0
LMSM,quarterly,Q1 2025,EPS,12.17
LMSM,quarterly,Q3 2024,EPS,-0.21
LMSM,quarterly,Q2 2024,EPS,-0.22
LMSM,quarterly,Q1 2024,EPS,-0.29
LMSM,annual,2024,EPS Growth (%),9.8
LMSM,annual,2023,EPS Growth (%),13.56
LMSM,annual,2022,EPS Growth (%),2.48
LMSM,annual,2021,EPS Growth (%),13.57
LMSM,annual,2024,PEG,-1.01
LMSM,annual,2023,PEG,-1.06
LMSM,annual,2022,PEG,-4.29
LMSM,annual,2021,PEG,-1.52
LOADS,annual,2026,Profit after Taxation,562909.0
LOADS,annual,2025,Profit after Taxation,495222.0
LOADS,annual,2024,Profit after Taxation,826586.0
LOADS,annual,2023,Profit after Taxation,-1255668.0
LOADS,annual,2026,EPS,1.9
LOADS,annual,2025,EPS,1.83
LOADS,annual,2024,EPS,3.29
LOADS,annual,2023,EPS,-5.0
LOADS,quarterly,Q3 2026,Profit after Taxation,120712.0
LOADS,quarterly,Q2 2026,Profit after Taxation,105604.0
LOADS,quarterly,Q1 2026,Profit after Taxation,153821.0
LOADS,quarterly,Q3 2025,Profit after Taxation,83813.0
LOADS,quarterly,Q3 2026,EPS,0.44
LOADS,quarterly,Q2 2026,EPS,0.42
LOADS,quarterly,Q1 2026,EPS,0.61
LOADS,quarterly,Q3 2025,EPS,0.31
LOADS,annual,2026,Gross Profit Margin (%),23.37
LOADS,annual,2025,Gross Profit Margin (%),22.17
LOADS,annual,2024,Gross Profit Margin (%),19.56
LOADS,annual,2023,Gross Profit Margin (%),16.31
LOADS,annual,2026,Net Profit Margin (%),7.42
LOADS,annual,2025,Net Profit Margin (%),8.21
LOADS,annual,2024,Net Profit Margin (%),18.41
LOADS,annual,2023,Net Profit Margin (%),-27.94
LOADS,annual,2026,EPS Growth (%),3.83
LOADS,annual,2025,EPS Growth (%),-44.38
LOADS,annual,2024,EPS Growth (%),165.8
LOADS,annual,2023,EPS Growth (%),-571.7
LOADS,annual,2026,PEG,1.97
LOADS,annual,2025,PEG,-0.18
LOADS,annual,2024,PEG,0.02
LOADS,annual,2023,PEG,0.0
LOTCHEM,annual,2025,Sales,80906921.0
LOTCHEM,annual,2024,Sales,109299177.0
LOTCHEM,annual,2023,Sales,81619405.0
LOTCHEM,annual,2022,Sales,100265555.0
LOTCHEM,annual,2025,Profit after Taxation,1118932.0
LOTCHEM,annual,2024,Profit after Taxation,2642473.0
LOTCHEM,annual,2023,Profit after Taxation,5077654.0
LOTCHEM,annual,2022,Profit after Taxation,10118471.0
LOTCHEM,annual,2025,EPS,0.74
LOTCHEM,annual,2024,EPS,1.75
LOTCHEM,annual,2023,EPS,3.35
LOTCHEM,annual,2022,EPS,6.68
LOTCHEM,quarterly,Q2 2026,Sales,23847373.0
LOTCHEM,quarterly,Q1 2026,Sales,20859834.0
LOTCHEM,quarterly,Q3 2025,Sales,20365180.0
LOTCHEM,quarterly,Q2 2025,Sales,18670744.0
LOTCHEM,quarterly,Q2 2026,Profit after Taxation,2837552.0
LOTCHEM,quarterly,Q1 2026,Profit after Taxation,1474370.0
LOTCHEM,quarterly,Q3 2025,Profit after Taxation,94089.0
LOTCHEM,quarterly,Q2 2025,Profit after Taxation,79878.0
LOTCHEM,quarterly,Q2 2026,EPS,1.87
LOTCHEM,quarterly,Q1 2026,EPS,0.97
LOTCHEM,quarterly,Q3 2025,EPS,0.06
LOTCHEM,quarterly,Q2 2025,EPS,0.05
LOTCHEM,annual,2025,Gross Profit Margin (%),3.8
LOTCHEM,annual,2024,Gross Profit Margin (%),4.75
LOTCHEM,annual,2023,Gross Profit Margin (%),12.55
LOTCHEM,annual,2022,Gross Profit Margin (%),17.78
LOTCHEM,annual,2025,Net Profit Margin (%),1.38
LOTCHEM,annual,2024,Net Profit Margin (%),2.42
LOTCHEM,annual,2023,Net Profit Margin (%),6.22
LOTCHEM,annual,2022,Net Profit Margin (%),10.09
LOTCHEM,annual,2025,EPS Growth (%),-57.71
LOTCHEM,annual,2024,EPS Growth (%),-47.76
LOTCHEM,annual,2023,EPS Growth (%),-49.85
LOTCHEM,annual,2022,EPS Growth (%),117.59
LOTCHEM,annual,2025,PEG,-0.68
LOTCHEM,annual,2024,PEG,-0.25
LOTCHEM,annual,2023,PEG,-0.16
LOTCHEM,annual,2022,PEG,0.03
LPCL,annual,2015,Sales,5588437.0
LPCL,annual,2014,Sales,10336120.0
LPCL,annual,2013,Sales,10302148.0
LPCL,annual,2012,Sales,9624089.0
LPCL,annual,2015,Profit after Taxation,593197.0
LPCL,annual,2014,Profit after Taxation,540067.0
LPCL,annual,2013,Profit after Taxation,1802802.0
LPCL,annual,2012,Profit after Taxation,1488210.0
LPCL,annual,2015,EPS,0.41
LPCL,annual,2014,EPS,0.37
LPCL,annual,2013,EPS,1.37
LPCL,annual,2012,EPS,1.13
LPCL,annual,2015,Gross Profit Margin (%),29.32
LPCL,annual,2014,Gross Profit Margin (%),29.02
LPCL,annual,2013,Gross Profit Margin (%),31.31
LPCL,annual,2012,Gross Profit Margin (%),32.58
LPCL,annual,2015,Net Profit Margin (%),10.61
LPCL,annual,2014,Net Profit Margin (%),5.23
LPCL,annual,2013,Net Profit Margin (%),17.5
LPCL,annual,2012,Net Profit Margin (%),15.46
LPCL,annual,2015,EPS Growth (%),10.81
LPCL,annual,2014,EPS Growth (%),-72.99
LPCL,annual,2013,EPS Growth (%),21.24
LPCL,annual,2012,EPS Growth (%),1355.56
LPCL,annual,2015,PEG,4.39
LPCL,annual,2014,PEG,-0.64
LPCL,annual,2013,PEG,0.35
LPCL,annual,2012,PEG,0.0
LPGL,annual,2026,Sales,1626433.0
LPGL,annual,2025,Sales,1628612.0
LPGL,annual,2024,Sales,3344534.0
LPGL,annual,2023,Sales,2335021.0
LPGL,annual,2026,EPS,0.04
LPGL,annual,2025,EPS,2.11
LPGL,annual,2024,EPS,10.87
LPGL,annual,2023,EPS,8.89
LPGL,quarterly,Q3 2026,Sales,375236.0
LPGL,quarterly,Q2 2026,Sales,460079.0
LPGL,quarterly,Q1 2026,Sales,200432.0
LPGL,quarterly,Q3 2025,Sales,392312.0
LPGL,quarterly,Q3 2026,EPS,0.17
LPGL,quarterly,Q2 2026,EPS,3.85
LPGL,quarterly,Q1 2026,EPS,0.33
LPGL,quarterly,Q3 2025,EPS,0.23
LPGL,annual,2026,Gross Profit Margin (%),11.96
LPGL,annual,2025,Gross Profit Margin (%),16.78
LPGL,annual,2024,Gross Profit Margin (%),12.49
LPGL,annual,2023,Gross Profit Margin (%),15.83
LPGL,annual,2026,Net Profit Margin (%),0.02
LPGL,annual,2025,Net Profit Margin (%),0.97
LPGL,annual,2024,Net Profit Margin (%),2.44
LPGL,annual,2023,Net Profit Margin (%),2.86
LPGL,annual,2026,EPS Growth (%),-98.1
LPGL,annual,2025,EPS Growth (%),-80.59
LPGL,annual,2024,EPS Growth (%),22.27
LPGL,annual,2023,EPS Growth (%),708.18
LPGL,annual,2026,PEG,-25.5
LPGL,annual,2025,PEG,-0.65
LPGL,annual,2024,PEG,0.16
LPGL,annual,2023,PEG,0.0
LPL,annual,2024,Sales,14239415.0
LPL,annual,2023,Sales,19471572.0
LPL,annual,2022,Sales,37611016.0
LPL,annual,2025,Profit after Taxation,-815821.0
LPL,annual,2024,Profit after Taxation,464790.0
LPL,annual,2023,Profit after Taxation,4577767.0
LPL,annual,2022,Profit after Taxation,2707373.0
LPL,annual,2025,EPS,-2.19
LPL,annual,2024,EPS,1.22
LPL,annual,2023,EPS,12.05
LPL,annual,2022,EPS,7.13
LPL,quarterly,Q2 2026,Profit after Taxation,-63470.0
LPL,quarterly,Q1 2026,Profit after Taxation,213397.0
LPL,quarterly,Q3 2025,Profit after Taxation,-134762.0
LPL,quarterly,Q2 2025,Profit after Taxation,-232205.0
LPL,quarterly,Q2 2026,EPS,-0.22
LPL,quarterly,Q1 2026,EPS,0.76
LPL,quarterly,Q3 2025,EPS,-0.35
LPL,quarterly,Q2 2025,EPS,-0.61
LPL,annual,2024,Gross Profit Margin (%),24.92
LPL,annual,2023,Gross Profit Margin (%),28.76
LPL,annual,2022,Gross Profit Margin (%),9.27
LPL,annual,2024,Net Profit Margin (%),3.26
LPL,annual,2023,Net Profit Margin (%),23.51
LPL,annual,2022,Net Profit Margin (%),7.2
LPL,annual,2025,EPS Growth (%),-279.51
LPL,annual,2024,EPS Growth (%),-89.88
LPL,annual,2023,EPS Growth (%),69.0
LPL,annual,2022,EPS Growth (%),436.32
LPL,annual,2025,PEG,0.04
LPL,annual,2024,PEG,-0.2
LPL,annual,2023,PEG,0.03
LPL,annual,2022,PEG,0.0
LSECL,annual,2026,Profit after Taxation,401593.0
LSECL,annual,2025,Profit after Taxation,238587.0
LSECL,annual,2024,Profit after Taxation,121005.0
LSECL,annual,2023,Profit after Taxation,83778.0
LSECL,annual,2026,EPS,1.07
LSECL,annual,2025,EPS,1.32
LSECL,annual,2024,EPS,2.66
LSECL,annual,2023,EPS,3.99
LSECL,quarterly,Q3 2026,Profit after Taxation,7502.0
LSECL,quarterly,Q2 2026,Profit after Taxation,228777.0
LSECL,quarterly,Q1 2026,Profit after Taxation,39496.0
LSECL,quarterly,Q3 2025,Profit after Taxation,-9233.0
LSECL,quarterly,Q3 2026,EPS,0.02
LSECL,quarterly,Q2 2026,EPS,0.63
LSECL,quarterly,Q1 2026,EPS,0.22
LSECL,quarterly,Q3 2025,EPS,-0.02
LSECL,annual,2026,Net Profit Margin (%),131.54
LSECL,annual,2025,Net Profit Margin (%),50.6
LSECL,annual,2024,Net Profit Margin (%),91.76
LSECL,annual,2023,Net Profit Margin (%),358.81
LSECL,annual,2026,EPS Growth (%),-18.94
LSECL,annual,2025,EPS Growth (%),-50.43
LSECL,annual,2024,EPS Growth (%),-33.24
LSECL,annual,2023,EPS Growth (%),343.22
LSECL,annual,2026,PEG,-0.28
LSECL,annual,2025,PEG,-0.09
LSECL,annual,2024,PEG,-0.04
LSEFSL,annual,2026,Profit after Taxation,-28948.0
LSEFSL,annual,2025,Profit after Taxation,18186.0
LSEFSL,annual,2024,Profit after Taxation,61268.0
LSEFSL,annual,2023,Profit after Taxation,1035.0
LSEFSL,annual,2026,EPS,-0.98
LSEFSL,annual,2025,EPS,0.51
LSEFSL,annual,2024,EPS,1.72
LSEFSL,annual,2023,EPS,0.07
LSEFSL,quarterly,Q3 2026,Profit after Taxation,-11357.0
LSEFSL,quarterly,Q2 2026,Profit after Taxation,-11939.0
LSEFSL,quarterly,Q1 2026,Profit after Taxation,-16484.0
LSEFSL,quarterly,Q3 2025,Profit after Taxation,-760.0
LSEFSL,quarterly,Q3 2026,EPS,-0.42
LSEFSL,quarterly,Q2 2026,EPS,-0.44
LSEFSL,quarterly,Q1 2026,EPS,-0.46
LSEFSL,quarterly,Q3 2025,EPS,0.07
LSEFSL,annual,2026,Net Profit Margin (%),-86.96
LSEFSL,annual,2025,Net Profit Margin (%),36.56
LSEFSL,annual,2024,Net Profit Margin (%),102.57
LSEFSL,annual,2023,Net Profit Margin (%),1.48
LSEFSL,annual,2026,EPS Growth (%),-292.16
LSEFSL,annual,2025,EPS Growth (%),-70.35
LSEFSL,annual,2024,EPS Growth (%),2357.14
LSEFSL,annual,2023,EPS Growth (%),-93.33
LSEFSL,annual,2026,PEG,0.08
LSEFSL,annual,2025,PEG,-0.97
LSEFSL,annual,2024,PEG,0.0
LSEPL,annual,2023,Profit after Taxation,-8911.0
LSEPL,annual,2022,Profit after Taxation,-25.0
LSEPL,annual,2023,EPS,-0.11
LSEPL,quarterly,Q3 2024,Profit after Taxation,5125.0
LSEPL,quarterly,Q2 2024,Profit after Taxation,-6521.0
LSEPL,quarterly,Q1 2024,Profit after Taxation,3187.0
LSEPL,quarterly,Q3 2023,Profit after Taxation,332.0
LSEPL,quarterly,Q3 2024,EPS,0.06
LSEPL,quarterly,Q2 2024,EPS,-0.07
LSEPL,quarterly,Q1 2024,EPS,0.04
LSEPL,annual,2023,Net Profit Margin (%),-10.89
LSEVL,annual,2026,Profit after Taxation,1427959.0
LSEVL,annual,2025,Profit after Taxation,208552.0
LSEVL,annual,2024,Profit after Taxation,187107.0
LSEVL,annual,2026,EPS,3.73
LSEVL,annual,2025,EPS,0.56
LSEVL,annual,2024,EPS,1.04
LSEVL,quarterly,Q3 2026,Profit after Taxation,-34744.0
LSEVL,quarterly,Q2 2026,Profit after Taxation,981853.0
LSEVL,quarterly,Q1 2026,Profit after Taxation,50981.0
LSEVL,quarterly,Q3 2025,Profit after Taxation,92919.0
LSEVL,quarterly,Q3 2026,EPS,-0.09
LSEVL,quarterly,Q2 2026,EPS,2.73
LSEVL,quarterly,Q1 2026,EPS,0.14
LSEVL,quarterly,Q3 2025,EPS,0.23
LSEVL,annual,2026,Net Profit Margin (%),86.9
LSEVL,annual,2025,Net Profit Margin (%),43.34
LSEVL,annual,2024,Net Profit Margin (%),63.52
LSEVL,annual,2023,Net Profit Margin (%),121.93
LSEVL,annual,2026,EPS Growth (%),566.07
LSEVL,annual,2025,EPS Growth (%),-46.15
LSEVL,annual,2024,EPS Growth (%),-16.13
LSEVL,annual,2026,PEG,0.01
LSEVL,annual,2025,PEG,-0.44
LSEVL,annual,2024,PEG,-0.34
LUCK,annual,2026,Sales,136527017.0
LUCK,annual,2025,Sales,124511744.0
LUCK,annual,2024,Sales,115324942.0
LUCK,annual,2023,Sales,95832147.0
LUCK,annual,2026,Profit after Taxation,46629367.0
LUCK,annual,2025,Profit after Taxation,33092162.0
LUCK,annual,2024,Profit after Taxation,28106539.0
LUCK,annual,2023,Profit after Taxation,13725814.0
LUCK,annual,2026,EPS,31.83
LUCK,annual,2025,EPS,22.59
LUCK,annual,2024,EPS,18.91
LUCK,annual,2023,EPS,43.06
LUCK,quarterly,Q3 2026,Sales,33247128.0
LUCK,quarterly,Q2 2026,Sales,33857499.0
LUCK,quarterly,Q1 2026,Sales,33862449.0
LUCK,quarterly,Q3 2025,Sales,30226574.0
LUCK,quarterly,Q3 2026,Profit after Taxation,13489662.0
LUCK,quarterly,Q2 2026,Profit after Taxation,8624462.0
LUCK,quarterly,Q1 2026,Profit after Taxation,14617657.0
LUCK,quarterly,Q3 2025,Profit after Taxation,13506595.0
LUCK,quarterly,Q3 2026,EPS,9.21
LUCK,quarterly,Q2 2026,EPS,5.89
LUCK,quarterly,Q1 2026,EPS,9.98
LUCK,quarterly,Q3 2025,EPS,9.22
LUCK,annual,2026,Gross Profit Margin (%),37.48
LUCK,annual,2025,Gross Profit Margin (%),34.28
LUCK,annual,2024,Gross Profit Margin (%),33.65
LUCK,annual,2023,Gross Profit Margin (%),27.19
LUCK,annual,2026,Net Profit Margin (%),34.15
LUCK,annual,2025,Net Profit Margin (%),26.58
LUCK,annual,2024,Net Profit Margin (%),24.37
LUCK,annual,2023,Net Profit Margin (%),14.32
LUCK,annual,2026,EPS Growth (%),40.9
LUCK,annual,2025,EPS Growth (%),19.46
LUCK,annual,2024,EPS Growth (%),-56.08
LUCK,annual,2023,EPS Growth (%),-8.98
LUCK,annual,2026,PEG,0.36
LUCK,annual,2025,PEG,0.81
LUCK,annual,2024,PEG,-0.85
LUCK,annual,2023,PEG,-1.35
MACFL,annual,2026,Sales,6725594.0
MACFL,annual,2025,Sales,5994617.0
MACFL,annual,2024,Sales,5619408.0
MACFL,annual,2023,Sales,5505462.0
MACFL,annual,2026,Profit after Taxation,130693.0
MACFL,annual,2025,Profit after Taxation,85284.0
MACFL,annual,2024,Profit after Taxation,257720.0
MACFL,annual,2023,Profit after Taxation,379214.0
MACFL,annual,2026,EPS,2.2
MACFL,annual,2025,EPS,1.44
MACFL,annual,2024,EPS,4.35
MACFL,annual,2023,EPS,6.39
MACFL,quarterly,Q3 2026,Sales,1869970.0
MACFL,quarterly,Q2 2026,Sales,1694676.0
MACFL,quarterly,Q1 2026,Sales,1372419.0
MACFL,quarterly,Q3 2025,Sales,1540879.0
MACFL,quarterly,Q3 2026,Profit after Taxation,108604.0
MACFL,quarterly,Q2 2026,Profit after Taxation,24723.0
MACFL,quarterly,Q1 2026,Profit after Taxation,-19340.0
MACFL,quarterly,Q3 2025,Profit after Taxation,60978.0
MACFL,quarterly,Q3 2026,EPS,1.83
MACFL,quarterly,Q2 2026,EPS,0.42
MACFL,quarterly,Q1 2026,EPS,-0.33
MACFL,quarterly,Q3 2025,EPS,1.03
MACFL,annual,2026,Gross Profit Margin (%),14.08
MACFL,annual,2025,Gross Profit Margin (%),11.38
MACFL,annual,2024,Gross Profit Margin (%),16.48
MACFL,annual,2023,Gross Profit Margin (%),23.82
MACFL,annual,2026,Net Profit Margin (%),1.94
MACFL,annual,2025,Net Profit Margin (%),1.42
MACFL,annual,2024,Net Profit Margin (%),4.59
MACFL,annual,2023,Net Profit Margin (%),6.89
MACFL,annual,2026,EPS Growth (%),52.78
MACFL,annual,2025,EPS Growth (%),-66.9
MACFL,annual,2024,EPS Growth (%),-31.92
MACFL,annual,2023,EPS Growth (%),105.47
MACFL,annual,2026,PEG,0.58
MACFL,annual,2025,PEG,-0.51
MACFL,annual,2024,PEG,-0.13
MACFL,annual,2023,PEG,0.02
MACTER,annual,2026,Sales,11731856.0
MACTER,annual,2025,Sales,9914318.0
MACTER,annual,2024,Sales,7535382.0
MACTER,annual,2023,Sales,6680391.0
MACTER,annual,2026,Profit after Taxation,698254.0
MACTER,annual,2025,Profit after Taxation,737534.0
MACTER,annual,2024,Profit after Taxation,427163.0
MACTER,annual,2023,Profit after Taxation,392868.0
MACTER,annual,2026,EPS,15.24
MACTER,annual,2025,EPS,16.1
MACTER,annual,2024,EPS,9.32
MACTER,annual,2023,EPS,8.58
MACTER,quarterly,Q3 2026,Sales,2786512.0
MACTER,quarterly,Q2 2026,Sales,3340934.0
MACTER,quarterly,Q1 2026,Sales,2768985.0
MACTER,quarterly,Q3 2025,Sales,2426952.0
MACTER,quarterly,Q3 2026,Profit after Taxation,91751.0
MACTER,quarterly,Q2 2026,Profit after Taxation,270940.0
MACTER,quarterly,Q1 2026,Profit after Taxation,156220.0
MACTER,quarterly,Q3 2025,Profit after Taxation,94913.0
MACTER,quarterly,Q3 2026,EPS,2.0
MACTER,quarterly,Q2 2026,EPS,5.91
MACTER,quarterly,Q1 2026,EPS,3.41
MACTER,quarterly,Q3 2025,EPS,2.07
MACTER,annual,2026,Gross Profit Margin (%),48.25
MACTER,annual,2025,Gross Profit Margin (%),44.96
MACTER,annual,2024,Gross Profit Margin (%),42.22
MACTER,annual,2023,Gross Profit Margin (%),41.68
MACTER,annual,2026,Net Profit Margin (%),5.95
MACTER,annual,2025,Net Profit Margin (%),7.44
MACTER,annual,2024,Net Profit Margin (%),5.67
MACTER,annual,2023,Net Profit Margin (%),5.88
MACTER,annual,2026,EPS Growth (%),-5.34
MACTER,annual,2025,EPS Growth (%),72.75
MACTER,annual,2024,EPS Growth (%),8.62
MACTER,annual,2023,EPS Growth (%),19.33
MACTER,annual,2026,PEG,-3.37
MACTER,annual,2025,PEG,0.43
MACTER,annual,2024,PEG,1.17
MACTER,annual,2023,PEG,0.59
MARI,annual,2026,Sales,191663216.0
MARI,annual,2025,Sales,177097104.0
MARI,annual,2024,Sales,181828621.0
MARI,annual,2023,Sales,145769907.0
MARI,annual,2026,Profit after Taxation,87068898.0
MARI,annual,2025,Profit after Taxation,65136416.0
MARI,annual,2024,Profit after Taxation,77288111.0
MARI,annual,2023,Profit after Taxation,56128711.0
MARI,annual,2026,EPS,72.52
MARI,annual,2025,EPS,54.25
MARI,annual,2024,EPS,64.37
MARI,annual,2023,EPS,420.75
MARI,quarterly,Q3 2026,Sales,48178376.0
MARI,quarterly,Q2 2026,Sales,44770220.0
MARI,quarterly,Q1 2026,Sales,45351233.0
MARI,quarterly,Q3 2025,Sales,45643243.0
MARI,quarterly,Q3 2026,Profit after Taxation,21171100.0
MARI,quarterly,Q2 2026,Profit after Taxation,12800242.0
MARI,quarterly,Q1 2026,Profit after Taxation,15640178.0
MARI,quarterly,Q3 2025,Profit after Taxation,15905481.0
MARI,quarterly,Q3 2026,EPS,17.63
MARI,quarterly,Q2 2026,EPS,10.66
MARI,quarterly,Q1 2026,EPS,13.03
MARI,quarterly,Q3 2025,EPS,13.25
MARI,annual,2026,Gross Profit Margin (%),76.15
MARI,annual,2025,Gross Profit Margin (%),79.89
MARI,annual,2024,Gross Profit Margin (%),87.85
MARI,annual,2023,Gross Profit Margin (%),87.96
MARI,annual,2026,Net Profit Margin (%),45.43
MARI,annual,2025,Net Profit Margin (%),36.78
MARI,annual,2024,Net Profit Margin (%),42.51
MARI,annual,2023,Net Profit Margin (%),38.51
MARI,annual,2026,EPS Growth (%),33.68
MARI,annual,2025,EPS Growth (%),-15.72
MARI,annual,2024,EPS Growth (%),-84.7
MARI,annual,2023,EPS Growth (%),69.77
MARI,annual,2026,PEG,0.28
MARI,annual,2025,PEG,-0.74
MARI,annual,2024,PEG,-0.5
MARI,annual,2023,PEG,0.05
MCB,annual,2025,Mark-up Earned,293830465.0
MCB,annual,2024,Mark-up Earned,367020252.0
MCB,annual,2023,Mark-up Earned,328057196.0
MCB,annual,2022,Mark-up Earned,200763193.0
MCB,annual,2025,Total Income,181404200.0
MCB,annual,2024,Total Income,186526748.0
MCB,annual,2023,Total Income,180616647.0
MCB,annual,2022,Total Income,111769136.0
MCB,annual,2025,Profit after Taxation,54195134.0
MCB,annual,2024,Profit after Taxation,57614510.0
MCB,annual,2023,Profit after Taxation,59631097.0
MCB,annual,2022,Profit after Taxation,32740935.0
MCB,annual,2025,EPS,45.73
MCB,annual,2024,EPS,48.62
MCB,annual,2023,EPS,50.32
MCB,annual,2022,EPS,27.63
MCB,quarterly,Q2 2026,Mark-up Earned,74210154.0
MCB,quarterly,Q1 2026,Mark-up Earned,72350273.0
MCB,quarterly,Q3 2025,Mark-up Earned,76610728.0
MCB,quarterly,Q2 2025,Mark-up Earned,74305021.0
MCB,quarterly,Q2 2026,Total Income,47236350.0
MCB,quarterly,Q1 2026,Total Income,46720528.0
MCB,quarterly,Q3 2025,Total Income,45956796.0
MCB,quarterly,Q2 2025,Total Income,44476293.0
MCB,quarterly,Q2 2026,Profit after Taxation,13674336.0
MCB,quarterly,Q1 2026,Profit after Taxation,12800695.0
MCB,quarterly,Q3 2025,Profit after Taxation,13791825.0
MCB,quarterly,Q2 2025,Profit after Taxation,13493833.0
MCB,quarterly,Q2 2026,EPS,11.54
MCB,quarterly,Q1 2026,EPS,10.8
MCB,quarterly,Q3 2025,EPS,11.64
MCB,quarterly,Q2 2025,EPS,11.39
MCB,annual,2025,Net Profit Margin (%),18.44
MCB,annual,2024,Net Profit Margin (%),15.7
MCB,annual,2023,Net Profit Margin (%),18.18
MCB,annual,2022,Net Profit Margin (%),16.31
MCB,annual,2025,EPS Growth (%),-5.94
MCB,annual,2024,EPS Growth (%),-3.38
MCB,annual,2023,EPS Growth (%),82.12
MCB,annual,2022,EPS Growth (%),6.27
MCB,annual,2025,PEG,-1.4
MCB,annual,2024,PEG,-1.71
MCB,annual,2023,PEG,0.04
MCB,annual,2022,PEG,0.67
MCBAH,annual,2023,Total Income,1342766.0
MCBAH,annual,2022,Total Income,883462.0
MCBAH,annual,2021,Total Income,997136.0
MCBAH,annual,2020,Total Income,840450.0
MCBAH,annual,2023,Profit after Taxation,378218.0
MCBAH,annual,2022,Profit after Taxation,173362.0
MCBAH,annual,2021,Profit after Taxation,376434.0
MCBAH,annual,2020,Profit after Taxation,257669.0
MCBAH,annual,2023,EPS,5.25
MCBAH,annual,2022,EPS,2.41
MCBAH,annual,2021,EPS,5.23
MCBAH,annual,2020,EPS,3.58
MCBAH,quarterly,Q3 2023,Total Income,335567.0
MCBAH,quarterly,Q2 2023,Total Income,305334.0
MCBAH,quarterly,Q1 2023,Total Income,277064.0
MCBAH,quarterly,Q3 2022,Total Income,222067.0
MCBAH,quarterly,Q3 2023,Profit after Taxation,105231.0
MCBAH,quarterly,Q2 2023,Profit after Taxation,67022.0
MCBAH,quarterly,Q1 2023,Profit after Taxation,74493.0
MCBAH,quarterly,Q3 2022,Profit after Taxation,44138.0
MCBAH,quarterly,Q3 2023,EPS,1.46
MCBAH,quarterly,Q2 2023,EPS,0.93
MCBAH,quarterly,Q1 2023,EPS,1.03
MCBAH,quarterly,Q3 2022,EPS,0.61
MCBAH,annual,2023,Net Profit Margin (%),28.17
MCBAH,annual,2022,Net Profit Margin (%),19.62
MCBAH,annual,2021,Net Profit Margin (%),37.75
MCBAH,annual,2020,Net Profit Margin (%),30.66
MCBAH,annual,2023,EPS Growth (%),117.84
MCBAH,annual,2022,EPS Growth (%),-53.92
MCBAH,annual,2021,EPS Growth (%),46.09
MCBAH,annual,2020,EPS Growth (%),952.94
MCBAH,annual,2023,PEG,0.04
MCBAH,annual,2022,PEG,-0.17
MCBAH,annual,2021,PEG,0.15
MCBAH,annual,2020,PEG,0.01
MCBIM,annual,2026,Total Income,5430635.0
MCBIM,annual,2025,Total Income,5410899.0
MCBIM,annual,2024,Total Income,2375897.0
MCBIM,annual,2023,Total Income,1342766.0
MCBIM,annual,2026,Profit after Taxation,1772478.0
MCBIM,annual,2025,Profit after Taxation,1758371.0
MCBIM,annual,2024,Profit after Taxation,861302.0
MCBIM,annual,2023,Profit after Taxation,378218.0
MCBIM,annual,2026,EPS,24.62
MCBIM,annual,2025,EPS,24.42
MCBIM,annual,2024,EPS,11.96
MCBIM,annual,2023,EPS,5.25
MCBIM,quarterly,Q3 2026,Total Income,1076889.0
MCBIM,quarterly,Q2 2026,Total Income,1203698.0
MCBIM,quarterly,Q1 2026,Total Income,1686263.0
MCBIM,quarterly,Q3 2025,Total Income,1400248.0
MCBIM,quarterly,Q3 2026,Profit after Taxation,154343.0
MCBIM,quarterly,Q2 2026,Profit after Taxation,411300.0
MCBIM,quarterly,Q1 2026,Profit after Taxation,689151.0
MCBIM,quarterly,Q3 2025,Profit after Taxation,450407.0
MCBIM,quarterly,Q3 2026,EPS,2.14
MCBIM,quarterly,Q2 2026,EPS,5.71
MCBIM,quarterly,Q1 2026,EPS,9.57
MCBIM,quarterly,Q3 2025,EPS,6.26
MCBIM,annual,2026,Net Profit Margin (%),32.64
MCBIM,annual,2025,Net Profit Margin (%),32.5
MCBIM,annual,2024,Net Profit Margin (%),36.25
MCBIM,annual,2023,Net Profit Margin (%),28.17
MCBIM,annual,2026,EPS Growth (%),0.82
MCBIM,annual,2025,EPS Growth (%),104.18
MCBIM,annual,2024,EPS Growth (%),127.81
MCBIM,annual,2023,EPS Growth (%),117.84
MCBIM,annual,2026,PEG,8.08
MCBIM,annual,2025,PEG,0.05
MCBIM,annual,2024,PEG,0.02
MCBIM,annual,2023,PEG,0.04
MDTL,annual,2026,Sales,122518.0
MDTL,annual,2025,Sales,152938.0
MDTL,annual,2024,Sales,67245.0
MDTL,annual,2023,Sales,110971.0
MDTL,annual,2026,Profit after Taxation,1160045.0
MDTL,annual,2025,Profit after Taxation,-792.0
MDTL,annual,2024,Profit after Taxation,-3074.0
MDTL,annual,2023,Profit after Taxation,-110540.0
MDTL,annual,2026,EPS,6.49
MDTL,annual,2025,EPS,0.0
MDTL,annual,2024,EPS,-0.02
MDTL,annual,2023,EPS,-0.62
MDTL,quarterly,Q3 2026,Sales,32237.0
MDTL,quarterly,Q2 2026,Sales,76957.0
MDTL,quarterly,Q1 2026,Sales,31736.0
MDTL,quarterly,Q3 2025,Sales,38355.0
MDTL,quarterly,Q3 2026,Profit after Taxation,19951.0
MDTL,quarterly,Q2 2026,Profit after Taxation,719604.0
MDTL,quarterly,Q1 2026,Profit after Taxation,2213.0
MDTL,quarterly,Q3 2025,Profit after Taxation,30016.0
MDTL,quarterly,Q3 2026,EPS,0.11
MDTL,quarterly,Q2 2026,EPS,4.03
MDTL,quarterly,Q1 2026,EPS,0.01
MDTL,quarterly,Q3 2025,EPS,0.17
MDTL,annual,2026,Gross Profit Margin (%),43.69
MDTL,annual,2025,Gross Profit Margin (%),45.09
MDTL,annual,2024,Gross Profit Margin (%),-29.19
MDTL,annual,2023,Gross Profit Margin (%),1.46
MDTL,annual,2026,Net Profit Margin (%),946.84
MDTL,annual,2025,Net Profit Margin (%),-0.52
MDTL,annual,2024,Net Profit Margin (%),-4.57
MDTL,annual,2023,Net Profit Margin (%),-99.61
MDTL,annual,2026,EPS Growth (%),162350.0
MDTL,annual,2025,EPS Growth (%),80.0
MDTL,annual,2024,EPS Growth (%),96.77
MDTL,annual,2023,EPS Growth (%),-720.0
MDTL,annual,2026,PEG,0.0
MDTL,annual,2025,PEG,-8.31
MDTL,annual,2024,PEG,-0.84
MDTL,annual,2023,PEG,0.0
MEBL,annual,2025,Mark-up Earned,420462297.0
MEBL,annual,2024,Mark-up Earned,494296852.0
MEBL,annual,2023,Mark-up Earned,431722282.0
MEBL,annual,2022,Mark-up Earned,232121232.0
MEBL,annual,2025,Total Income,285104330.0
MEBL,annual,2024,Total Income,315917305.0
MEBL,annual,2023,Total Income,248535983.0
MEBL,annual,2022,Total Income,140806813.0
MEBL,annual,2025,Profit after Taxation,89041250.0
MEBL,annual,2024,Profit after Taxation,101507524.0
MEBL,annual,2023,Profit after Taxation,84475642.0
MEBL,annual,2022,Profit after Taxation,45006610.0
MEBL,annual,2025,EPS,49.54
MEBL,annual,2024,EPS,56.62
MEBL,annual,2023,EPS,47.18
MEBL,annual,2022,EPS,25.15
MEBL,quarterly,Q2 2026,Mark-up Earned,116955530.0
MEBL,quarterly,Q1 2026,Mark-up Earned,105830947.0
MEBL,quarterly,Q3 2025,Mark-up Earned,102587804.0
MEBL,quarterly,Q2 2025,Mark-up Earned,101909368.0
MEBL,quarterly,Q2 2026,Total Income,77834162.0
MEBL,quarterly,Q1 2026,Total Income,72577614.0
MEBL,quarterly,Q3 2025,Total Income,71848446.0
MEBL,quarterly,Q2 2025,Total Income,71710744.0
MEBL,quarterly,Q2 2026,Profit after Taxation,25475187.0
MEBL,quarterly,Q1 2026,Profit after Taxation,23404677.0
MEBL,quarterly,Q3 2025,Profit after Taxation,21061990.0
MEBL,quarterly,Q2 2025,Profit after Taxation,24116206.0
MEBL,quarterly,Q2 2026,EPS,14.15
MEBL,quarterly,Q1 2026,EPS,13.0
MEBL,quarterly,Q3 2025,EPS,11.7
MEBL,quarterly,Q2 2025,EPS,13.44
MEBL,annual,2025,Net Profit Margin (%),21.18
MEBL,annual,2024,Net Profit Margin (%),20.54
MEBL,annual,2023,Net Profit Margin (%),19.57
MEBL,annual,2022,Net Profit Margin (%),19.39
MEBL,annual,2025,EPS Growth (%),-12.5
MEBL,annual,2024,EPS Growth (%),20.01
MEBL,annual,2023,EPS Growth (%),87.59
MEBL,annual,2022,EPS Growth (%),58.78
MEBL,annual,2025,PEG,-0.72
MEBL,annual,2024,PEG,0.21
MEBL,annual,2023,PEG,0.04
MEBL,annual,2022,PEG,0.07
MEHT,annual,2026,Sales,56325329.0
MEHT,annual,2025,Sales,51607524.0
MEHT,annual,2024,Sales,66583767.0
MEHT,annual,2023,Sales,54627482.0
MEHT,annual,2026,Profit after Taxation,758258.0
MEHT,annual,2025,Profit after Taxation,789471.0
MEHT,annual,2024,Profit after Taxation,249537.0
MEHT,annual,2023,Profit after Taxation,6903397.0
MEHT,annual,2026,EPS,25.28
MEHT,annual,2025,EPS,26.32
MEHT,annual,2024,EPS,8.32
MEHT,annual,2023,EPS,40.06
MEHT,quarterly,Q3 2026,Sales,15027988.0
MEHT,quarterly,Q2 2026,Sales,12918797.0
MEHT,quarterly,Q1 2026,Sales,14766011.0
MEHT,quarterly,Q3 2025,Sales,12801615.0
MEHT,quarterly,Q3 2026,Profit after Taxation,192414.0
MEHT,quarterly,Q2 2026,Profit after Taxation,207834.0
MEHT,quarterly,Q1 2026,Profit after Taxation,249683.0
MEHT,quarterly,Q3 2025,Profit after Taxation,165576.0
MEHT,quarterly,Q3 2026,EPS,6.41
MEHT,quarterly,Q2 2026,EPS,6.93
MEHT,quarterly,Q1 2026,EPS,8.32
MEHT,quarterly,Q3 2025,EPS,5.52
MEHT,annual,2026,Gross Profit Margin (%),11.59
MEHT,annual,2025,Gross Profit Margin (%),13.03
MEHT,annual,2024,Gross Profit Margin (%),14.61
MEHT,annual,2023,Gross Profit Margin (%),14.11
MEHT,annual,2026,Net Profit Margin (%),1.35
MEHT,annual,2025,Net Profit Margin (%),1.53
MEHT,annual,2024,Net Profit Margin (%),0.37
MEHT,annual,2023,Net Profit Margin (%),12.64
MEHT,annual,2026,EPS Growth (%),-3.95
MEHT,annual,2025,EPS Growth (%),216.35
MEHT,annual,2024,EPS Growth (%),-79.23
MEHT,annual,2023,EPS Growth (%),-62.19
MEHT,annual,2026,PEG,-2.4
MEHT,annual,2025,PEG,0.05
MEHT,annual,2024,PEG,-0.87
MEHT,annual,2023,PEG,-0.26
MERIT,annual,2026,Sales,3426871.0
MERIT,annual,2025,Sales,5280932.0
MERIT,annual,2024,Sales,6638477.0
MERIT,annual,2023,Sales,6340624.0
MERIT,annual,2026,Profit after Taxation,123636.0
MERIT,annual,2025,Profit after Taxation,-599668.0
MERIT,annual,2024,Profit after Taxation,-186362.0
MERIT,annual,2023,Profit after Taxation,-189912.0
MERIT,annual,2026,EPS,0.62
MERIT,annual,2025,EPS,-3.0
MERIT,annual,2024,EPS,-0.93
MERIT,annual,2023,EPS,-0.95
MERIT,quarterly,Q3 2026,Sales,760715.0
MERIT,quarterly,Q2 2026,Sales,840337.0
MERIT,quarterly,Q1 2026,Sales,936738.0
MERIT,quarterly,Q3 2025,Sales,1443333.0
MERIT,quarterly,Q3 2026,Profit after Taxation,-48904.0
MERIT,quarterly,Q2 2026,Profit after Taxation,-342541.0
MERIT,quarterly,Q1 2026,Profit after Taxation,471996.0
MERIT,quarterly,Q3 2025,Profit after Taxation,-101336.0
MERIT,quarterly,Q3 2026,EPS,-0.24
MERIT,quarterly,Q2 2026,EPS,-1.71
MERIT,quarterly,Q1 2026,EPS,2.36
MERIT,quarterly,Q3 2025,EPS,-0.51
MERIT,annual,2026,Gross Profit Margin (%),1.74
MERIT,annual,2025,Gross Profit Margin (%),-0.54
MERIT,annual,2024,Gross Profit Margin (%),6.9
MERIT,annual,2023,Gross Profit Margin (%),7.75
MERIT,annual,2026,Net Profit Margin (%),3.61
MERIT,annual,2025,Net Profit Margin (%),-11.36
MERIT,annual,2024,Net Profit Margin (%),-2.81
MERIT,annual,2023,Net Profit Margin (%),-3.0
MERIT,annual,2026,EPS Growth (%),120.67
MERIT,annual,2025,EPS Growth (%),-222.58
MERIT,annual,2024,EPS Growth (%),2.11
MERIT,annual,2023,EPS Growth (%),-13.1
MERIT,annual,2026,PEG,0.14
MERIT,annual,2025,PEG,0.02
MERIT,annual,2024,PEG,-6.63
MERIT,annual,2023,PEG,0.71
META,annual,2023,Sales,510.0
META,annual,2023,EPS,-10.06
META,annual,2022,EPS,-0.1
META,annual,2021,EPS,-15.85
META,annual,2020,EPS,82.97
META,quarterly,Q3 2024,Sales,200.0
META,quarterly,Q2 2024,Sales,400.0
META,quarterly,Q1 2024,Sales,200.0
META,quarterly,Q3 2023,Sales,3985.0
META,quarterly,Q3 2024,EPS,0.21
META,quarterly,Q2 2024,EPS,-0.01
META,quarterly,Q1 2024,EPS,0.19
META,quarterly,Q3 2023,EPS,-1.82
META,annual,2023,Gross Profit Margin (%),9.81
META,annual,2023,Net Profit Margin (%),-14669.81
META,annual,2023,EPS Growth (%),-9960.0
META,annual,2022,EPS Growth (%),99.37
META,annual,2021,EPS Growth (%),-119.1
META,annual,2020,EPS Growth (%),3095.31
META,annual,2023,PEG,0.0
META,annual,2022,PEG,-0.81
META,annual,2021,PEG,0.0
META,annual,2020,PEG,0.0
MFFL,annual,2026,Sales,2967528.0
MFFL,annual,2025,Sales,2662735.0
MFFL,annual,2024,Sales,2642164.0
MFFL,annual,2023,Sales,2724931.0
MFFL,annual,2026,Profit after Taxation,3342.0
MFFL,annual,2025,Profit after Taxation,1674.0
MFFL,annual,2024,Profit after Taxation,456242.0
MFFL,annual,2023,Profit after Taxation,-59197.0
MFFL,annual,2026,EPS,0.14
MFFL,annual,2025,EPS,0.07
MFFL,annual,2024,EPS,19.95
MFFL,annual,2023,EPS,-2.59
MFFL,quarterly,Q3 2026,Sales,920551.0
MFFL,quarterly,Q2 2026,Sales,623483.0
MFFL,quarterly,Q1 2026,Sales,702158.0
MFFL,quarterly,Q3 2025,Sales,719298.0
MFFL,quarterly,Q3 2026,Profit after Taxation,-66750.0
MFFL,quarterly,Q2 2026,Profit after Taxation,-7722.0
MFFL,quarterly,Q1 2026,Profit after Taxation,183724.0
MFFL,quarterly,Q3 2025,Profit after Taxation,37060.0
MFFL,quarterly,Q3 2026,EPS,-2.92
MFFL,quarterly,Q2 2026,EPS,-0.34
MFFL,quarterly,Q1 2026,EPS,8.03
MFFL,quarterly,Q3 2025,EPS,1.62
MFFL,annual,2026,Gross Profit Margin (%),27.87
MFFL,annual,2025,Gross Profit Margin (%),28.92
MFFL,annual,2024,Gross Profit Margin (%),29.87
MFFL,annual,2023,Gross Profit Margin (%),23.78
MFFL,annual,2026,Net Profit Margin (%),0.11
MFFL,annual,2025,Net Profit Margin (%),0.06
MFFL,annual,2024,Net Profit Margin (%),17.27
MFFL,annual,2023,Net Profit Margin (%),-2.17
MFFL,annual,2026,EPS Growth (%),100.0
MFFL,annual,2025,EPS Growth (%),-99.65
MFFL,annual,2024,EPS Growth (%),870.27
MFFL,annual,2023,EPS Growth (%),90.47
MFFL,annual,2026,PEG,12.86
MFFL,annual,2025,PEG,-27.82
MFFL,annual,2024,PEG,0.01
MFFL,annual,2023,PEG,-0.32
MFL,annual,2026,Sales,16478176.0
MFL,annual,2025,Sales,26654376.0
MFL,annual,2024,Sales,27695668.0
MFL,annual,2023,Sales,19985401.0
MFL,annual,2026,Profit after Taxation,260443.0
MFL,annual,2025,Profit after Taxation,413897.0
MFL,annual,2024,Profit after Taxation,-262466.0
MFL,annual,2023,Profit after Taxation,555618.0
MFL,annual,2026,EPS,2.13
MFL,annual,2025,EPS,3.38
MFL,annual,2024,EPS,-2.14
MFL,annual,2023,EPS,4.54
MFL,quarterly,Q3 2026,Sales,3930361.0
MFL,quarterly,Q2 2026,Sales,3847575.0
MFL,quarterly,Q1 2026,Sales,6065292.0
MFL,quarterly,Q3 2025,Sales,8287788.0
MFL,quarterly,Q3 2026,Profit after Taxation,28965.0
MFL,quarterly,Q2 2026,Profit after Taxation,4537.0
MFL,quarterly,Q1 2026,Profit after Taxation,146468.0
MFL,quarterly,Q3 2025,Profit after Taxation,59184.0
MFL,quarterly,Q3 2026,EPS,0.24
MFL,quarterly,Q2 2026,EPS,0.04
MFL,quarterly,Q1 2026,EPS,1.2
MFL,quarterly,Q3 2025,EPS,0.48
MFL,annual,2026,Gross Profit Margin (%),14.93
MFL,annual,2025,Gross Profit Margin (%),12.55
MFL,annual,2024,Gross Profit Margin (%),11.45
MFL,annual,2023,Gross Profit Margin (%),12.28
MFL,annual,2026,Net Profit Margin (%),1.58
MFL,annual,2025,Net Profit Margin (%),1.55
MFL,annual,2024,Net Profit Margin (%),-0.95
MFL,annual,2023,Net Profit Margin (%),2.78
MFL,annual,2026,EPS Growth (%),-36.98
MFL,annual,2025,EPS Growth (%),257.94
MFL,annual,2024,EPS Growth (%),-147.14
MFL,annual,2023,EPS Growth (%),31.59
MFL,annual,2026,PEG,-0.6
MFL,annual,2025,PEG,0.06
MFL,annual,2024,PEG,0.09
MFL,annual,2023,PEG,0.19
MFTM,annual,2017,EPS Growth (%),-8.75
MFTM,annual,2016,EPS Growth (%),89.61
MFTM,annual,2017,PEG,5.24
MFTM,annual,2016,PEG,-0.38
MIRKS,annual,2025,Sales,12615640.0
MIRKS,annual,2024,Sales,11969725.0
MIRKS,annual,2023,Sales,7779469.0
MIRKS,annual,2022,Sales,4832646.0
MIRKS,annual,2025,Profit after Taxation,-251026.0
MIRKS,annual,2024,Profit after Taxation,-2221448.0
MIRKS,annual,2023,Profit after Taxation,839316.0
MIRKS,annual,2022,Profit after Taxation,203626.0
MIRKS,quarterly,Q3 2026,Sales,3488729.0
MIRKS,quarterly,Q2 2026,Sales,3015690.0
MIRKS,quarterly,Q1 2026,Sales,2271264.0
MIRKS,quarterly,Q3 2025,Sales,3948892.0
MIRKS,quarterly,Q3 2026,Profit after Taxation,-186833.0
MIRKS,quarterly,Q2 2026,Profit after Taxation,171775.0
MIRKS,quarterly,Q1 2026,Profit after Taxation,-173301.0
MIRKS,quarterly,Q3 2025,Profit after Taxation,225800.0
MIRKS,annual,2025,Gross Profit Margin (%),12.41
MIRKS,annual,2024,Gross Profit Margin (%),6.85
MIRKS,annual,2023,Gross Profit Margin (%),17.52
MIRKS,annual,2022,Gross Profit Margin (%),9.89
MIRKS,annual,2025,Net Profit Margin (%),-1.99
MIRKS,annual,2024,Net Profit Margin (%),-18.56
MIRKS,annual,2023,Net Profit Margin (%),10.79
MIRKS,annual,2022,Net Profit Margin (%),4.21
MIRKS,annual,2025,EPS Growth (%),90.38
MIRKS,annual,2024,EPS Growth (%),-338.41
MIRKS,annual,2023,EPS Growth (%),275.97
MIRKS,annual,2022,EPS Growth (%),-57.98
MIRKS,annual,2025,PEG,-0.11
MIRKS,annual,2024,PEG,0.0
MIRKS,annual,2023,PEG,0.01
MIRKS,annual,2022,PEG,-0.51
MLCF,annual,2026,Sales,70731652.0
MLCF,annual,2025,Sales,68942446.0
MLCF,annual,2024,Sales,66452348.0
MLCF,annual,2023,Sales,62075259.0
MLCF,annual,2026,Profit after Taxation,8445631.0
MLCF,annual,2025,Profit after Taxation,17036374.0
MLCF,annual,2024,Profit after Taxation,5272527.0
MLCF,annual,2023,Profit after Taxation,4491670.0
MLCF,annual,2026,EPS,8.06
MLCF,annual,2025,EPS,16.26
MLCF,annual,2024,EPS,4.98
MLCF,annual,2023,EPS,4.18
MLCF,quarterly,Q3 2026,Sales,16931582.0
MLCF,quarterly,Q2 2026,Sales,18935494.0
MLCF,quarterly,Q1 2026,Sales,16483361.0
MLCF,quarterly,Q3 2025,Sales,16631126.0
MLCF,quarterly,Q3 2026,Profit after Taxation,960727.0
MLCF,quarterly,Q2 2026,Profit after Taxation,2514286.0
MLCF,quarterly,Q1 2026,Profit after Taxation,2608289.0
MLCF,quarterly,Q3 2025,Profit after Taxation,7849459.0
MLCF,quarterly,Q3 2026,EPS,0.92
MLCF,quarterly,Q2 2026,EPS,2.4
MLCF,quarterly,Q1 2026,EPS,2.49
MLCF,quarterly,Q3 2025,EPS,7.49
MLCF,annual,2026,Gross Profit Margin (%),33.85
MLCF,annual,2025,Gross Profit Margin (%),34.44
MLCF,annual,2024,Gross Profit Margin (%),31.55
MLCF,annual,2023,Gross Profit Margin (%),26.46
MLCF,annual,2026,Net Profit Margin (%),11.94
MLCF,annual,2025,Net Profit Margin (%),24.71
MLCF,annual,2024,Net Profit Margin (%),7.93
MLCF,annual,2023,Net Profit Margin (%),7.24
MLCF,annual,2026,EPS Growth (%),-50.43
MLCF,annual,2025,EPS Growth (%),226.51
MLCF,annual,2024,EPS Growth (%),19.14
MLCF,annual,2023,EPS Growth (%),26.67
MLCF,annual,2026,PEG,-0.26
MLCF,annual,2025,PEG,0.02
MLCF,annual,2024,PEG,0.4
MLCF,annual,2023,PEG,0.25
MODAM,annual,2023,Total Income,2312.0
MODAM,annual,2022,Total Income,61413.0
MODAM,annual,2021,Total Income,47892.0
MODAM,annual,2020,Total Income,25980.0
MODAM,annual,2023,Profit after Taxation,-3669.0
MODAM,annual,2022,Profit after Taxation,66063.0
MODAM,annual,2021,Profit after Taxation,33786.0
MODAM,annual,2020,Profit after Taxation,18607.0
MODAM,annual,2023,EPS,-0.05
MODAM,annual,2022,EPS,1.23
MODAM,annual,2021,EPS,1.92
MODAM,annual,2020,EPS,1.01
MODAM,quarterly,Q3 2024,Total Income,298.0
MODAM,quarterly,Q2 2024,Total Income,-5515.0
MODAM,quarterly,Q1 2024,Total Income,-37145.0
MODAM,quarterly,Q3 2023,Total Income,1161.0
MODAM,quarterly,Q3 2024,Profit after Taxation,-1080.0
MODAM,quarterly,Q2 2024,Profit after Taxation,11816.0
MODAM,quarterly,Q1 2024,Profit after Taxation,-29276.0
MODAM,quarterly,Q3 2023,Profit after Taxation,27989.0
MODAM,quarterly,Q3 2024,EPS,-0.01
MODAM,quarterly,Q2 2024,EPS,0.13
MODAM,quarterly,Q1 2024,EPS,-0.31
MODAM,quarterly,Q3 2023,EPS,0.35
MODAM,annual,2023,EPS Growth (%),-104.07
MODAM,annual,2022,EPS Growth (%),-35.94
MODAM,annual,2021,EPS Growth (%),90.1
MODAM,annual,2020,EPS Growth (%),134.88
MODAM,annual,2023,PEG,0.67
MODAM,annual,2022,PEG,-0.15
MODAM,annual,2021,PEG,0.05
MODAM,annual,2020,PEG,0.02
MOIL,annual,2017,Profit after Taxation,-2832.0
MOIL,annual,2016,Profit after Taxation,-3287.0
MOIL,annual,2017,EPS,-4.98
MOIL,annual,2016,EPS,-5.78
MOIL,annual,2017,EPS Growth (%),13.84
MOIL,annual,2017,PEG,-0.15
MOON,annual,2017,Profit after Taxation,-1063.0
MOON,annual,2016,Profit after Taxation,-73.0
MOON,annual,2015,Profit after Taxation,-13266.0
MOON,annual,2017,EPS,-0.49
MOON,annual,2016,EPS,-0.03
MOON,annual,2015,EPS,6.14
MOON,annual,2017,EPS Growth (%),-1533.33
MOON,annual,2016,EPS Growth (%),-100.49
MOON,annual,2017,PEG,0.03
MOON,annual,2016,PEG,7.3
MQTM,annual,2025,Sales,8460000.0
MQTM,annual,2024,Sales,10313728.0
MQTM,annual,2023,Sales,9837137.0
MQTM,annual,2022,Sales,10381068.0
MQTM,annual,2025,Profit after Taxation,-827613.0
MQTM,annual,2024,Profit after Taxation,-698417.0
MQTM,annual,2023,Profit after Taxation,-362725.0
MQTM,annual,2022,Profit after Taxation,268512.0
MQTM,annual,2025,EPS,-44.9
MQTM,annual,2024,EPS,-37.89
MQTM,annual,2023,EPS,-19.68
MQTM,annual,2022,EPS,14.57
MQTM,quarterly,Q3 2026,Sales,2423751.0
MQTM,quarterly,Q2 2026,Sales,2077726.0
MQTM,quarterly,Q1 2026,Sales,1481485.0
MQTM,quarterly,Q3 2025,Sales,2070146.0
MQTM,quarterly,Q3 2026,Profit after Taxation,-1034268.0
MQTM,quarterly,Q2 2026,Profit after Taxation,-27390.0
MQTM,quarterly,Q1 2026,Profit after Taxation,-171223.0
MQTM,quarterly,Q3 2025,Profit after Taxation,-298328.0
MQTM,quarterly,Q3 2026,EPS,-56.11
MQTM,quarterly,Q2 2026,EPS,-1.49
MQTM,quarterly,Q1 2026,EPS,-9.29
MQTM,quarterly,Q3 2025,EPS,-16.19
MQTM,annual,2025,Gross Profit Margin (%),0.69
MQTM,annual,2024,Gross Profit Margin (%),3.68
MQTM,annual,2023,Gross Profit Margin (%),6.67
MQTM,annual,2022,Gross Profit Margin (%),11.06
MQTM,annual,2025,Net Profit Margin (%),-9.78
MQTM,annual,2024,Net Profit Margin (%),-6.77
MQTM,annual,2023,Net Profit Margin (%),-3.69
MQTM,annual,2022,Net Profit Margin (%),2.59
MQTM,annual,2025,EPS Growth (%),-18.5
MQTM,annual,2024,EPS Growth (%),-92.53
MQTM,annual,2023,EPS Growth (%),-235.07
MQTM,annual,2022,EPS Growth (%),60.46
MQTM,annual,2025,PEG,0.04
MQTM,annual,2024,PEG,0.01
MQTM,annual,2023,PEG,0.02
MQTM,annual,2022,PEG,0.1
MRNS,annual,2025,Sales,13573288.0
MRNS,annual,2024,Sales,10988868.0
MRNS,annual,2023,Sales,10983533.0
MRNS,annual,2022,Sales,6898027.0
MRNS,annual,2025,Profit after Taxation,2174068.0
MRNS,annual,2024,Profit after Taxation,-799027.0
MRNS,annual,2023,Profit after Taxation,1442949.0
MRNS,annual,2022,Profit after Taxation,289361.0
MRNS,annual,2025,EPS,29.02
MRNS,annual,2024,EPS,-10.66
MRNS,annual,2023,EPS,19.26
MRNS,annual,2022,EPS,3.86
MRNS,quarterly,Q3 2026,Sales,4753972.0
MRNS,quarterly,Q2 2026,Sales,3245269.0
MRNS,quarterly,Q1 2026,Sales,1350713.0
MRNS,quarterly,Q3 2025,Sales,4133631.0
MRNS,quarterly,Q3 2026,Profit after Taxation,285558.0
MRNS,quarterly,Q2 2026,Profit after Taxation,33557.0
MRNS,quarterly,Q1 2026,Profit after Taxation,197377.0
MRNS,quarterly,Q3 2025,Profit after Taxation,504222.0
MRNS,quarterly,Q3 2026,EPS,3.81
MRNS,quarterly,Q2 2026,EPS,0.45
MRNS,quarterly,Q1 2026,EPS,2.63
MRNS,quarterly,Q3 2025,EPS,6.73
MRNS,annual,2025,Gross Profit Margin (%),14.81
MRNS,annual,2024,Gross Profit Margin (%),8.14
MRNS,annual,2023,Gross Profit Margin (%),21.52
MRNS,annual,2022,Gross Profit Margin (%),11.7
MRNS,annual,2025,Net Profit Margin (%),16.02
MRNS,annual,2024,Net Profit Margin (%),-7.27
MRNS,annual,2023,Net Profit Margin (%),13.14
MRNS,annual,2022,Net Profit Margin (%),4.19
MRNS,annual,2025,EPS Growth (%),372.23
MRNS,annual,2024,EPS Growth (%),-155.35
MRNS,annual,2023,EPS Growth (%),398.96
MRNS,annual,2022,EPS Growth (%),1065.0
MRNS,annual,2025,PEG,0.01
MRNS,annual,2024,PEG,0.03
MRNS,annual,2023,PEG,0.01
MRNS,annual,2022,PEG,0.01
MSCL,annual,2026,Profit after Taxation,-18731.0
MSCL,annual,2025,Profit after Taxation,-12423.0
MSCL,annual,2024,Profit after Taxation,-23342.0
MSCL,annual,2023,Profit after Taxation,-13000.0
MSCL,annual,2026,EPS,-0.6
MSCL,annual,2025,EPS,-0.4
MSCL,annual,2024,EPS,-0.75
MSCL,annual,2023,EPS,-0.42
MSCL,quarterly,Q3 2026,Profit after Taxation,846.0
MSCL,quarterly,Q2 2026,Profit after Taxation,-6593.0
MSCL,quarterly,Q1 2026,Profit after Taxation,-6264.0
MSCL,quarterly,Q3 2025,Profit after Taxation,-4189.0
MSCL,quarterly,Q3 2026,EPS,0.03
MSCL,quarterly,Q2 2026,EPS,-0.21
MSCL,quarterly,Q1 2026,EPS,-0.2
MSCL,quarterly,Q3 2025,EPS,-0.13
MSCL,annual,2026,Gross Profit Margin (%),-4.16
MSCL,annual,2025,Gross Profit Margin (%),-11.6
MSCL,annual,2024,Gross Profit Margin (%),-14.05
MSCL,annual,2023,Gross Profit Margin (%),-7.63
MSCL,annual,2026,Net Profit Margin (%),-17.52
MSCL,annual,2025,Net Profit Margin (%),-12.33
MSCL,annual,2024,Net Profit Margin (%),-19.06
MSCL,annual,2023,Net Profit Margin (%),-13.1
MSCL,annual,2026,EPS Growth (%),-50.0
MSCL,annual,2025,EPS Growth (%),46.67
MSCL,annual,2024,EPS Growth (%),-78.57
MSCL,annual,2023,EPS Growth (%),83.72
MSCL,annual,2026,PEG,0.94
MSCL,annual,2025,PEG,-0.67
MSCL,annual,2024,PEG,0.21
MSCL,annual,2023,PEG,-0.84
MSOT,annual,2025,Sales,59201769.0
MSOT,annual,2024,Sales,58676926.0
MSOT,annual,2023,Sales,60105873.0
MSOT,annual,2022,Sales,54146811.0
MSOT,annual,2025,Profit after Taxation,131279.0
MSOT,annual,2024,Profit after Taxation,-470030.0
MSOT,annual,2023,Profit after Taxation,2651189.0
MSOT,annual,2022,Profit after Taxation,2276040.0
MSOT,annual,2025,EPS,1.2
MSOT,annual,2024,EPS,-7.95
MSOT,annual,2023,EPS,38.54
MSOT,annual,2022,EPS,33.24
MSOT,quarterly,Q3 2026,Sales,11913556.0
MSOT,quarterly,Q2 2026,Sales,11735199.0
MSOT,quarterly,Q1 2026,Sales,12845727.0
MSOT,quarterly,Q3 2025,Sales,15810477.0
MSOT,quarterly,Q3 2026,Profit after Taxation,196010.0
MSOT,quarterly,Q2 2026,Profit after Taxation,203389.0
MSOT,quarterly,Q1 2026,Profit after Taxation,204063.0
MSOT,quarterly,Q3 2025,Profit after Taxation,337453.0
MSOT,quarterly,Q3 2026,EPS,2.78
MSOT,quarterly,Q2 2026,EPS,2.88
MSOT,quarterly,Q1 2026,EPS,2.89
MSOT,quarterly,Q3 2025,EPS,4.86
MSOT,annual,2025,Gross Profit Margin (%),15.24
MSOT,annual,2024,Gross Profit Margin (%),16.23
MSOT,annual,2023,Gross Profit Margin (%),13.46
MSOT,annual,2022,Gross Profit Margin (%),12.08
MSOT,annual,2025,Net Profit Margin (%),0.22
MSOT,annual,2024,Net Profit Margin (%),-0.8
MSOT,annual,2023,Net Profit Margin (%),4.41
MSOT,annual,2022,Net Profit Margin (%),4.2
MSOT,annual,2025,EPS Growth (%),115.09
MSOT,annual,2024,EPS Growth (%),-120.63
MSOT,annual,2023,EPS Growth (%),15.94
MSOT,annual,2022,EPS Growth (%),266.89
MSOT,annual,2025,PEG,0.48
MSOT,annual,2024,PEG,0.05
MSOT,annual,2023,PEG,0.07
MSOT,annual,2022,PEG,0.01
MTIL,annual,2019,Sales,2116.0
MTIL,annual,2018,Sales,18958.0
MTIL,annual,2021,Profit after Taxation,-5490.0
MTIL,annual,2020,Profit after Taxation,-14614.0
MTIL,annual,2019,Profit after Taxation,93802.0
MTIL,annual,2018,Profit after Taxation,43488.0
MTIL,annual,2021,EPS,-0.24
MTIL,annual,2020,EPS,-0.66
MTIL,annual,2019,EPS,4.24
MTIL,annual,2018,EPS,1.97
MTIL,annual,2019,Gross Profit Margin (%),7.23
MTIL,annual,2018,Gross Profit Margin (%),7.41
MTIL,annual,2019,Net Profit Margin (%),4432.45
MTIL,annual,2018,Net Profit Margin (%),229.4
MTIL,annual,2021,EPS Growth (%),63.64
MTIL,annual,2020,EPS Growth (%),-115.57
MTIL,annual,2019,EPS Growth (%),115.23
MTIL,annual,2018,EPS Growth (%),1.55
MTIL,annual,2021,PEG,-1.62
MTIL,annual,2020,PEG,0.09
MTIL,annual,2019,PEG,0.01
MTIL,annual,2018,PEG,1.15
MTL,annual,2026,Sales,63755236.0
MTL,annual,2025,Sales,52108997.0
MTL,annual,2024,Sales,91534501.0
MTL,annual,2023,Sales,44190843.0
MTL,annual,2026,Profit after Taxation,7840789.0
MTL,annual,2025,Profit after Taxation,6372928.0
MTL,annual,2024,Profit after Taxation,10224875.0
MTL,annual,2023,Profit after Taxation,3377636.0
MTL,annual,2026,EPS,19.65
MTL,annual,2025,EPS,15.97
MTL,annual,2024,EPS,52.26
MTL,annual,2023,EPS,17.61
MTL,quarterly,Q3 2026,Sales,17129138.0
MTL,quarterly,Q2 2026,Sales,20891306.0
MTL,quarterly,Q1 2026,Sales,7545654.0
MTL,quarterly,Q3 2025,Sales,12492367.0
MTL,quarterly,Q3 2026,Profit after Taxation,3116202.0
MTL,quarterly,Q2 2026,Profit after Taxation,2406047.0
MTL,quarterly,Q1 2026,Profit after Taxation,513589.0
MTL,quarterly,Q3 2025,Profit after Taxation,1387804.0
MTL,quarterly,Q3 2026,EPS,15.62
MTL,quarterly,Q2 2026,EPS,12.06
MTL,quarterly,Q1 2026,EPS,2.57
MTL,quarterly,Q3 2025,EPS,6.96
MTL,annual,2026,Gross Profit Margin (%),31.94
MTL,annual,2025,Gross Profit Margin (%),26.61
MTL,annual,2024,Gross Profit Margin (%),23.42
MTL,annual,2023,Gross Profit Margin (%),20.01
MTL,annual,2026,Net Profit Margin (%),12.3
MTL,annual,2025,Net Profit Margin (%),12.23
MTL,annual,2024,Net Profit Margin (%),11.17
MTL,annual,2023,Net Profit Margin (%),7.64
MTL,annual,2026,EPS Growth (%),23.04
MTL,annual,2025,EPS Growth (%),-69.44
MTL,annual,2024,EPS Growth (%),196.76
MTL,annual,2023,EPS Growth (%),-37.53
MTL,annual,2026,PEG,0.67
MTL,annual,2025,PEG,-0.5
MTL,annual,2024,PEG,0.06
MTL,annual,2023,PEG,-0.59
MUBT,annual,2024,Profit after Taxation,-1959.0
MUBT,annual,2023,Profit after Taxation,-1514.0
MUBT,annual,2022,Profit after Taxation,-805.0
MUBT,annual,2021,Profit after Taxation,6621.0
MUBT,annual,2024,EPS,-0.36
MUBT,annual,2023,EPS,-0.28
MUBT,annual,2022,EPS,-0.15
MUBT,annual,2021,EPS,1.23
MUBT,quarterly,Q3 2025,Profit after Taxation,-3.0
MUBT,quarterly,Q2 2025,Profit after Taxation,-386.0
MUBT,quarterly,Q1 2025,Profit after Taxation,-391.0
MUBT,quarterly,Q3 2024,Profit after Taxation,-174.0
MUBT,quarterly,Q2 2025,EPS,-0.07
MUBT,quarterly,Q1 2025,EPS,-0.07
MUBT,quarterly,Q3 2024,EPS,-0.03
MUBT,annual,2024,EPS Growth (%),-28.57
MUBT,annual,2023,EPS Growth (%),-86.67
MUBT,annual,2022,EPS Growth (%),-112.2
MUBT,annual,2021,EPS Growth (%),4000.0
MUBT,annual,2024,PEG,0.37
MUBT,annual,2023,PEG,0.16
MUBT,annual,2022,PEG,0.23
MUBT,annual,2021,PEG,0.0
MUGHAL,annual,2026,Sales,77958202.0
MUGHAL,annual,2025,Sales,89413926.0
MUGHAL,annual,2024,Sales,92382600.0
MUGHAL,annual,2023,Sales,67390171.0
MUGHAL,annual,2026,Profit after Taxation,2487370.0
MUGHAL,annual,2025,Profit after Taxation,965518.0
MUGHAL,annual,2024,Profit after Taxation,1999889.0
MUGHAL,annual,2023,Profit after Taxation,3480485.0
MUGHAL,annual,2026,EPS,6.75
MUGHAL,annual,2025,EPS,2.83
MUGHAL,annual,2024,EPS,5.96
MUGHAL,annual,2023,EPS,10.37
MUGHAL,quarterly,Q3 2026,Sales,18362863.0
MUGHAL,quarterly,Q2 2026,Sales,21654769.0
MUGHAL,quarterly,Q1 2026,Sales,20091754.0
MUGHAL,quarterly,Q3 2025,Sales,19342719.0
MUGHAL,quarterly,Q3 2026,Profit after Taxation,460617.0
MUGHAL,quarterly,Q2 2026,Profit after Taxation,665353.0
MUGHAL,quarterly,Q1 2026,Profit after Taxation,997262.0
MUGHAL,quarterly,Q3 2025,Profit after Taxation,235867.0
MUGHAL,quarterly,Q3 2026,EPS,1.25
MUGHAL,quarterly,Q2 2026,EPS,1.8
MUGHAL,quarterly,Q1 2026,EPS,2.7
MUGHAL,quarterly,Q3 2025,EPS,0.7
MUGHAL,annual,2026,Gross Profit Margin (%),11.1
MUGHAL,annual,2025,Gross Profit Margin (%),9.1
MUGHAL,annual,2024,Gross Profit Margin (%),8.35
MUGHAL,annual,2023,Gross Profit Margin (%),14.35
MUGHAL,annual,2026,Net Profit Margin (%),3.19
MUGHAL,annual,2025,Net Profit Margin (%),1.08
MUGHAL,annual,2024,Net Profit Margin (%),2.16
MUGHAL,annual,2023,Net Profit Margin (%),5.16
MUGHAL,annual,2026,EPS Growth (%),138.52
MUGHAL,annual,2025,EPS Growth (%),-52.52
MUGHAL,annual,2024,EPS Growth (%),-42.53
MUGHAL,annual,2023,EPS Growth (%),-35.67
MUGHAL,annual,2026,PEG,0.09
MUGHAL,annual,2025,PEG,-0.49
MUGHAL,annual,2024,PEG,-0.37
MUGHAL,annual,2023,PEG,-0.13
MUGHALC,annual,2024,Sales,92382600.0
MUGHALC,annual,2023,Sales,67390171.0
MUGHALC,annual,2022,Sales,66152808.0
MUGHALC,annual,2021,Sales,44971836.0
MUGHALC,annual,2024,Profit after Taxation,1999889.0
MUGHALC,annual,2023,Profit after Taxation,3480485.0
MUGHALC,annual,2022,Profit after Taxation,5410959.0
MUGHALC,annual,2021,Profit after Taxation,3429150.0
MUGHALC,annual,2024,EPS,5.96
MUGHALC,annual,2023,EPS,10.37
MUGHALC,annual,2022,EPS,16.12
MUGHALC,annual,2021,EPS,11.16
MUGHALC,quarterly,Q3 2025,Sales,19342719.0
MUGHALC,quarterly,Q2 2025,Sales,25241258.0
MUGHALC,quarterly,Q1 2025,Sales,21584159.0
MUGHALC,quarterly,Q3 2024,Sales,21084093.0
MUGHALC,quarterly,Q3 2025,Profit after Taxation,235867.0
MUGHALC,quarterly,Q2 2025,Profit after Taxation,210189.0
MUGHALC,quarterly,Q1 2025,Profit after Taxation,6946.0
MUGHALC,quarterly,Q3 2024,Profit after Taxation,102946.0
MUGHALC,quarterly,Q3 2025,EPS,0.7
MUGHALC,quarterly,Q2 2025,EPS,0.63
MUGHALC,quarterly,Q1 2025,EPS,0.02
MUGHALC,quarterly,Q3 2024,EPS,0.31
MUGHALC,annual,2024,Gross Profit Margin (%),8.35
MUGHALC,annual,2023,Gross Profit Margin (%),14.35
MUGHALC,annual,2022,Gross Profit Margin (%),15.31
MUGHALC,annual,2021,Gross Profit Margin (%),14.88
MUGHALC,annual,2024,Net Profit Margin (%),2.16
MUGHALC,annual,2023,Net Profit Margin (%),5.16
MUGHALC,annual,2022,Net Profit Margin (%),8.18
MUGHALC,annual,2021,Net Profit Margin (%),7.63
MUGHALC,annual,2024,EPS Growth (%),-42.53
MUGHALC,annual,2023,EPS Growth (%),-35.67
MUGHALC,annual,2022,EPS Growth (%),44.44
MUGHALC,annual,2021,EPS Growth (%),396.0
MUGHALC,annual,2024,PEG,-0.37
MUGHALC,annual,2023,PEG,-0.13
MUGHALC,annual,2022,PEG,0.08
MUGHALC,annual,2021,PEG,0.02
MUREB,annual,2026,Sales,31995846.0
MUREB,annual,2025,Sales,28562599.0
MUREB,annual,2024,Sales,23798244.0
MUREB,annual,2023,Sales,18591183.0
MUREB,annual,2026,Profit after Taxation,3790414.0
MUREB,annual,2025,Profit after Taxation,3262051.0
MUREB,annual,2024,Profit after Taxation,2621355.0
MUREB,annual,2023,Profit after Taxation,1273689.0
MUREB,annual,2026,EPS,137.02
MUREB,annual,2025,EPS,117.92
MUREB,annual,2024,EPS,94.76
MUREB,annual,2023,EPS,46.04
MUREB,quarterly,Q3 2026,Sales,7368200.0
MUREB,quarterly,Q2 2026,Sales,8160580.0
MUREB,quarterly,Q1 2026,Sales,8071583.0
MUREB,quarterly,Q3 2025,Sales,6132881.0
MUREB,quarterly,Q3 2026,Profit after Taxation,640929.0
MUREB,quarterly,Q2 2026,Profit after Taxation,1091177.0
MUREB,quarterly,Q1 2026,Profit after Taxation,960358.0
MUREB,quarterly,Q3 2025,Profit after Taxation,605953.0
MUREB,quarterly,Q3 2026,EPS,23.17
MUREB,quarterly,Q2 2026,EPS,39.44
MUREB,quarterly,Q1 2026,EPS,34.72
MUREB,quarterly,Q3 2025,EPS,22.52
MUREB,annual,2026,Gross Profit Margin (%),25.14
MUREB,annual,2025,Gross Profit Margin (%),25.84
MUREB,annual,2024,Gross Profit Margin (%),23.48
MUREB,annual,2023,Gross Profit Margin (%),18.85
MUREB,annual,2026,Net Profit Margin (%),11.85
MUREB,annual,2025,Net Profit Margin (%),11.42
MUREB,annual,2024,Net Profit Margin (%),11.01
MUREB,annual,2023,Net Profit Margin (%),6.85
MUREB,annual,2026,EPS Growth (%),16.2
MUREB,annual,2025,EPS Growth (%),24.44
MUREB,annual,2024,EPS Growth (%),105.82
MUREB,annual,2023,EPS Growth (%),-1.58
MUREB,annual,2026,PEG,0.41
MUREB,annual,2025,PEG,0.28
MUREB,annual,2024,PEG,0.05
MUREB,annual,2023,PEG,-3.98
MWMP,annual,2026,Sales,1878880.0
MWMP,annual,2025,Sales,1116036.0
MWMP,annual,2024,Sales,1108560.0
MWMP,annual,2023,Sales,619811.0
MWMP,annual,2026,Profit after Taxation,214191.0
MWMP,annual,2025,Profit after Taxation,73204.0
MWMP,annual,2024,Profit after Taxation,103488.0
MWMP,annual,2023,Profit after Taxation,39660.0
MWMP,annual,2026,EPS,7.45
MWMP,annual,2025,EPS,2.55
MWMP,annual,2024,EPS,3.6
MWMP,annual,2023,EPS,1.38
MWMP,quarterly,Q3 2026,Sales,403658.0
MWMP,quarterly,Q2 2026,Sales,338177.0
MWMP,quarterly,Q1 2026,Sales,451721.0
MWMP,quarterly,Q3 2025,Sales,346770.0
MWMP,quarterly,Q3 2026,Profit after Taxation,46560.0
MWMP,quarterly,Q2 2026,Profit after Taxation,16491.0
MWMP,quarterly,Q1 2026,Profit after Taxation,48124.0
MWMP,quarterly,Q3 2025,Profit after Taxation,46865.0
MWMP,quarterly,Q3 2026,EPS,1.62
MWMP,quarterly,Q2 2026,EPS,0.57
MWMP,quarterly,Q1 2026,EPS,1.67
MWMP,quarterly,Q3 2025,EPS,1.63
MWMP,annual,2026,Gross Profit Margin (%),23.52
MWMP,annual,2025,Gross Profit Margin (%),17.03
MWMP,annual,2024,Gross Profit Margin (%),23.29
MWMP,annual,2023,Gross Profit Margin (%),16.54
MWMP,annual,2026,Net Profit Margin (%),11.4
MWMP,annual,2025,Net Profit Margin (%),6.56
MWMP,annual,2024,Net Profit Margin (%),9.34
MWMP,annual,2023,Net Profit Margin (%),6.4
MWMP,annual,2026,EPS Growth (%),192.16
MWMP,annual,2025,EPS Growth (%),-29.17
MWMP,annual,2024,EPS Growth (%),160.87
MWMP,annual,2023,EPS Growth (%),236.59
MWMP,annual,2026,PEG,0.05
MWMP,annual,2025,PEG,-0.26
MWMP,annual,2024,PEG,0.03
MWMP,annual,2023,PEG,0.01
MZSM,annual,2015,Sales,446822.0
MZSM,annual,2014,Sales,20963.0
MZSM,annual,2013,Sales,217645.0
MZSM,annual,2012,Sales,774361.0
MZSM,annual,2015,Profit after Taxation,-82128.0
MZSM,annual,2014,Profit after Taxation,-36343.0
MZSM,annual,2013,Profit after Taxation,-121681.0
MZSM,annual,2012,Profit after Taxation,118873.0
MZSM,annual,2015,EPS,-5.82
MZSM,annual,2014,EPS,-2.58
MZSM,annual,2013,EPS,-8.63
MZSM,annual,2012,EPS,8.43
MZSM,annual,2015,Gross Profit Margin (%),-10.67
MZSM,annual,2014,Gross Profit Margin (%),-93.44
MZSM,annual,2013,Gross Profit Margin (%),-33.34
MZSM,annual,2012,Gross Profit Margin (%),-7.14
MZSM,annual,2015,Net Profit Margin (%),-18.38
MZSM,annual,2014,Net Profit Margin (%),-173.37
MZSM,annual,2013,Net Profit Margin (%),-55.91
MZSM,annual,2012,Net Profit Margin (%),15.35
MZSM,annual,2015,EPS Growth (%),-125.58
MZSM,annual,2014,EPS Growth (%),70.1
MZSM,annual,2013,EPS Growth (%),-202.37
MZSM,annual,2012,EPS Growth (%),381.71
MZSM,annual,2015,PEG,0.0
MZSM,annual,2014,PEG,-0.02
MZSM,annual,2013,PEG,0.0
MZSM,annual,2012,PEG,0.0
NAGC,annual,2026,Sales,21563746.0
NAGC,annual,2025,Sales,19857881.0
NAGC,annual,2024,Sales,20448120.0
NAGC,annual,2023,Sales,12818758.0
NAGC,annual,2026,Profit after Taxation,281585.0
NAGC,annual,2025,Profit after Taxation,50417.0
NAGC,annual,2024,Profit after Taxation,77025.0
NAGC,annual,2023,Profit after Taxation,589947.0
NAGC,annual,2026,EPS,15.06
NAGC,annual,2025,EPS,2.7
NAGC,annual,2024,EPS,4.12
NAGC,annual,2023,EPS,31.55
NAGC,quarterly,Q3 2026,Sales,5152512.0
NAGC,quarterly,Q2 2026,Sales,5151981.0
NAGC,quarterly,Q1 2026,Sales,5139682.0
NAGC,quarterly,Q3 2025,Sales,4910529.0
NAGC,quarterly,Q3 2026,Profit after Taxation,24555.0
NAGC,quarterly,Q2 2026,Profit after Taxation,337053.0
NAGC,quarterly,Q1 2026,Profit after Taxation,26161.0
NAGC,quarterly,Q3 2025,Profit after Taxation,44611.0
NAGC,quarterly,Q3 2026,EPS,1.31
NAGC,quarterly,Q2 2026,EPS,1.57
NAGC,quarterly,Q1 2026,EPS,1.4
NAGC,quarterly,Q3 2025,EPS,2.39
NAGC,annual,2026,Gross Profit Margin (%),8.38
NAGC,annual,2025,Gross Profit Margin (%),8.1
NAGC,annual,2024,Gross Profit Margin (%),7.89
NAGC,annual,2023,Gross Profit Margin (%),10.45
NAGC,annual,2026,Net Profit Margin (%),1.31
NAGC,annual,2025,Net Profit Margin (%),0.25
NAGC,annual,2024,Net Profit Margin (%),0.38
NAGC,annual,2023,Net Profit Margin (%),4.6
NAGC,annual,2026,EPS Growth (%),457.78
NAGC,annual,2025,EPS Growth (%),-34.47
NAGC,annual,2024,EPS Growth (%),-86.94
NAGC,annual,2023,EPS Growth (%),-67.45
NAGC,annual,2026,PEG,0.01
NAGC,annual,2025,PEG,-0.66
NAGC,annual,2024,PEG,-0.15
NAGC,annual,2023,PEG,-0.03
NATF,annual,2026,Sales,49898326.0
NATF,annual,2025,Sales,44587462.0
NATF,annual,2024,Sales,37377245.0
NATF,annual,2023,Sales,29602876.0
NATF,annual,2026,Profit after Taxation,5654889.0
NATF,annual,2025,Profit after Taxation,3181400.0
NATF,annual,2024,Profit after Taxation,1268568.0
NATF,annual,2023,Profit after Taxation,2151461.0
NATF,annual,2026,EPS,24.26
NATF,annual,2025,EPS,13.65
NATF,annual,2024,EPS,5.44
NATF,annual,2023,EPS,9.23
NATF,quarterly,Q3 2026,Sales,16115384.0
NATF,quarterly,Q2 2026,Sales,11980978.0
NATF,quarterly,Q1 2026,Sales,10038778.0
NATF,quarterly,Q3 2025,Sales,14741346.0
NATF,quarterly,Q3 2026,Profit after Taxation,2663426.0
NATF,quarterly,Q2 2026,Profit after Taxation,1487986.0
NATF,quarterly,Q1 2026,Profit after Taxation,1046797.0
NATF,quarterly,Q3 2025,Profit after Taxation,2172740.0
NATF,quarterly,Q3 2026,EPS,11.43
NATF,quarterly,Q2 2026,EPS,6.38
NATF,quarterly,Q1 2026,EPS,4.49
NATF,quarterly,Q3 2025,EPS,9.32
NATF,annual,2026,Gross Profit Margin (%),37.65
NATF,annual,2025,Gross Profit Margin (%),35.52
NATF,annual,2024,Gross Profit Margin (%),31.67
NATF,annual,2023,Gross Profit Margin (%),34.6
NATF,annual,2026,Net Profit Margin (%),11.33
NATF,annual,2025,Net Profit Margin (%),7.14
NATF,annual,2024,Net Profit Margin (%),3.39
NATF,annual,2023,Net Profit Margin (%),7.27
NATF,annual,2026,EPS Growth (%),77.73
NATF,annual,2025,EPS Growth (%),150.92
NATF,annual,2024,EPS Growth (%),-41.06
NATF,annual,2023,EPS Growth (%),9.49
NATF,annual,2026,PEG,0.21
NATF,annual,2025,PEG,0.16
NATF,annual,2024,PEG,-0.78
NATF,annual,2023,PEG,1.12
NATM,annual,2025,Sales,4893178.0
NATM,annual,2024,Sales,11391094.0
NATM,annual,2023,Sales,10666653.0
NATM,annual,2022,Sales,13775868.0
NATM,annual,2025,Profit after Taxation,-1190942.0
NATM,annual,2024,Profit after Taxation,-961781.0
NATM,annual,2023,Profit after Taxation,-569290.0
NATM,annual,2022,Profit after Taxation,1213984.0
NATM,annual,2025,EPS,-56.0
NATM,annual,2024,EPS,-45.22
NATM,annual,2023,EPS,-26.39
NATM,annual,2022,EPS,56.43
NATM,quarterly,Q3 2026,Sales,444615.0
NATM,quarterly,Q2 2025,Sales,581458.0
NATM,quarterly,Q1 2026,Sales,665044.0
NATM,quarterly,Q3 2025,Sales,974123.0
NATM,quarterly,Q3 2026,Profit after Taxation,-180524.0
NATM,quarterly,Q2 2025,Profit after Taxation,-204892.0
NATM,quarterly,Q1 2026,Profit after Taxation,-212136.0
NATM,quarterly,Q3 2025,Profit after Taxation,-211554.0
NATM,quarterly,Q3 2026,EPS,-8.49
NATM,quarterly,Q2 2025,EPS,-9.63
NATM,quarterly,Q1 2026,EPS,-9.98
NATM,quarterly,Q3 2025,EPS,-9.95
NATM,annual,2025,Gross Profit Margin (%),-10.77
NATM,annual,2024,Gross Profit Margin (%),0.58
NATM,annual,2023,Gross Profit Margin (%),4.78
NATM,annual,2022,Gross Profit Margin (%),16.83
NATM,annual,2025,Net Profit Margin (%),-24.34
NATM,annual,2024,Net Profit Margin (%),-8.44
NATM,annual,2023,Net Profit Margin (%),-5.34
NATM,annual,2022,Net Profit Margin (%),8.81
NATM,annual,2025,EPS Growth (%),-23.84
NATM,annual,2024,EPS Growth (%),-71.35
NATM,annual,2023,EPS Growth (%),-146.77
NATM,annual,2022,EPS Growth (%),83.33
NATM,annual,2025,PEG,0.06
NATM,annual,2024,PEG,0.03
NATM,annual,2023,PEG,0.02
NATM,annual,2022,PEG,0.01
NBP,annual,2025,Mark-up Earned,781112992.0
NBP,annual,2024,Mark-up Earned,1089414852.0
NBP,annual,2023,Mark-up Earned,1024657648.0
NBP,annual,2022,Mark-up Earned,503310285.0
NBP,annual,2025,Total Income,311744829.0
NBP,annual,2024,Total Income,236314340.0
NBP,annual,2023,Total Income,209354049.0
NBP,annual,2022,Total Income,153510390.0
NBP,annual,2025,Profit after Taxation,85912384.0
NBP,annual,2024,Profit after Taxation,26865744.0
NBP,annual,2023,Profit after Taxation,51840462.0
NBP,annual,2022,Profit after Taxation,30410300.0
NBP,annual,2025,EPS,40.38
NBP,annual,2024,EPS,12.63
NBP,annual,2023,EPS,24.37
NBP,annual,2022,EPS,14.29
NBP,quarterly,Q2 2026,Mark-up Earned,183431390.0
NBP,quarterly,Q1 2026,Mark-up Earned,178278641.0
NBP,quarterly,Q3 2025,Mark-up Earned,190390073.0
NBP,quarterly,Q2 2025,Mark-up Earned,197786241.0
NBP,quarterly,Q2 2026,Total Income,66215284.0
NBP,quarterly,Q1 2026,Total Income,61417430.0
NBP,quarterly,Q3 2025,Total Income,75511533.0
NBP,quarterly,Q2 2025,Total Income,76449328.0
NBP,quarterly,Q2 2026,Profit after Taxation,15682849.0
NBP,quarterly,Q1 2026,Profit after Taxation,16724960.0
NBP,quarterly,Q3 2025,Profit after Taxation,23162338.0
NBP,quarterly,Q2 2025,Profit after Taxation,22022652.0
NBP,quarterly,Q2 2026,EPS,7.37
NBP,quarterly,Q1 2026,EPS,7.86
NBP,quarterly,Q3 2025,EPS,10.89
NBP,quarterly,Q2 2025,EPS,10.35
NBP,annual,2025,Net Profit Margin (%),11.0
NBP,annual,2024,Net Profit Margin (%),2.47
NBP,annual,2023,Net Profit Margin (%),5.06
NBP,annual,2022,Net Profit Margin (%),6.04
NBP,annual,2025,EPS Growth (%),219.71
NBP,annual,2024,EPS Growth (%),-48.17
NBP,annual,2023,EPS Growth (%),70.54
NBP,annual,2022,EPS Growth (%),8.59
NBP,annual,2025,PEG,0.03
NBP,annual,2024,PEG,-0.11
NBP,annual,2023,PEG,0.02
NBP,annual,2022,PEG,0.19
NCL,annual,2026,Sales,86825317.0
NCL,annual,2025,Sales,85427486.0
NCL,annual,2024,Sales,88879552.0
NCL,annual,2023,Sales,67629279.0
NCL,annual,2026,Profit after Taxation,1598693.0
NCL,annual,2025,Profit after Taxation,789206.0
NCL,annual,2024,Profit after Taxation,691671.0
NCL,annual,2023,Profit after Taxation,-998928.0
NCL,annual,2026,EPS,6.66
NCL,annual,2025,EPS,3.29
NCL,annual,2024,EPS,2.88
NCL,annual,2023,EPS,-4.16
NCL,quarterly,Q3 2026,Sales,21748610.0
NCL,quarterly,Q2 2026,Sales,20306329.0
NCL,quarterly,Q1 2026,Sales,22916720.0
NCL,quarterly,Q3 2025,Sales,23426799.0
NCL,quarterly,Q3 2026,Profit after Taxation,641544.0
NCL,quarterly,Q2 2026,Profit after Taxation,-21978.0
NCL,quarterly,Q1 2026,Profit after Taxation,522435.0
NCL,quarterly,Q3 2025,Profit after Taxation,480876.0
NCL,quarterly,Q3 2026,EPS,2.67
NCL,quarterly,Q2 2026,EPS,-0.09
NCL,quarterly,Q1 2026,EPS,2.18
NCL,quarterly,Q3 2025,EPS,2.0
NCL,annual,2026,Gross Profit Margin (%),12.19
NCL,annual,2025,Gross Profit Margin (%),10.34
NCL,annual,2024,Gross Profit Margin (%),12.27
NCL,annual,2023,Gross Profit Margin (%),9.74
NCL,annual,2026,Net Profit Margin (%),1.84
NCL,annual,2025,Net Profit Margin (%),0.92
NCL,annual,2024,Net Profit Margin (%),0.78
NCL,annual,2023,Net Profit Margin (%),-1.48
NCL,annual,2026,EPS Growth (%),102.43
NCL,annual,2025,EPS Growth (%),14.24
NCL,annual,2024,EPS Growth (%),169.23
NCL,annual,2023,EPS Growth (%),-113.38
NCL,annual,2026,PEG,0.06
NCL,annual,2025,PEG,0.88
NCL,annual,2024,PEG,0.05
NCL,annual,2023,PEG,0.04
NCML,annual,2024,Sales,7534.0
NCML,annual,2023,Sales,4161.0
NCML,annual,2026,Profit after Taxation,73897.0
NCML,annual,2025,Profit after Taxation,-7231.0
NCML,annual,2024,Profit after Taxation,-15999.0
NCML,annual,2023,Profit after Taxation,-23718.0
NCML,annual,2026,EPS,3.21
NCML,annual,2025,EPS,-0.31
NCML,annual,2024,EPS,-0.7
NCML,annual,2023,EPS,-1.03
NCML,quarterly,Q3 2026,Profit after Taxation,-810.0
NCML,quarterly,Q2 2026,Profit after Taxation,-3221.0
NCML,quarterly,Q1 2026,Profit after Taxation,-2280.0
NCML,quarterly,Q3 2025,Profit after Taxation,-3756.0
NCML,quarterly,Q3 2026,EPS,-0.16
NCML,quarterly,Q2 2026,EPS,-0.14
NCML,quarterly,Q1 2026,EPS,-0.1
NCML,quarterly,Q3 2025,EPS,-0.16
NCML,annual,2024,Gross Profit Margin (%),-75.07
NCML,annual,2023,Gross Profit Margin (%),-136.65
NCML,annual,2024,Net Profit Margin (%),-212.34
NCML,annual,2023,Net Profit Margin (%),-569.97
NCML,annual,2026,EPS Growth (%),1135.48
NCML,annual,2025,EPS Growth (%),55.71
NCML,annual,2024,EPS Growth (%),32.04
NCML,annual,2023,EPS Growth (%),-1044.44
NCML,annual,2026,PEG,0.0
NCML,annual,2025,PEG,-0.81
NCML,annual,2024,PEG,-0.32
NCML,annual,2023,PEG,0.0
NCPL,annual,2026,Sales,9427057.0
NCPL,annual,2025,Sales,5566149.0
NCPL,annual,2024,Sales,15215087.0
NCPL,annual,2023,Sales,18220811.0
NCPL,annual,2026,Profit after Taxation,2479930.0
NCPL,annual,2025,Profit after Taxation,-3375920.0
NCPL,annual,2024,Profit after Taxation,4912312.0
NCPL,annual,2023,Profit after Taxation,3956563.0
NCPL,annual,2026,EPS,6.75
NCPL,annual,2025,EPS,-9.19
NCPL,annual,2024,EPS,13.37
NCPL,annual,2023,EPS,10.77
NCPL,quarterly,Q3 2026,Sales,2167710.0
NCPL,quarterly,Q2 2026,Sales,947812.0
NCPL,quarterly,Q1 2026,Sales,1366567.0
NCPL,quarterly,Q3 2025,Sales,1248222.0
NCPL,quarterly,Q3 2026,Profit after Taxation,681126.0
NCPL,quarterly,Q2 2026,Profit after Taxation,346984.0
NCPL,quarterly,Q1 2026,Profit after Taxation,552145.0
NCPL,quarterly,Q3 2025,Profit after Taxation,451305.0
NCPL,quarterly,Q3 2026,EPS,1.85
NCPL,quarterly,Q2 2026,EPS,0.94
NCPL,quarterly,Q1 2026,EPS,1.5
NCPL,quarterly,Q3 2025,EPS,1.23
NCPL,annual,2026,Gross Profit Margin (%),15.64
NCPL,annual,2025,Gross Profit Margin (%),38.74
NCPL,annual,2024,Gross Profit Margin (%),32.13
NCPL,annual,2023,Gross Profit Margin (%),27.76
NCPL,annual,2026,Net Profit Margin (%),26.31
NCPL,annual,2025,Net Profit Margin (%),-60.65
NCPL,annual,2024,Net Profit Margin (%),32.29
NCPL,annual,2023,Net Profit Margin (%),21.71
NCPL,annual,2026,EPS Growth (%),173.45
NCPL,annual,2025,EPS Growth (%),-168.74
NCPL,annual,2024,EPS Growth (%),24.14
NCPL,annual,2023,EPS Growth (%),57.92
NCPL,annual,2026,PEG,0.05
NCPL,annual,2025,PEG,0.02
NCPL,annual,2024,PEG,0.09
NCPL,annual,2023,PEG,0.03
NESTLE,annual,2025,Sales,199069166.0
NESTLE,annual,2024,Sales,193205756.0
NESTLE,annual,2023,Sales,200605005.0
NESTLE,annual,2022,Sales,162516255.0
NESTLE,annual,2025,Profit after Taxation,17243921.0
NESTLE,annual,2024,Profit after Taxation,14807971.0
NESTLE,annual,2023,Profit after Taxation,16492799.0
NESTLE,annual,2022,Profit after Taxation,15049716.0
NESTLE,annual,2025,EPS,380.24
NESTLE,annual,2024,EPS,326.53
NESTLE,annual,2023,EPS,363.68
NESTLE,annual,2022,EPS,331.86
NESTLE,quarterly,Q2 2026,Sales,53002591.0
NESTLE,quarterly,Q1 2026,Sales,54020196.0
NESTLE,quarterly,Q3 2025,Sales,49526393.0
NESTLE,quarterly,Q2 2025,Sales,50914491.0
NESTLE,quarterly,Q2 2026,Profit after Taxation,4367053.0
NESTLE,quarterly,Q1 2026,Profit after Taxation,5611585.0
NESTLE,quarterly,Q3 2025,Profit after Taxation,3670217.0
NESTLE,quarterly,Q2 2025,Profit after Taxation,5426103.0
NESTLE,quarterly,Q2 2026,EPS,96.3
NESTLE,quarterly,Q1 2026,EPS,123.74
NESTLE,quarterly,Q3 2025,EPS,80.93
NESTLE,quarterly,Q2 2025,EPS,119.65
NESTLE,annual,2025,Gross Profit Margin (%),36.3
NESTLE,annual,2024,Gross Profit Margin (%),35.98
NESTLE,annual,2023,Gross Profit Margin (%),35.27
NESTLE,annual,2022,Gross Profit Margin (%),30.54
NESTLE,annual,2025,Net Profit Margin (%),8.66
NESTLE,annual,2024,Net Profit Margin (%),7.66
NESTLE,annual,2023,Net Profit Margin (%),8.22
NESTLE,annual,2022,Net Profit Margin (%),9.26
NESTLE,annual,2025,EPS Growth (%),16.45
NESTLE,annual,2024,EPS Growth (%),-10.22
NESTLE,annual,2023,EPS Growth (%),9.59
NESTLE,annual,2022,EPS Growth (%),17.87
NESTLE,annual,2025,PEG,1.27
NESTLE,annual,2024,PEG,-2.23
NESTLE,annual,2023,PEG,2.35
NESTLE,annual,2022,PEG,0.99
NETSOL,annual,2026,Sales,10476405.0
NETSOL,annual,2025,Sales,9018961.0
NETSOL,annual,2024,Sales,9280647.0
NETSOL,annual,2023,Sales,7670181.0
NETSOL,annual,2026,Profit after Taxation,1678953.0
NETSOL,annual,2025,Profit after Taxation,1030927.0
NETSOL,annual,2024,Profit after Taxation,1384159.0
NETSOL,annual,2023,Profit after Taxation,1285234.0
NETSOL,annual,2026,EPS,19.45
NETSOL,annual,2025,EPS,11.89
NETSOL,annual,2024,EPS,15.76
NETSOL,annual,2023,EPS,14.63
NETSOL,quarterly,Q3 2026,Sales,3571823.0
NETSOL,quarterly,Q2 2026,Sales,2391115.0
NETSOL,quarterly,Q1 2026,Sales,2542625.0
NETSOL,quarterly,Q3 2025,Sales,2399985.0
NETSOL,quarterly,Q3 2026,Profit after Taxation,950433.0
NETSOL,quarterly,Q2 2026,Profit after Taxation,217672.0
NETSOL,quarterly,Q1 2026,Profit after Taxation,74734.0
NETSOL,quarterly,Q3 2025,Profit after Taxation,39372.0
NETSOL,quarterly,Q3 2026,EPS,10.98
NETSOL,quarterly,Q2 2026,EPS,2.52
NETSOL,quarterly,Q1 2026,EPS,0.88
NETSOL,quarterly,Q3 2025,EPS,2.5
NETSOL,annual,2026,Gross Profit Margin (%),42.85
NETSOL,annual,2025,Gross Profit Margin (%),39.74
NETSOL,annual,2024,Gross Profit Margin (%),44.87
NETSOL,annual,2023,Gross Profit Margin (%),29.49
NETSOL,annual,2026,Net Profit Margin (%),16.03
NETSOL,annual,2025,Net Profit Margin (%),11.43
NETSOL,annual,2024,Net Profit Margin (%),14.91
NETSOL,annual,2023,Net Profit Margin (%),16.76
NETSOL,annual,2026,EPS Growth (%),63.58
NETSOL,annual,2025,EPS Growth (%),-24.56
NETSOL,annual,2024,EPS Growth (%),7.72
NETSOL,annual,2023,EPS Growth (%),43.57
NETSOL,annual,2026,PEG,0.11
NETSOL,annual,2025,PEG,-0.46
NETSOL,annual,2024,PEG,1.12
NETSOL,annual,2023,PEG,0.12
NEXT,annual,2026,Total Income,630438.0
NEXT,annual,2025,Total Income,350640.0
NEXT,annual,2024,Total Income,266468.0
NEXT,annual,2023,Total Income,170095.0
NEXT,annual,2026,EPS,1.63
NEXT,annual,2025,EPS,0.24
NEXT,annual,2024,EPS,-0.38
NEXT,annual,2023,EPS,-1.71
NEXT,quarterly,Q3 2026,Total Income,187317.0
NEXT,quarterly,Q2 2026,Total Income,137917.0
NEXT,quarterly,Q1 2026,Total Income,96938.0
NEXT,quarterly,Q3 2025,Total Income,73922.0
NEXT,quarterly,Q3 2026,EPS,0.88
NEXT,quarterly,Q2 2026,EPS,0.37
NEXT,quarterly,Q1 2026,EPS,-0.23
NEXT,quarterly,Q3 2025,EPS,0.12
NEXT,annual,2026,Net Profit Margin (%),14.75
NEXT,annual,2025,Net Profit Margin (%),3.94
NEXT,annual,2024,Net Profit Margin (%),-8.15
NEXT,annual,2023,Net Profit Margin (%),-57.15
NEXT,annual,2026,EPS Growth (%),579.17
NEXT,annual,2025,EPS Growth (%),163.16
NEXT,annual,2024,EPS Growth (%),77.78
NEXT,annual,2023,EPS Growth (%),-416.67
NEXT,annual,2026,PEG,0.01
NEXT,annual,2025,PEG,0.2
NEXT,annual,2024,PEG,-0.16
NEXT,annual,2023,PEG,0.01
NIB,annual,2016,Mark-up Earned,15413031.0
NIB,annual,2015,Mark-up Earned,14737305.0
NIB,annual,2014,Mark-up Earned,15071457.0
NIB,annual,2013,Mark-up Earned,13169697.0
NIB,annual,2016,Total Income,7099694.0
NIB,annual,2015,Total Income,10435516.0
NIB,annual,2014,Total Income,6218119.0
NIB,annual,2013,Total Income,7043825.0
NIB,annual,2016,Profit after Taxation,1420364.0
NIB,annual,2015,Profit after Taxation,2617296.0
NIB,annual,2014,Profit after Taxation,-507759.0
NIB,annual,2013,Profit after Taxation,1241171.0
NIB,annual,2016,EPS,0.14
NIB,annual,2015,EPS,0.25
NIB,annual,2014,EPS,-0.05
NIB,annual,2013,EPS,0.12
NIB,quarterly,Q1 2017,Mark-up Earned,3026051.0
NIB,quarterly,Q3 2016,Mark-up Earned,4080732.0
NIB,quarterly,Q2 2016,Mark-up Earned,3897467.0
NIB,quarterly,Q1 2016,Mark-up Earned,3805425.0
NIB,quarterly,Q1 2017,Total Income,1897865.0
NIB,quarterly,Q3 2016,Total Income,2247121.0
NIB,quarterly,Q2 2016,Total Income,1444667.0
NIB,quarterly,Q1 2016,Total Income,3502679.0
NIB,quarterly,Q1 2017,Profit after Taxation,239675.0
NIB,quarterly,Q3 2016,Profit after Taxation,422693.0
NIB,quarterly,Q2 2016,Profit after Taxation,-59315.0
NIB,quarterly,Q1 2016,Profit after Taxation,1267341.0
NIB,quarterly,Q1 2017,EPS,0.02
NIB,quarterly,Q3 2016,EPS,0.04
NIB,quarterly,Q2 2016,EPS,-0.01
NIB,quarterly,Q1 2016,EPS,0.12
NIB,annual,2016,Net Profit Margin (%),9.22
NIB,annual,2015,Net Profit Margin (%),17.76
NIB,annual,2014,Net Profit Margin (%),-3.37
NIB,annual,2013,Net Profit Margin (%),9.42
NIB,annual,2016,EPS Growth (%),-44.0
NIB,annual,2015,EPS Growth (%),600.0
NIB,annual,2014,EPS Growth (%),-141.67
NIB,annual,2013,EPS Growth (%),2900.0
NIB,annual,2016,PEG,-0.29
NIB,annual,2015,PEG,0.01
NIB,annual,2014,PEG,0.33
NIB,annual,2013,PEG,0.01
NICL,annual,2026,Sales,48290951.0
NICL,annual,2025,Sales,45255489.0
NICL,annual,2024,Sales,41925357.0
NICL,annual,2023,Sales,43825541.0
NICL,annual,2026,Profit after Taxation,2393050.0
NICL,annual,2025,Profit after Taxation,2022684.0
NICL,annual,2024,Profit after Taxation,1002875.0
NICL,annual,2023,Profit after Taxation,1837650.0
NICL,annual,2026,EPS,21.64
NICL,annual,2025,EPS,18.29
NICL,annual,2024,EPS,9.07
NICL,annual,2023,EPS,16.62
NICL,quarterly,Q3 2026,Sales,11460802.0
NICL,quarterly,Q2 2026,Sales,10986367.0
NICL,quarterly,Q1 2026,Sales,12459007.0
NICL,quarterly,Q3 2025,Sales,12193565.0
NICL,quarterly,Q3 2026,Profit after Taxation,222319.0
NICL,quarterly,Q2 2026,Profit after Taxation,613615.0
NICL,quarterly,Q1 2026,Profit after Taxation,503516.0
NICL,quarterly,Q3 2025,Profit after Taxation,495241.0
NICL,quarterly,Q3 2026,EPS,2.01
NICL,quarterly,Q2 2026,EPS,5.55
NICL,quarterly,Q1 2026,EPS,4.55
NICL,quarterly,Q3 2025,EPS,4.48
NICL,annual,2026,Gross Profit Margin (%),15.72
NICL,annual,2025,Gross Profit Margin (%),14.78
NICL,annual,2024,Gross Profit Margin (%),14.74
NICL,annual,2023,Gross Profit Margin (%),14.63
NICL,annual,2026,Net Profit Margin (%),4.96
NICL,annual,2025,Net Profit Margin (%),4.47
NICL,annual,2024,Net Profit Margin (%),2.39
NICL,annual,2023,Net Profit Margin (%),4.19
NICL,annual,2026,EPS Growth (%),18.32
NICL,annual,2025,EPS Growth (%),101.65
NICL,annual,2024,EPS Growth (%),-45.43
NICL,annual,2023,EPS Growth (%),15.18
NICL,annual,2026,PEG,0.57
NICL,annual,2025,PEG,0.08
NICL,annual,2024,PEG,-0.29
NICL,annual,2023,PEG,0.34
NINA,annual,2020,Sales,31708.0
NINA,annual,2019,Sales,359107.0
NINA,annual,2018,Sales,332697.0
NINA,annual,2017,Sales,382389.0
NINA,annual,2020,Profit after Taxation,-30756.0
NINA,annual,2019,Profit after Taxation,-64078.0
NINA,annual,2018,Profit after Taxation,-326451.0
NINA,annual,2017,Profit after Taxation,-102299.0
NINA,annual,2020,EPS,-1.27
NINA,annual,2019,EPS,-2.65
NINA,annual,2018,EPS,-13.49
NINA,annual,2017,EPS,-4.23
NINA,annual,2020,Gross Profit Margin (%),-176.21
NINA,annual,2019,Gross Profit Margin (%),-8.65
NINA,annual,2018,Gross Profit Margin (%),-29.3
NINA,annual,2017,Gross Profit Margin (%),-18.3
NINA,annual,2020,Net Profit Margin (%),-97.0
NINA,annual,2019,Net Profit Margin (%),-17.84
NINA,annual,2018,Net Profit Margin (%),-98.12
NINA,annual,2017,Net Profit Margin (%),-26.75
NINA,annual,2020,EPS Growth (%),52.08
NINA,annual,2019,EPS Growth (%),80.36
NINA,annual,2018,EPS Growth (%),-218.91
NINA,annual,2017,EPS Growth (%),23.51
NINA,annual,2020,PEG,-0.02
NINA,annual,2019,PEG,0.0
NINA,annual,2018,PEG,0.0
NINA,annual,2017,PEG,-0.01
NML,annual,2026,Sales,181644861.0
NML,annual,2025,Sales,178167146.0
NML,annual,2024,Sales,160256555.0
NML,annual,2023,Sales,141756469.0
NML,annual,2026,Profit after Taxation,5482645.0
NML,annual,2025,Profit after Taxation,6013519.0
NML,annual,2024,Profit after Taxation,6368853.0
NML,annual,2023,Profit after Taxation,12166022.0
NML,annual,2026,EPS,15.59
NML,annual,2025,EPS,17.1
NML,annual,2024,EPS,18.11
NML,annual,2023,EPS,34.6
NML,quarterly,Q3 2026,Sales,46415802.0
NML,quarterly,Q2 2026,Sales,41912872.0
NML,quarterly,Q1 2026,Sales,45013169.0
NML,quarterly,Q3 2025,Sales,45259769.0
NML,quarterly,Q3 2026,Profit after Taxation,545416.0
NML,quarterly,Q2 2026,Profit after Taxation,2574478.0
NML,quarterly,Q1 2026,Profit after Taxation,772339.0
NML,quarterly,Q3 2025,Profit after Taxation,695873.0
NML,quarterly,Q3 2026,EPS,1.55
NML,quarterly,Q2 2026,EPS,7.32
NML,quarterly,Q1 2026,EPS,2.2
NML,quarterly,Q3 2025,EPS,1.98
NML,annual,2026,Gross Profit Margin (%),9.76
NML,annual,2025,Gross Profit Margin (%),11.24
NML,annual,2024,Gross Profit Margin (%),10.81
NML,annual,2023,Gross Profit Margin (%),14.87
NML,annual,2026,Net Profit Margin (%),3.02
NML,annual,2025,Net Profit Margin (%),3.38
NML,annual,2024,Net Profit Margin (%),3.97
NML,annual,2023,Net Profit Margin (%),8.58
NML,annual,2026,EPS Growth (%),-8.83
NML,annual,2025,EPS Growth (%),-5.58
NML,annual,2024,EPS Growth (%),-47.66
NML,annual,2023,EPS Growth (%),17.97
NML,annual,2026,PEG,-1.15
NML,annual,2025,PEG,-1.32
NML,annual,2024,PEG,-0.08
NML,annual,2023,PEG,0.09
NNAR,annual,2026,Total Income,1860354.0
NNAR,annual,2026,Profit after Taxation,881704.0
NNAR,annual,2026,EPS,3.0
NNAR,annual,2026,Net Profit Margin (%),47.39
NNAR,annual,2025,Net Profit Margin (%),58.14
NNAR,annual,2026,EPS Growth (%),-27.52
NONS,annual,2025,Sales,11744437.0
NONS,annual,2024,Sales,11326384.0
NONS,annual,2023,Sales,9280031.0
NONS,annual,2022,Sales,11965974.0
NONS,annual,2025,Profit after Taxation,670909.0
NONS,annual,2024,Profit after Taxation,-619449.0
NONS,annual,2023,Profit after Taxation,419313.0
NONS,annual,2022,Profit after Taxation,464007.0
NONS,annual,2025,EPS,40.62
NONS,annual,2024,EPS,-37.5
NONS,annual,2023,EPS,25.39
NONS,annual,2022,EPS,28.09
NONS,quarterly,Q3 2026,Sales,1982828.0
NONS,quarterly,Q2 2026,Sales,2691726.0
NONS,quarterly,Q1 2026,Sales,5645274.0
NONS,quarterly,Q3 2025,Sales,3494434.0
NONS,quarterly,Q3 2026,Profit after Taxation,-204424.0
NONS,quarterly,Q2 2026,Profit after Taxation,19233.0
NONS,quarterly,Q1 2026,Profit after Taxation,89958.0
NONS,quarterly,Q3 2025,Profit after Taxation,132991.0
NONS,quarterly,Q3 2026,EPS,-12.38
NONS,quarterly,Q2 2026,EPS,1.16
NONS,quarterly,Q1 2026,EPS,5.45
NONS,quarterly,Q3 2025,EPS,8.05
NONS,annual,2025,Gross Profit Margin (%),12.52
NONS,annual,2024,Gross Profit Margin (%),9.97
NONS,annual,2023,Gross Profit Margin (%),20.44
NONS,annual,2022,Gross Profit Margin (%),13.03
NONS,annual,2025,Net Profit Margin (%),5.71
NONS,annual,2024,Net Profit Margin (%),-5.47
NONS,annual,2023,Net Profit Margin (%),4.52
NONS,annual,2022,Net Profit Margin (%),3.88
NONS,annual,2025,EPS Growth (%),208.32
NONS,annual,2024,EPS Growth (%),-247.7
NONS,annual,2023,EPS Growth (%),-9.61
NONS,annual,2022,EPS Growth (%),82.64
NONS,annual,2025,PEG,0.01
NONS,annual,2024,PEG,0.01
NONS,annual,2023,PEG,-0.19
NONS,annual,2022,PEG,0.02
NPL,annual,2026,Sales,11017700.0
NPL,annual,2025,Sales,7057714.0
NPL,annual,2024,Sales,22505489.0
NPL,annual,2023,Sales,23068964.0
NPL,annual,2026,Profit after Taxation,2482575.0
NPL,annual,2025,Profit after Taxation,-746782.0
NPL,annual,2024,Profit after Taxation,5389574.0
NPL,annual,2023,Profit after Taxation,4091029.0
NPL,annual,2026,EPS,7.01
NPL,annual,2025,EPS,-2.11
NPL,annual,2024,EPS,15.22
NPL,annual,2023,EPS,11.55
NPL,quarterly,Q3 2026,Sales,2332533.0
NPL,quarterly,Q2 2026,Sales,1142046.0
NPL,quarterly,Q1 2026,Sales,1672083.0
NPL,quarterly,Q3 2025,Sales,1696042.0
NPL,quarterly,Q3 2026,Profit after Taxation,690978.0
NPL,quarterly,Q2 2026,Profit after Taxation,383977.0
NPL,quarterly,Q1 2026,Profit after Taxation,584300.0
NPL,quarterly,Q3 2025,Profit after Taxation,649544.0
NPL,quarterly,Q3 2026,EPS,1.95
NPL,quarterly,Q2 2026,EPS,1.08
NPL,quarterly,Q1 2026,EPS,1.65
NPL,quarterly,Q3 2025,EPS,1.83
NPL,annual,2026,Gross Profit Margin (%),12.51
NPL,annual,2025,Gross Profit Margin (%),37.66
NPL,annual,2024,Gross Profit Margin (%),22.84
NPL,annual,2023,Gross Profit Margin (%),19.82
NPL,annual,2026,Net Profit Margin (%),22.53
NPL,annual,2025,Net Profit Margin (%),-10.58
NPL,annual,2024,Net Profit Margin (%),23.95
NPL,annual,2023,Net Profit Margin (%),17.73
NPL,annual,2026,EPS Growth (%),432.23
NPL,annual,2025,EPS Growth (%),-113.86
NPL,annual,2024,EPS Growth (%),31.77
NPL,annual,2023,EPS Growth (%),23.08
NPL,annual,2026,PEG,0.02
NPL,annual,2025,PEG,0.15
NPL,annual,2024,PEG,0.08
NPL,annual,2023,PEG,0.06
NPSM,annual,2019,Sales,22972.0
NPSM,annual,2018,Sales,12728.0
NPSM,annual,2017,Sales,72117.0
NPSM,annual,2016,Sales,945035.0
NPSM,annual,2019,Profit after Taxation,-271808.0
NPSM,annual,2018,Profit after Taxation,-87054.0
NPSM,annual,2017,Profit after Taxation,-151841.0
NPSM,annual,2016,Profit after Taxation,-443639.0
NPSM,annual,2019,EPS,-18.49
NPSM,annual,2018,EPS,-5.92
NPSM,annual,2017,EPS,-10.33
NPSM,annual,2016,EPS,-30.18
NPSM,annual,2019,Gross Profit Margin (%),-240.64
NPSM,annual,2018,Gross Profit Margin (%),-343.95
NPSM,annual,2017,Gross Profit Margin (%),-138.06
NPSM,annual,2016,Gross Profit Margin (%),-26.63
NPSM,annual,2019,Net Profit Margin (%),-1183.23
NPSM,annual,2018,Net Profit Margin (%),-683.98
NPSM,annual,2017,Net Profit Margin (%),-210.55
NPSM,annual,2016,Net Profit Margin (%),-46.94
NPSM,annual,2019,EPS Growth (%),-212.33
NPSM,annual,2018,EPS Growth (%),42.69
NPSM,annual,2017,EPS Growth (%),65.77
NPSM,annual,2016,EPS Growth (%),-234.96
NPSM,annual,2018,PEG,-0.02
NPSM,annual,2017,PEG,-0.04
NPSM,annual,2016,PEG,0.0
NRL,annual,2026,Sales,440844806.0
NRL,annual,2025,Sales,307662853.0
NRL,annual,2024,Sales,308841828.0
NRL,annual,2023,Sales,298805449.0
NRL,annual,2026,Profit after Taxation,6164414.0
NRL,annual,2025,Profit after Taxation,-14866922.0
NRL,annual,2024,Profit after Taxation,-15790215.0
NRL,annual,2023,Profit after Taxation,-4463086.0
NRL,annual,2026,EPS,77.09
NRL,annual,2025,EPS,-185.91
NRL,annual,2024,EPS,-197.46
NRL,annual,2023,EPS,-55.81
NRL,quarterly,Q3 2026,Sales,117034348.0
NRL,quarterly,Q2 2026,Sales,95015142.0
NRL,quarterly,Q1 2026,Sales,79574670.0
NRL,quarterly,Q3 2025,Sales,84106235.0
NRL,quarterly,Q3 2026,Profit after Taxation,7301836.0
NRL,quarterly,Q2 2026,Profit after Taxation,740176.0
NRL,quarterly,Q1 2026,Profit after Taxation,1025086.0
NRL,quarterly,Q3 2025,Profit after Taxation,-2757335.0
NRL,quarterly,Q3 2026,EPS,91.31
NRL,quarterly,Q2 2026,EPS,9.26
NRL,quarterly,Q1 2026,EPS,12.82
NRL,quarterly,Q3 2025,EPS,-34.48
NRL,annual,2026,Gross Profit Margin (%),5.34
NRL,annual,2025,Gross Profit Margin (%),-2.03
NRL,annual,2024,Gross Profit Margin (%),-2.52
NRL,annual,2023,Gross Profit Margin (%),4.42
NRL,annual,2026,Net Profit Margin (%),1.4
NRL,annual,2025,Net Profit Margin (%),-4.83
NRL,annual,2024,Net Profit Margin (%),-5.11
NRL,annual,2023,Net Profit Margin (%),-1.49
NRL,annual,2026,EPS Growth (%),141.47
NRL,annual,2025,EPS Growth (%),5.85
NRL,annual,2024,EPS Growth (%),-253.81
NRL,annual,2023,EPS Growth (%),-149.16
NRL,annual,2026,PEG,0.03
NRL,annual,2025,PEG,-0.22
NRL,annual,2024,PEG,0.01
NRL,annual,2023,PEG,0.02
NRSL,annual,2026,Sales,12238307.0
NRSL,annual,2025,Sales,9258814.0
NRSL,annual,2024,Sales,8584744.0
NRSL,annual,2023,Sales,9370908.0
NRSL,annual,2026,Profit after Taxation,503326.0
NRSL,annual,2025,Profit after Taxation,249472.0
NRSL,annual,2024,Profit after Taxation,270376.0
NRSL,annual,2023,Profit after Taxation,385875.0
NRSL,annual,2026,EPS,3.56
NRSL,annual,2025,EPS,1.77
NRSL,annual,2024,EPS,1.91
NRSL,annual,2023,EPS,2.73
NRSL,quarterly,Q3 2026,Sales,3197673.0
NRSL,quarterly,Q2 2026,Sales,3299610.0
NRSL,quarterly,Q1 2026,Sales,2587438.0
NRSL,quarterly,Q3 2025,Sales,2262046.0
NRSL,quarterly,Q3 2026,Profit after Taxation,80368.0
NRSL,quarterly,Q2 2026,Profit after Taxation,96830.0
NRSL,quarterly,Q1 2026,Profit after Taxation,65163.0
NRSL,quarterly,Q3 2025,Profit after Taxation,61612.0
NRSL,quarterly,Q3 2026,EPS,0.57
NRSL,quarterly,Q2 2026,EPS,0.69
NRSL,quarterly,Q1 2026,EPS,0.46
NRSL,quarterly,Q3 2025,EPS,0.44
NRSL,annual,2026,Gross Profit Margin (%),14.14
NRSL,annual,2025,Gross Profit Margin (%),10.1
NRSL,annual,2024,Gross Profit Margin (%),13.57
NRSL,annual,2023,Gross Profit Margin (%),12.89
NRSL,annual,2026,Net Profit Margin (%),4.11
NRSL,annual,2025,Net Profit Margin (%),2.69
NRSL,annual,2024,Net Profit Margin (%),3.15
NRSL,annual,2023,Net Profit Margin (%),4.12
NRSL,annual,2026,EPS Growth (%),101.13
NRSL,annual,2025,EPS Growth (%),-7.33
NRSL,annual,2024,EPS Growth (%),-30.04
NRSL,annual,2023,EPS Growth (%),5.0
NRSL,annual,2026,PEG,0.1
NRSL,annual,2025,PEG,-2.3
NRSL,annual,2024,PEG,-0.35
NRSL,annual,2023,PEG,0.94
NSRM,annual,2026,Sales,2461484.0
NSRM,annual,2025,Sales,2451390.0
NSRM,annual,2024,Sales,2154204.0
NSRM,annual,2023,Sales,1758082.0
NSRM,annual,2026,Profit after Taxation,70035.0
NSRM,annual,2025,Profit after Taxation,83398.0
NSRM,annual,2024,Profit after Taxation,66304.0
NSRM,annual,2023,Profit after Taxation,-22933.0
NSRM,annual,2026,EPS,4.5
NSRM,annual,2025,EPS,5.36
NSRM,annual,2024,EPS,4.26
NSRM,annual,2023,EPS,-1.47
NSRM,quarterly,Q3 2026,Sales,589459.0
NSRM,quarterly,Q2 2026,Sales,610417.0
NSRM,quarterly,Q1 2026,Sales,643219.0
NSRM,quarterly,Q3 2025,Sales,739088.0
NSRM,quarterly,Q3 2026,Profit after Taxation,18012.0
NSRM,quarterly,Q2 2026,Profit after Taxation,9848.0
NSRM,quarterly,Q1 2026,Profit after Taxation,20073.0
NSRM,quarterly,Q3 2025,Profit after Taxation,8313.0
NSRM,quarterly,Q3 2026,EPS,1.16
NSRM,quarterly,Q2 2026,EPS,0.63
NSRM,quarterly,Q1 2026,EPS,1.29
NSRM,quarterly,Q3 2025,EPS,0.53
NSRM,annual,2026,Gross Profit Margin (%),7.56
NSRM,annual,2025,Gross Profit Margin (%),7.77
NSRM,annual,2024,Gross Profit Margin (%),7.22
NSRM,annual,2023,Gross Profit Margin (%),3.04
NSRM,annual,2026,Net Profit Margin (%),2.85
NSRM,annual,2025,Net Profit Margin (%),3.4
NSRM,annual,2024,Net Profit Margin (%),3.08
NSRM,annual,2023,Net Profit Margin (%),-1.3
NSRM,annual,2026,EPS Growth (%),-16.04
NSRM,annual,2025,EPS Growth (%),25.82
NSRM,annual,2024,EPS Growth (%),389.8
NSRM,annual,2023,EPS Growth (%),-259.78
NSRM,annual,2026,PEG,-2.61
NSRM,annual,2025,PEG,0.52
NSRM,annual,2024,PEG,0.03
NSRM,annual,2023,PEG,0.04
OBOY,annual,2025,Sales,395711.0
OBOY,annual,2024,Sales,206376.0
OBOY,annual,2023,Sales,100469.0
OBOY,annual,2022,Sales,52052.0
OBOY,annual,2025,Profit after Taxation,-52620.0
OBOY,annual,2024,Profit after Taxation,-32422.0
OBOY,annual,2023,Profit after Taxation,-16945.0
OBOY,annual,2022,Profit after Taxation,-61636.0
OBOY,annual,2025,EPS,-2.1
OBOY,annual,2024,EPS,-1.3
OBOY,annual,2023,EPS,-0.7
OBOY,annual,2022,EPS,-5.98
OBOY,quarterly,Q3 2026,Sales,49142.0
OBOY,quarterly,Q2 2026,Sales,56200.0
OBOY,quarterly,Q1 2026,Sales,46394.0
OBOY,quarterly,Q3 2025,Sales,79063.0
OBOY,quarterly,Q3 2026,Profit after Taxation,11054.0
OBOY,quarterly,Q2 2026,Profit after Taxation,1630.0
OBOY,quarterly,Q1 2026,Profit after Taxation,-898.0
OBOY,quarterly,Q3 2025,Profit after Taxation,-124234.0
OBOY,quarterly,Q3 2026,EPS,0.44
OBOY,quarterly,Q2 2026,EPS,0.03
OBOY,quarterly,Q1 2026,EPS,-0.04
OBOY,quarterly,Q3 2025,EPS,-4.97
OBOY,annual,2025,Gross Profit Margin (%),2.19
OBOY,annual,2024,Gross Profit Margin (%),-2.32
OBOY,annual,2023,Gross Profit Margin (%),2.32
OBOY,annual,2022,Gross Profit Margin (%),13.91
OBOY,annual,2025,Net Profit Margin (%),-13.3
OBOY,annual,2024,Net Profit Margin (%),-15.71
OBOY,annual,2023,Net Profit Margin (%),-16.87
OBOY,annual,2022,Net Profit Margin (%),-118.41
OBOY,annual,2025,EPS Growth (%),-61.54
OBOY,annual,2024,EPS Growth (%),-85.71
OBOY,annual,2023,EPS Growth (%),88.29
OBOY,annual,2022,EPS Growth (%),-2391.67
OBOY,annual,2025,PEG,0.07
OBOY,annual,2024,PEG,0.05
OBOY,annual,2023,PEG,-0.1
OBOY,annual,2022,PEG,0.0
OCTOPUS,annual,2025,Sales,505225.0
OCTOPUS,annual,2024,Sales,850729.0
OCTOPUS,annual,2023,Sales,903118.0
OCTOPUS,annual,2022,Sales,687010.0
OCTOPUS,annual,2025,EPS,0.55
OCTOPUS,annual,2024,EPS,0.59
OCTOPUS,annual,2023,EPS,3.49
OCTOPUS,annual,2022,EPS,2.74
OCTOPUS,quarterly,Q2 2026,Sales,96674.0
OCTOPUS,quarterly,Q1 2026,Sales,91993.0
OCTOPUS,quarterly,Q3 2025,Sales,64380.0
OCTOPUS,quarterly,Q2 2025,Sales,128011.0
OCTOPUS,quarterly,Q2 2026,EPS,-0.2
OCTOPUS,quarterly,Q1 2026,EPS,0.01
OCTOPUS,quarterly,Q3 2025,EPS,-0.21
OCTOPUS,quarterly,Q2 2025,EPS,-0.01
OCTOPUS,annual,2025,Gross Profit Margin (%),48.58
OCTOPUS,annual,2024,Gross Profit Margin (%),44.56
OCTOPUS,annual,2023,Gross Profit Margin (%),55.97
OCTOPUS,annual,2022,Gross Profit Margin (%),54.96
OCTOPUS,annual,2025,Net Profit Margin (%),17.16
OCTOPUS,annual,2024,Net Profit Margin (%),10.87
OCTOPUS,annual,2023,Net Profit Margin (%),57.11
OCTOPUS,annual,2022,Net Profit Margin (%),58.96
OCTOPUS,annual,2025,EPS Growth (%),-6.78
OCTOPUS,annual,2024,EPS Growth (%),-83.09
OCTOPUS,annual,2023,EPS Growth (%),27.37
OCTOPUS,annual,2022,EPS Growth (%),8.3
OCTOPUS,annual,2024,PEG,-1.44
OCTOPUS,annual,2023,PEG,0.5
OCTOPUS,annual,2022,PEG,2.26
OGDC,annual,2026,Sales,449190752.0
OGDC,annual,2025,Sales,401177969.0
OGDC,annual,2024,Sales,463697861.0
OGDC,annual,2023,Sales,413594009.0
OGDC,annual,2026,Profit after Taxation,242373646.0
OGDC,annual,2025,Profit after Taxation,169903614.0
OGDC,annual,2024,Profit after Taxation,208975771.0
OGDC,annual,2023,Profit after Taxation,224617797.0
OGDC,annual,2026,EPS,56.35
OGDC,annual,2025,EPS,39.5
OGDC,annual,2024,EPS,48.59
OGDC,annual,2023,EPS,52.23
OGDC,quarterly,Q3 2026,Sales,107297009.0
OGDC,quarterly,Q2 2026,Sales,96637926.0
OGDC,quarterly,Q1 2026,Sales,96191968.0
OGDC,quarterly,Q3 2025,Sales,104483920.0
OGDC,quarterly,Q3 2026,Profit after Taxation,42243957.0
OGDC,quarterly,Q2 2026,Profit after Taxation,34714402.0
OGDC,quarterly,Q1 2026,Profit after Taxation,38304846.0
OGDC,quarterly,Q3 2025,Profit after Taxation,47149242.0
OGDC,quarterly,Q3 2026,EPS,9.82
OGDC,quarterly,Q2 2026,EPS,8.07
OGDC,quarterly,Q1 2026,EPS,8.91
OGDC,quarterly,Q3 2025,EPS,10.96
OGDC,annual,2026,Gross Profit Margin (%),54.94
OGDC,annual,2025,Gross Profit Margin (%),57.73
OGDC,annual,2024,Gross Profit Margin (%),61.1
OGDC,annual,2023,Gross Profit Margin (%),65.22
OGDC,annual,2026,Net Profit Margin (%),53.96
OGDC,annual,2025,Net Profit Margin (%),42.35
OGDC,annual,2024,Net Profit Margin (%),45.07
OGDC,annual,2023,Net Profit Margin (%),54.31
OGDC,annual,2026,EPS Growth (%),42.66
OGDC,annual,2025,EPS Growth (%),-18.71
OGDC,annual,2024,EPS Growth (%),-6.97
OGDC,annual,2023,EPS Growth (%),67.89
OGDC,annual,2026,PEG,0.14
OGDC,annual,2025,PEG,-0.3
OGDC,annual,2024,PEG,-0.4
OGDC,annual,2023,PEG,0.02
OLPL,annual,2026,Total Income,6614190.0
OLPL,annual,2025,Total Income,6963690.0
OLPL,annual,2024,Total Income,7983674.0
OLPL,annual,2023,Total Income,6795883.0
OLPL,annual,2026,Profit after Taxation,1333715.0
OLPL,annual,2025,Profit after Taxation,1225471.0
OLPL,annual,2024,Profit after Taxation,1392911.0
OLPL,annual,2023,Profit after Taxation,1210733.0
OLPL,annual,2026,EPS,7.6
OLPL,annual,2025,EPS,6.99
OLPL,annual,2024,EPS,7.94
OLPL,annual,2023,EPS,6.9
OLPL,quarterly,Q3 2026,Total Income,1705411.0
OLPL,quarterly,Q2 2026,Total Income,1631034.0
OLPL,quarterly,Q1 2026,Total Income,1566253.0
OLPL,quarterly,Q3 2025,Total Income,1641674.0
OLPL,quarterly,Q3 2026,Profit after Taxation,368789.0
OLPL,quarterly,Q2 2026,Profit after Taxation,351138.0
OLPL,quarterly,Q1 2026,Profit after Taxation,296092.0
OLPL,quarterly,Q3 2025,Profit after Taxation,311491.0
OLPL,quarterly,Q3 2026,EPS,2.1
OLPL,quarterly,Q2 2026,EPS,2.0
OLPL,quarterly,Q1 2026,EPS,1.69
OLPL,quarterly,Q3 2025,EPS,1.78
OLPL,annual,2026,Net Profit Margin (%),20.16
OLPL,annual,2025,Net Profit Margin (%),17.6
OLPL,annual,2024,Net Profit Margin (%),17.45
OLPL,annual,2023,Net Profit Margin (%),17.82
OLPL,annual,2026,EPS Growth (%),8.73
OLPL,annual,2025,EPS Growth (%),-11.96
OLPL,annual,2024,EPS Growth (%),15.07
OLPL,annual,2023,EPS Growth (%),37.18
OLPL,annual,2026,PEG,0.74
OLPL,annual,2025,PEG,-0.46
OLPL,annual,2024,PEG,0.23
OLPL,annual,2023,PEG,0.07
OLPM,annual,2026,Total Income,1528351.0
OLPM,annual,2025,Total Income,1980093.0
OLPM,annual,2024,Total Income,2156344.0
OLPM,annual,2023,Total Income,1949051.0
OLPM,annual,2026,Profit after Taxation,160705.0
OLPM,annual,2025,Profit after Taxation,174077.0
OLPM,annual,2024,Profit after Taxation,157737.0
OLPM,annual,2023,Profit after Taxation,128784.0
OLPM,annual,2026,EPS,3.54
OLPM,annual,2025,EPS,3.84
OLPM,annual,2024,EPS,3.48
OLPM,annual,2023,EPS,2.84
OLPM,quarterly,Q3 2026,Total Income,364974.0
OLPM,quarterly,Q2 2026,Total Income,388356.0
OLPM,quarterly,Q1 2026,Total Income,395773.0
OLPM,quarterly,Q3 2025,Total Income,455382.0
OLPM,quarterly,Q3 2026,Profit after Taxation,45011.0
OLPM,quarterly,Q2 2026,Profit after Taxation,42148.0
OLPM,quarterly,Q1 2026,Profit after Taxation,33308.0
OLPM,quarterly,Q3 2025,Profit after Taxation,45639.0
OLPM,quarterly,Q3 2026,EPS,0.99
OLPM,quarterly,Q2 2026,EPS,0.93
OLPM,quarterly,Q1 2026,EPS,0.73
OLPM,quarterly,Q3 2025,EPS,1.01
OLPM,annual,2026,EPS Growth (%),-7.81
OLPM,annual,2025,EPS Growth (%),10.34
OLPM,annual,2024,EPS Growth (%),22.54
OLPM,annual,2023,EPS Growth (%),15.45
OLPM,annual,2026,PEG,-0.9
OLPM,annual,2025,PEG,0.47
OLPM,annual,2024,PEG,0.17
OLPM,annual,2023,PEG,0.26
OLSM,annual,2017,Sales,77782.0
OLSM,annual,2015,Sales,77006.0
OLSM,annual,2014,Sales,1971662.0
OLSM,annual,2017,Profit after Taxation,-11610.0
OLSM,annual,2016,Profit after Taxation,-64313.0
OLSM,annual,2015,Profit after Taxation,-226003.0
OLSM,annual,2014,Profit after Taxation,-361635.0
OLSM,annual,2017,EPS,-0.97
OLSM,annual,2016,EPS,-5.36
OLSM,annual,2015,EPS,-18.83
OLSM,annual,2014,EPS,-30.14
OLSM,annual,2017,Gross Profit Margin (%),-17.43
OLSM,annual,2015,Gross Profit Margin (%),-136.18
OLSM,annual,2014,Gross Profit Margin (%),-9.84
OLSM,annual,2017,Net Profit Margin (%),-14.93
OLSM,annual,2015,Net Profit Margin (%),-293.49
OLSM,annual,2014,Net Profit Margin (%),-18.34
OLSM,annual,2017,EPS Growth (%),81.9
OLSM,annual,2016,EPS Growth (%),71.53
OLSM,annual,2015,EPS Growth (%),37.52
OLSM,annual,2014,EPS Growth (%),-236.01
OLSM,annual,2017,PEG,-0.24
OLSM,annual,2016,PEG,-0.01
OLSM,annual,2015,PEG,-0.01
OLSM,annual,2014,PEG,0.0
OML,annual,2026,Sales,221625.0
OML,annual,2025,Sales,132850.0
OML,annual,2024,Sales,73327.0
OML,annual,2023,Sales,55402.0
OML,annual,2026,Profit after Taxation,33473.0
OML,annual,2025,Profit after Taxation,145901.0
OML,annual,2024,Profit after Taxation,19727.0
OML,annual,2023,Profit after Taxation,17605.0
OML,annual,2026,EPS,2.79
OML,annual,2025,EPS,12.16
OML,annual,2024,EPS,1.64
OML,annual,2023,EPS,1.47
OML,quarterly,Q3 2026,Sales,55800.0
OML,quarterly,Q2 2026,Sales,61269.0
OML,quarterly,Q1 2026,Sales,51981.0
OML,quarterly,Q3 2025,Sales,26314.0
OML,quarterly,Q3 2026,Profit after Taxation,8213.0
OML,quarterly,Q2 2026,Profit after Taxation,8137.0
OML,quarterly,Q1 2026,Profit after Taxation,6781.0
OML,quarterly,Q3 2025,Profit after Taxation,6427.0
OML,quarterly,Q3 2026,EPS,0.68
OML,quarterly,Q2 2026,EPS,0.68
OML,quarterly,Q1 2026,EPS,0.57
OML,quarterly,Q3 2025,EPS,0.57
OML,annual,2026,Gross Profit Margin (%),34.97
OML,annual,2025,Gross Profit Margin (%),54.67
OML,annual,2024,Gross Profit Margin (%),100.0
OML,annual,2023,Gross Profit Margin (%),100.0
OML,annual,2026,Net Profit Margin (%),15.1
OML,annual,2025,Net Profit Margin (%),109.82
OML,annual,2024,Net Profit Margin (%),26.9
OML,annual,2023,Net Profit Margin (%),31.78
OML,annual,2026,EPS Growth (%),-77.06
OML,annual,2025,EPS Growth (%),641.46
OML,annual,2024,EPS Growth (%),11.56
OML,annual,2023,EPS Growth (%),-92.73
OML,annual,2026,PEG,-0.18
OML,annual,2025,PEG,0.01
OML,annual,2024,PEG,1.42
OML,annual,2023,PEG,-0.15
ORIXM,annual,2021,Total Income,1754460.0
ORIXM,annual,2020,Total Income,2079511.0
ORIXM,annual,2019,Total Income,2099463.0
ORIXM,annual,2018,Total Income,2043527.0
ORIXM,annual,2021,Profit after Taxation,152519.0
ORIXM,annual,2020,Profit after Taxation,127458.0
ORIXM,annual,2019,Profit after Taxation,126057.0
ORIXM,annual,2018,Profit after Taxation,120297.0
ORIXM,annual,2021,EPS,3.36
ORIXM,annual,2020,EPS,2.81
ORIXM,annual,2019,EPS,2.78
ORIXM,annual,2018,EPS,2.65
ORIXM,quarterly,Q2 2022,Total Income,371935.0
ORIXM,quarterly,Q1 2022,Total Income,378105.0
ORIXM,quarterly,Q3 2021,Total Income,422905.0
ORIXM,quarterly,Q2 2021,Total Income,434493.0
ORIXM,quarterly,Q2 2022,Profit after Taxation,21743.0
ORIXM,quarterly,Q1 2022,Profit after Taxation,31866.0
ORIXM,quarterly,Q3 2021,Profit after Taxation,29224.0
ORIXM,quarterly,Q2 2021,Profit after Taxation,34014.0
ORIXM,quarterly,Q2 2022,EPS,0.48
ORIXM,quarterly,Q1 2022,EPS,0.7
ORIXM,quarterly,Q3 2021,EPS,0.64
ORIXM,quarterly,Q2 2021,EPS,0.75
ORIXM,annual,2021,EPS Growth (%),19.57
ORIXM,annual,2020,EPS Growth (%),1.08
ORIXM,annual,2019,EPS Growth (%),4.91
ORIXM,annual,2018,EPS Growth (%),-6.36
ORIXM,annual,2021,PEG,0.27
ORIXM,annual,2020,PEG,5.94
ORIXM,annual,2019,PEG,0.95
ORIXM,annual,2018,PEG,-0.99
ORM,annual,2026,Total Income,2517904.0
ORM,annual,2025,Total Income,2493539.0
ORM,annual,2024,Total Income,2178882.0
ORM,annual,2023,Total Income,1786837.0
ORM,annual,2026,Profit after Taxation,106742.0
ORM,annual,2025,Profit after Taxation,213991.0
ORM,annual,2024,Profit after Taxation,218371.0
ORM,annual,2023,Profit after Taxation,187502.0
ORM,annual,2026,EPS,1.42
ORM,annual,2025,EPS,2.85
ORM,annual,2024,EPS,2.91
ORM,annual,2023,EPS,2.5
ORM,quarterly,Q3 2026,Total Income,625893.0
ORM,quarterly,Q2 2026,Total Income,623199.0
ORM,quarterly,Q1 2026,Total Income,619307.0
ORM,quarterly,Q3 2025,Total Income,619993.0
ORM,quarterly,Q3 2026,Profit after Taxation,20766.0
ORM,quarterly,Q2 2026,Profit after Taxation,21928.0
ORM,quarterly,Q1 2026,Profit after Taxation,29030.0
ORM,quarterly,Q3 2025,Profit after Taxation,51911.0
ORM,quarterly,Q3 2026,EPS,0.28
ORM,quarterly,Q2 2026,EPS,0.29
ORM,quarterly,Q1 2026,EPS,0.39
ORM,quarterly,Q3 2025,EPS,0.69
ORM,annual,2026,EPS Growth (%),-50.18
ORM,annual,2025,EPS Growth (%),-2.06
ORM,annual,2024,EPS Growth (%),16.4
ORM,annual,2023,EPS Growth (%),10.13
ORM,annual,2026,PEG,-0.14
ORM,annual,2025,PEG,-1.74
ORM,annual,2024,PEG,0.15
ORM,annual,2023,PEG,0.24
OTSU,annual,2026,Sales,4111107.0
OTSU,annual,2025,Sales,3779518.0
OTSU,annual,2024,Sales,3163868.0
OTSU,annual,2023,Sales,3035085.0
OTSU,annual,2026,Profit after Taxation,472125.0
OTSU,annual,2025,Profit after Taxation,27677.0
OTSU,annual,2024,Profit after Taxation,-4763.0
OTSU,annual,2023,Profit after Taxation,-7207.0
OTSU,annual,2026,EPS,39.02
OTSU,annual,2025,EPS,2.29
OTSU,annual,2024,EPS,-0.39
OTSU,annual,2023,EPS,-0.6
OTSU,quarterly,Q3 2026,Sales,774178.0
OTSU,quarterly,Q2 2026,Sales,1190439.0
OTSU,quarterly,Q1 2026,Sales,1076104.0
OTSU,quarterly,Q3 2025,Sales,884757.0
OTSU,quarterly,Q3 2026,Profit after Taxation,50316.0
OTSU,quarterly,Q2 2026,Profit after Taxation,209554.0
OTSU,quarterly,Q1 2026,Profit after Taxation,120079.0
OTSU,quarterly,Q3 2025,Profit after Taxation,12590.0
OTSU,quarterly,Q3 2026,EPS,4.16
OTSU,quarterly,Q2 2026,EPS,17.32
OTSU,quarterly,Q1 2026,EPS,9.92
OTSU,quarterly,Q3 2025,EPS,1.04
OTSU,annual,2026,Gross Profit Margin (%),35.49
OTSU,annual,2025,Gross Profit Margin (%),22.84
OTSU,annual,2024,Gross Profit Margin (%),18.24
OTSU,annual,2023,Gross Profit Margin (%),21.22
OTSU,annual,2026,Net Profit Margin (%),11.48
OTSU,annual,2025,Net Profit Margin (%),0.73
OTSU,annual,2024,Net Profit Margin (%),-0.15
OTSU,annual,2023,Net Profit Margin (%),-0.24
OTSU,annual,2026,EPS Growth (%),1603.93
OTSU,annual,2025,EPS Growth (%),687.18
OTSU,annual,2024,EPS Growth (%),35.0
OTSU,annual,2023,EPS Growth (%),-103.13
OTSU,annual,2026,PEG,0.01
OTSU,annual,2025,PEG,0.19
OTSU,annual,2024,PEG,-8.58
OTSU,annual,2023,PEG,1.17
PABC,annual,2025,Sales,23992408.0
PABC,annual,2024,Sales,23067766.0
PABC,annual,2023,Sales,19735902.0
PABC,annual,2022,Sales,14152968.0
PABC,annual,2025,Profit after Taxation,5216182.0
PABC,annual,2024,Profit after Taxation,6104198.0
PABC,annual,2023,Profit after Taxation,5017836.0
PABC,annual,2022,Profit after Taxation,2702612.0
PABC,annual,2025,EPS,14.44
PABC,annual,2024,EPS,16.9
PABC,annual,2023,EPS,13.9
PABC,annual,2022,EPS,7.48
PABC,quarterly,Q2 2026,Sales,3814163.0
PABC,quarterly,Q1 2026,Sales,3779857.0
PABC,quarterly,Q3 2025,Sales,7491134.0
PABC,quarterly,Q2 2025,Sales,8894522.0
PABC,quarterly,Q2 2026,Profit after Taxation,1466192.0
PABC,quarterly,Q1 2026,Profit after Taxation,1388676.0
PABC,quarterly,Q3 2025,Profit after Taxation,1766311.0
PABC,quarterly,Q2 2025,Profit after Taxation,2613722.0
PABC,quarterly,Q2 2026,EPS,4.06
PABC,quarterly,Q1 2026,EPS,3.85
PABC,quarterly,Q3 2025,EPS,4.89
PABC,quarterly,Q2 2025,EPS,7.24
PABC,annual,2025,Gross Profit Margin (%),32.65
PABC,annual,2024,Gross Profit Margin (%),36.53
PABC,annual,2023,Gross Profit Margin (%),38.74
PABC,annual,2022,Gross Profit Margin (%),33.41
PABC,annual,2025,Net Profit Margin (%),21.74
PABC,annual,2024,Net Profit Margin (%),26.46
PABC,annual,2023,Net Profit Margin (%),25.42
PABC,annual,2022,Net Profit Margin (%),19.1
PABC,annual,2025,EPS Growth (%),-14.56
PABC,annual,2024,EPS Growth (%),21.58
PABC,annual,2023,EPS Growth (%),85.83
PABC,annual,2022,EPS Growth (%),71.17
PABC,annual,2025,PEG,-0.6
PABC,annual,2024,PEG,0.34
PABC,annual,2023,PEG,0.06
PABC,annual,2022,PEG,0.07
PACE,annual,2026,Sales,792168.0
PACE,annual,2025,Sales,1166876.0
PACE,annual,2024,Sales,2056244.0
PACE,annual,2023,Sales,241809.0
PACE,annual,2026,Profit after Taxation,1340089.0
PACE,annual,2025,Profit after Taxation,-87325.0
PACE,annual,2024,Profit after Taxation,526690.0
PACE,annual,2023,Profit after Taxation,-1677604.0
PACE,annual,2026,EPS,4.5
PACE,annual,2025,EPS,-0.29
PACE,annual,2024,EPS,1.89
PACE,annual,2023,EPS,-6.02
PACE,quarterly,Q3 2026,Sales,232036.0
PACE,quarterly,Q2 2026,Sales,258033.0
PACE,quarterly,Q1 2026,Sales,151567.0
PACE,quarterly,Q3 2025,Sales,138211.0
PACE,quarterly,Q3 2026,Profit after Taxation,124518.0
PACE,quarterly,Q2 2026,Profit after Taxation,185963.0
PACE,quarterly,Q1 2026,Profit after Taxation,362148.0
PACE,quarterly,Q3 2025,Profit after Taxation,34852.0
PACE,quarterly,Q3 2026,EPS,0.4
PACE,quarterly,Q2 2026,EPS,0.67
PACE,quarterly,Q1 2026,EPS,1.3
PACE,quarterly,Q3 2025,EPS,0.11
PACE,annual,2026,Gross Profit Margin (%),60.99
PACE,annual,2025,Gross Profit Margin (%),39.81
PACE,annual,2024,Gross Profit Margin (%),33.62
PACE,annual,2023,Gross Profit Margin (%),50.87
PACE,annual,2026,Net Profit Margin (%),169.17
PACE,annual,2025,Net Profit Margin (%),-7.48
PACE,annual,2024,Net Profit Margin (%),25.61
PACE,annual,2023,Net Profit Margin (%),-693.77
PACE,annual,2026,EPS Growth (%),1651.72
PACE,annual,2025,EPS Growth (%),-115.34
PACE,annual,2024,EPS Growth (%),131.4
PACE,annual,2023,EPS Growth (%),-171.17
PACE,annual,2026,PEG,0.0
PACE,annual,2025,PEG,0.19
PACE,annual,2024,PEG,0.01
PACE,annual,2023,PEG,0.0
PAEL,annual,2025,Sales,63523506.0
PAEL,annual,2024,Sales,53112906.0
PAEL,annual,2023,Sales,38685112.0
PAEL,annual,2022,Sales,52386178.0
PAEL,annual,2025,Profit after Taxation,3846675.0
PAEL,annual,2024,Profit after Taxation,2367074.0
PAEL,annual,2023,Profit after Taxation,1325089.0
PAEL,annual,2022,Profit after Taxation,1067467.0
PAEL,annual,2025,EPS,4.24
PAEL,annual,2024,EPS,2.72
PAEL,annual,2023,EPS,1.5
PAEL,annual,2022,EPS,1.33
PAEL,quarterly,Q2 2026,Sales,22098735.0
PAEL,quarterly,Q1 2026,Sales,20222605.0
PAEL,quarterly,Q3 2025,Sales,11272245.0
PAEL,quarterly,Q2 2025,Sales,21050370.0
PAEL,quarterly,Q2 2026,Profit after Taxation,1749493.0
PAEL,quarterly,Q1 2026,Profit after Taxation,870236.0
PAEL,quarterly,Q3 2025,Profit after Taxation,681366.0
PAEL,quarterly,Q2 2025,Profit after Taxation,1712802.0
PAEL,quarterly,Q2 2026,EPS,1.89
PAEL,quarterly,Q1 2026,EPS,0.94
PAEL,quarterly,Q3 2025,EPS,0.74
PAEL,quarterly,Q2 2025,EPS,1.85
PAEL,annual,2025,Gross Profit Margin (%),26.98
PAEL,annual,2024,Gross Profit Margin (%),26.63
PAEL,annual,2023,Gross Profit Margin (%),28.7
PAEL,annual,2022,Gross Profit Margin (%),19.66
PAEL,annual,2025,Net Profit Margin (%),6.06
PAEL,annual,2024,Net Profit Margin (%),4.46
PAEL,annual,2023,Net Profit Margin (%),3.43
PAEL,annual,2022,Net Profit Margin (%),2.04
PAEL,annual,2025,EPS Growth (%),55.88
PAEL,annual,2024,EPS Growth (%),81.33
PAEL,annual,2023,EPS Growth (%),12.78
PAEL,annual,2022,EPS Growth (%),-53.98
PAEL,annual,2025,PEG,0.24
PAEL,annual,2024,PEG,0.2
PAEL,annual,2023,PEG,1.18
PAEL,annual,2022,PEG,-0.18
PAKCEM,annual,2015,Sales,5588437.0
PAKCEM,annual,2014,Sales,10336120.0
PAKCEM,annual,2015,Profit after Taxation,593197.0
PAKCEM,annual,2014,Profit after Taxation,540067.0
PAKCEM,annual,2015,EPS,0.41
PAKCEM,annual,2014,EPS,0.37
PAKCEM,annual,2015,Gross Profit Margin (%),29.32
PAKCEM,annual,2014,Gross Profit Margin (%),29.02
PAKCEM,annual,2015,Net Profit Margin (%),10.61
PAKCEM,annual,2014,Net Profit Margin (%),5.23
PAKCEM,annual,2015,EPS Growth (%),10.81
PAKCEM,annual,2015,PEG,4.39
PAKD,annual,2025,Sales,1856058.0
PAKD,annual,2024,Sales,1685394.0
PAKD,annual,2023,Sales,1362844.0
PAKD,annual,2022,Sales,1239279.0
PAKD,annual,2025,Profit after Taxation,152945.0
PAKD,annual,2024,Profit after Taxation,192224.0
PAKD,annual,2023,Profit after Taxation,289862.0
PAKD,annual,2022,Profit after Taxation,231299.0
PAKD,annual,2025,EPS,12.9
PAKD,annual,2024,EPS,16.21
PAKD,annual,2023,EPS,24.44
PAKD,annual,2022,EPS,19.5
PAKD,quarterly,Q3 2026,Sales,460404.0
PAKD,quarterly,Q2 2026,Sales,301584.0
PAKD,quarterly,Q1 2026,Sales,304303.0
PAKD,quarterly,Q3 2025,Sales,622926.0
PAKD,quarterly,Q3 2026,Profit after Taxation,3125.0
PAKD,quarterly,Q2 2026,Profit after Taxation,-22670.0
PAKD,quarterly,Q1 2026,Profit after Taxation,34334.0
PAKD,quarterly,Q3 2025,Profit after Taxation,62068.0
PAKD,quarterly,Q3 2026,EPS,0.26
PAKD,quarterly,Q2 2026,EPS,-1.91
PAKD,quarterly,Q1 2026,EPS,2.9
PAKD,quarterly,Q3 2025,EPS,5.23
PAKD,annual,2025,Gross Profit Margin (%),20.23
PAKD,annual,2024,Gross Profit Margin (%),24.02
PAKD,annual,2023,Gross Profit Margin (%),21.19
PAKD,annual,2022,Gross Profit Margin (%),11.98
PAKD,annual,2025,Net Profit Margin (%),8.24
PAKD,annual,2024,Net Profit Margin (%),11.41
PAKD,annual,2023,Net Profit Margin (%),21.27
PAKD,annual,2022,Net Profit Margin (%),18.66
PAKD,annual,2025,EPS Growth (%),-20.42
PAKD,annual,2024,EPS Growth (%),-33.67
PAKD,annual,2023,EPS Growth (%),25.33
PAKD,annual,2022,EPS Growth (%),1400.0
PAKD,annual,2025,PEG,-1.18
PAKD,annual,2024,PEG,-0.14
PAKD,annual,2023,PEG,0.11
PAKD,annual,2022,PEG,0.0
PAKL,annual,2026,Sales,26777.0
PAKL,annual,2025,Sales,60093.0
PAKL,annual,2024,Sales,89395.0
PAKL,annual,2023,Sales,90691.0
PAKL,annual,2026,Profit after Taxation,-5332.0
PAKL,annual,2025,Profit after Taxation,9023.0
PAKL,annual,2024,Profit after Taxation,8127.0
PAKL,annual,2023,Profit after Taxation,-11207.0
PAKL,annual,2026,EPS,-1.57
PAKL,annual,2025,EPS,2.65
PAKL,annual,2024,EPS,2.39
PAKL,annual,2023,EPS,-3.3
PAKL,quarterly,Q1 2026,Sales,6548.0
PAKL,quarterly,Q3 2025,Sales,14125.0
PAKL,quarterly,Q3 2026,Profit after Taxation,-4289.0
PAKL,quarterly,Q2 2026,Profit after Taxation,-4403.0
PAKL,quarterly,Q1 2026,Profit after Taxation,-2361.0
PAKL,quarterly,Q3 2025,Profit after Taxation,434.0
PAKL,quarterly,Q3 2026,EPS,-1.26
PAKL,quarterly,Q2 2026,EPS,-1.3
PAKL,quarterly,Q1 2026,EPS,-0.69
PAKL,quarterly,Q3 2025,EPS,0.13
PAKL,annual,2026,Gross Profit Margin (%),14.82
PAKL,annual,2025,Gross Profit Margin (%),27.69
PAKL,annual,2024,Gross Profit Margin (%),14.49
PAKL,annual,2023,Gross Profit Margin (%),10.58
PAKL,annual,2026,Net Profit Margin (%),-19.91
PAKL,annual,2025,Net Profit Margin (%),15.01
PAKL,annual,2024,Net Profit Margin (%),9.09
PAKL,annual,2023,Net Profit Margin (%),-12.36
PAKL,annual,2026,EPS Growth (%),-159.25
PAKL,annual,2025,EPS Growth (%),10.88
PAKL,annual,2024,EPS Growth (%),172.42
PAKL,annual,2023,EPS Growth (%),-288.24
PAKL,annual,2026,PEG,0.2
PAKL,annual,2025,PEG,1.06
PAKL,annual,2024,PEG,0.04
PAKL,annual,2023,PEG,0.01
PAKMI,annual,2022,Profit after Taxation,1636.0
PAKMI,annual,2021,Profit after Taxation,268.0
PAKMI,annual,2020,Profit after Taxation,1845.0
PAKMI,annual,2019,Profit after Taxation,514.0
PAKMI,quarterly,Q3 2023,Profit after Taxation,524.0
PAKMI,quarterly,Q2 2023,Profit after Taxation,780.0
PAKMI,quarterly,Q1 2023,Profit after Taxation,349.0
PAKMI,quarterly,Q3 2022,Profit after Taxation,262.0
PAKMI,annual,2022,EPS Growth (%),550.0
PAKMI,annual,2021,EPS Growth (%),-86.67
PAKMI,annual,2020,EPS Growth (%),275.0
PAKMI,annual,2019,EPS Growth (%),-77.78
PAKMI,annual,2021,PEG,-2.02
PAKMI,annual,2020,PEG,0.04
PAKMI,annual,2019,PEG,-0.35
PAKOXY,annual,2025,Sales,13047286.0
PAKOXY,annual,2024,Sales,11345099.0
PAKOXY,annual,2023,Sales,8589000.0
PAKOXY,annual,2022,Sales,7296365.0
PAKOXY,annual,2025,EPS,19.16
PAKOXY,annual,2024,EPS,8.17
PAKOXY,annual,2023,EPS,1.66
PAKOXY,annual,2022,EPS,5.74
PAKOXY,quarterly,Q2 2026,Sales,3771704.0
PAKOXY,quarterly,Q1 2026,Sales,3614320.0
PAKOXY,quarterly,Q3 2025,Sales,3403812.0
PAKOXY,quarterly,Q2 2025,Sales,3122598.0
PAKOXY,quarterly,Q2 2026,EPS,11.38
PAKOXY,quarterly,Q1 2026,EPS,7.92
PAKOXY,quarterly,Q3 2025,EPS,6.97
PAKOXY,quarterly,Q2 2025,EPS,5.85
PAKOXY,annual,2025,Gross Profit Margin (%),40.16
PAKOXY,annual,2024,Gross Profit Margin (%),26.97
PAKOXY,annual,2023,Gross Profit Margin (%),18.17
PAKOXY,annual,2022,Gross Profit Margin (%),18.15
PAKOXY,annual,2025,Net Profit Margin (%),12.79
PAKOXY,annual,2024,Net Profit Margin (%),6.27
PAKOXY,annual,2023,Net Profit Margin (%),1.69
PAKOXY,annual,2022,Net Profit Margin (%),5.76
PAKOXY,annual,2025,EPS Growth (%),134.52
PAKOXY,annual,2024,EPS Growth (%),392.17
PAKOXY,annual,2023,EPS Growth (%),-71.08
PAKOXY,annual,2022,EPS Growth (%),-25.45
PAKOXY,annual,2025,PEG,0.12
PAKOXY,annual,2024,PEG,0.04
PAKOXY,annual,2022,PEG,-0.96
PAKQATAR,annual,2025,Profit after Taxation,291311.0
PAKQATAR,annual,2024,Profit after Taxation,269721.0
PAKQATAR,annual,2025,EPS,1.97
PAKQATAR,annual,2024,EPS,1.82
PAKQATAR,quarterly,Q2 2026,Profit after Taxation,58720.0
PAKQATAR,quarterly,Q1 2026,Profit after Taxation,101577.0
PAKQATAR,quarterly,Q2 2025,Profit after Taxation,57783.0
PAKQATAR,quarterly,Q1 2025,Profit after Taxation,-26750.0
PAKQATAR,quarterly,Q2 2026,EPS,0.26
PAKQATAR,quarterly,Q1 2026,EPS,0.15
PAKQATAR,quarterly,Q2 2025,EPS,0.45
PAKQATAR,quarterly,Q1 2025,EPS,-0.2
PAKQATAR,annual,2025,EPS Growth (%),8.24
PAKQATAR,annual,2025,PEG,1.22
PAKRI,annual,2025,Profit after Taxation,3129096.0
PAKRI,annual,2024,Profit after Taxation,3778315.0
PAKRI,annual,2023,Profit after Taxation,3065248.0
PAKRI,annual,2022,Profit after Taxation,2624829.0
PAKRI,annual,2025,EPS,3.48
PAKRI,annual,2024,EPS,4.2
PAKRI,annual,2023,EPS,3.41
PAKRI,annual,2022,EPS,2.92
PAKRI,quarterly,Q2 2026,Profit after Taxation,821876.0
PAKRI,quarterly,Q1 2026,Profit after Taxation,579571.0
PAKRI,quarterly,Q3 2025,Profit after Taxation,699892.0
PAKRI,quarterly,Q2 2025,Profit after Taxation,571565.0
PAKRI,quarterly,Q2 2026,EPS,0.91
PAKRI,quarterly,Q1 2026,EPS,0.64
PAKRI,quarterly,Q3 2025,EPS,0.78
PAKRI,quarterly,Q2 2025,EPS,0.64
PAKRI,annual,2025,Gross Profit Margin (%),10.14
PAKRI,annual,2024,Gross Profit Margin (%),22.47
PAKRI,annual,2023,Gross Profit Margin (%),20.3
PAKRI,annual,2022,Gross Profit Margin (%),20.83
PAKRI,annual,2025,Net Profit Margin (%),34.5
PAKRI,annual,2024,Net Profit Margin (%),34.81
PAKRI,annual,2023,Net Profit Margin (%),32.88
PAKRI,annual,2022,Net Profit Margin (%),33.1
PAKRI,annual,2025,EPS Growth (%),-17.14
PAKRI,annual,2024,EPS Growth (%),23.17
PAKRI,annual,2023,EPS Growth (%),16.78
PAKRI,annual,2022,EPS Growth (%),1.39
PAKRI,annual,2025,PEG,-0.35
PAKRI,annual,2024,PEG,0.16
PAKRI,annual,2023,PEG,0.13
PAKRI,annual,2022,PEG,1.69
PAKT,annual,2025,Sales,139018233.0
PAKT,annual,2024,Sales,121077803.0
PAKT,annual,2023,Sales,109932868.0
PAKT,annual,2022,Sales,94862238.0
PAKT,annual,2025,Profit after Taxation,29854825.0
PAKT,annual,2024,Profit after Taxation,27782933.0
PAKT,annual,2023,Profit after Taxation,28959663.0
PAKT,annual,2022,Profit after Taxation,21320931.0
PAKT,annual,2025,EPS,116.85
PAKT,annual,2024,EPS,108.74
PAKT,annual,2023,EPS,113.35
PAKT,annual,2022,EPS,83.45
PAKT,quarterly,Q2 2026,Sales,44972459.0
PAKT,quarterly,Q1 2026,Sales,38096848.0
PAKT,quarterly,Q3 2025,Sales,33155117.0
PAKT,quarterly,Q2 2025,Sales,38742914.0
PAKT,quarterly,Q2 2026,Profit after Taxation,9183944.0
PAKT,quarterly,Q1 2026,Profit after Taxation,9343354.0
PAKT,quarterly,Q3 2025,Profit after Taxation,10258615.0
PAKT,quarterly,Q2 2025,Profit after Taxation,7993395.0
PAKT,quarterly,Q2 2026,EPS,35.95
PAKT,quarterly,Q1 2026,EPS,36.57
PAKT,quarterly,Q3 2025,EPS,40.15
PAKT,quarterly,Q2 2025,EPS,31.29
PAKT,annual,2025,Gross Profit Margin (%),48.51
PAKT,annual,2024,Gross Profit Margin (%),49.4
PAKT,annual,2023,Gross Profit Margin (%),54.1
PAKT,annual,2022,Gross Profit Margin (%),47.6
PAKT,annual,2025,Net Profit Margin (%),21.48
PAKT,annual,2024,Net Profit Margin (%),22.95
PAKT,annual,2023,Net Profit Margin (%),26.34
PAKT,annual,2022,Net Profit Margin (%),22.48
PAKT,annual,2025,EPS Growth (%),7.46
PAKT,annual,2024,EPS Growth (%),-4.07
PAKT,annual,2023,EPS Growth (%),35.83
PAKT,annual,2022,EPS Growth (%),13.03
PAKT,annual,2025,PEG,1.77
PAKT,annual,2024,PEG,-3.01
PAKT,annual,2023,PEG,0.28
PAKT,annual,2022,PEG,0.89
PASL,annual,2026,Total Income,2602.0
PASL,annual,2023,Total Income,600.0
PASL,annual,2026,EPS,0.09
PASL,annual,2025,EPS,0.04
PASL,annual,2024,EPS,0.01
PASL,annual,2023,EPS,-0.01
PASL,quarterly,Q3 2026,EPS,-0.06
PASL,quarterly,Q2 2026,EPS,0.03
PASL,quarterly,Q1 2026,EPS,0.03
PASL,quarterly,Q3 2025,EPS,-0.01
PASL,annual,2026,Net Profit Margin (%),619.76
PASL,annual,2023,Net Profit Margin (%),-432.63
PASL,annual,2026,EPS Growth (%),100.0
PASL,annual,2025,EPS Growth (%),616.67
PASL,annual,2024,EPS Growth (%),142.86
PASL,annual,2023,EPS Growth (%),68.89
PASL,annual,2026,PEG,0.31
PASL,annual,2025,PEG,0.12
PASL,annual,2024,PEG,2.23
PASL,annual,2023,PEG,-0.64
PASM,annual,2026,Profit after Taxation,-4118.0
PASM,annual,2025,Profit after Taxation,39137.0
PASM,annual,2024,Profit after Taxation,14086.0
PASM,annual,2023,Profit after Taxation,-6425.0
PASM,annual,2026,EPS,-0.24
PASM,annual,2025,EPS,2.26
PASM,annual,2024,EPS,0.81
PASM,annual,2023,EPS,-0.37
PASM,quarterly,Q3 2026,Profit after Taxation,-794.0
PASM,quarterly,Q2 2026,Profit after Taxation,-1307.0
PASM,quarterly,Q1 2026,Profit after Taxation,-1833.0
PASM,quarterly,Q3 2025,Profit after Taxation,16441.0
PASM,quarterly,Q3 2026,EPS,-0.05
PASM,quarterly,Q2 2026,EPS,-0.08
PASM,quarterly,Q1 2026,EPS,-0.11
PASM,quarterly,Q3 2025,EPS,0.95
PASM,annual,2026,EPS Growth (%),-110.62
PASM,annual,2025,EPS Growth (%),179.01
PASM,annual,2024,EPS Growth (%),318.92
PASM,annual,2023,EPS Growth (%),36.21
PASM,annual,2026,PEG,0.47
PASM,annual,2025,PEG,0.01
PASM,annual,2024,PEG,0.01
PASM,annual,2023,PEG,-0.15
PCAL,annual,2026,Sales,33787277.0
PCAL,annual,2025,Sales,29088373.0
PCAL,annual,2024,Sales,26167037.0
PCAL,annual,2023,Sales,21652953.0
PCAL,annual,2026,Profit after Taxation,166206.0
PCAL,annual,2025,Profit after Taxation,-280601.0
PCAL,annual,2024,Profit after Taxation,208858.0
PCAL,annual,2023,Profit after Taxation,723651.0
PCAL,annual,2026,EPS,3.05
PCAL,annual,2025,EPS,-5.15
PCAL,annual,2024,EPS,3.84
PCAL,annual,2023,EPS,14.62
PCAL,quarterly,Q3 2026,Sales,7291532.0
PCAL,quarterly,Q2 2026,Sales,9516268.0
PCAL,quarterly,Q1 2026,Sales,6663448.0
PCAL,quarterly,Q3 2025,Sales,6530896.0
PCAL,quarterly,Q3 2026,Profit after Taxation,-7216.0
PCAL,quarterly,Q2 2026,Profit after Taxation,354411.0
PCAL,quarterly,Q1 2026,Profit after Taxation,-140965.0
PCAL,quarterly,Q3 2025,Profit after Taxation,-74327.0
PCAL,quarterly,Q3 2026,EPS,-0.13
PCAL,quarterly,Q2 2026,EPS,6.51
PCAL,quarterly,Q1 2026,EPS,-2.59
PCAL,quarterly,Q3 2025,EPS,-1.36
PCAL,annual,2026,Gross Profit Margin (%),10.4
PCAL,annual,2025,Gross Profit Margin (%),10.4
PCAL,annual,2024,Gross Profit Margin (%),12.85
PCAL,annual,2023,Gross Profit Margin (%),14.7
PCAL,annual,2026,Net Profit Margin (%),0.49
PCAL,annual,2025,Net Profit Margin (%),-0.96
PCAL,annual,2024,Net Profit Margin (%),0.8
PCAL,annual,2023,Net Profit Margin (%),3.34
PCAL,annual,2026,EPS Growth (%),159.22
PCAL,annual,2025,EPS Growth (%),-234.11
PCAL,annual,2024,EPS Growth (%),-73.73
PCAL,annual,2023,EPS Growth (%),-37.17
PCAL,annual,2026,PEG,0.35
PCAL,annual,2025,PEG,0.12
PCAL,annual,2024,PEG,-0.94
PCAL,annual,2023,PEG,-0.15
PCML,annual,2017,Profit after Taxation,-41928.0
PCML,annual,2016,Profit after Taxation,43680.0
PCML,annual,2015,Profit after Taxation,2315.0
PCML,annual,2017,EPS,-3.65
PCML,annual,2016,EPS,3.8
PCML,annual,2015,EPS,0.2
PCML,annual,2017,EPS Growth (%),-196.05
PCML,annual,2016,EPS Growth (%),1800.0
PCML,annual,2017,PEG,0.01
PECO,annual,2026,Profit after Taxation,-32133.0
PECO,annual,2025,Profit after Taxation,-63807.0
PECO,annual,2024,Profit after Taxation,-75302.0
PECO,annual,2023,Profit after Taxation,-47470.0
PECO,quarterly,Q3 2026,Profit after Taxation,-10624.0
PECO,quarterly,Q2 2026,Profit after Taxation,-12223.0
PECO,quarterly,Q1 2026,Profit after Taxation,-19255.0
PECO,quarterly,Q3 2025,Profit after Taxation,-16994.0
PECO,annual,2025,Gross Profit Margin (%),15.88
PECO,annual,2024,Gross Profit Margin (%),-86.53
PECO,annual,2023,Gross Profit Margin (%),-118.91
PECO,annual,2025,Net Profit Margin (%),-239.02
PECO,annual,2024,Net Profit Margin (%),-322.74
PECO,annual,2023,Net Profit Margin (%),-157.79
PECO,annual,2026,EPS Growth (%),49.6
PECO,annual,2025,EPS Growth (%),15.27
PECO,annual,2024,EPS Growth (%),-58.63
PECO,annual,2023,EPS Growth (%),80.39
PECO,annual,2026,PEG,-3.12
PECO,annual,2025,PEG,-4.44
PECO,annual,2024,PEG,0.63
PECO,annual,2023,PEG,-0.48
PGCL,annual,2018,Sales,763546.0
PGCL,annual,2017,Sales,620394.0
PGCL,annual,2016,Sales,486457.0
PGCL,annual,2015,Sales,684144.0
PGCL,annual,2018,Profit after Taxation,18750.0
PGCL,annual,2017,Profit after Taxation,-28816.0
PGCL,annual,2016,Profit after Taxation,-94951.0
PGCL,annual,2015,Profit after Taxation,-75471.0
PGCL,annual,2018,EPS,4.41
PGCL,annual,2017,EPS,-6.78
PGCL,annual,2016,EPS,-22.35
PGCL,annual,2015,EPS,-17.76
PGCL,annual,2018,Gross Profit Margin (%),11.93
PGCL,annual,2017,Gross Profit Margin (%),7.26
PGCL,annual,2016,Gross Profit Margin (%),-6.85
PGCL,annual,2015,Gross Profit Margin (%),-2.0
PGCL,annual,2018,Net Profit Margin (%),2.46
PGCL,annual,2017,Net Profit Margin (%),-4.64
PGCL,annual,2016,Net Profit Margin (%),-19.52
PGCL,annual,2015,Net Profit Margin (%),-11.03
PGCL,annual,2018,EPS Growth (%),165.04
PGCL,annual,2017,EPS Growth (%),69.66
PGCL,annual,2016,EPS Growth (%),-25.84
PGCL,annual,2015,EPS Growth (%),-197.32
PGCL,annual,2018,PEG,0.17
PGCL,annual,2017,PEG,-0.28
PGCL,annual,2016,PEG,0.26
PGCL,annual,2015,PEG,0.04
PGF,annual,2017,Total Income,1958051.0
PGF,annual,2016,Total Income,775588.0
PGF,annual,2015,Total Income,243037.0
PGF,annual,2014,Total Income,2252380.0
PGF,annual,2017,Profit after Taxation,1660349.0
PGF,annual,2016,Profit after Taxation,455735.0
PGF,annual,2015,Profit after Taxation,-138865.0
PGF,annual,2014,Profit after Taxation,1821245.0
PGF,annual,2017,EPS,5.86
PGF,annual,2016,EPS,1.61
PGF,annual,2015,EPS,-0.49
PGF,annual,2014,EPS,6.42
PGF,annual,2017,EPS Growth (%),263.98
PGF,annual,2016,EPS Growth (%),428.57
PGF,annual,2015,EPS Growth (%),-107.63
PGF,annual,2014,EPS Growth (%),6.64
PGF,annual,2017,PEG,0.02
PGF,annual,2016,PEG,0.03
PGF,annual,2015,PEG,0.45
PGF,annual,2014,PEG,0.59
PGIC,annual,2016,Profit after Taxation,32933.0
PGIC,annual,2015,Profit after Taxation,66638.0
PGIC,annual,2014,Profit after Taxation,44842.0
PGIC,annual,2013,Profit after Taxation,27288.0
PGIC,annual,2016,EPS,0.82
PGIC,annual,2015,EPS,1.67
PGIC,annual,2014,EPS,1.2
PGIC,annual,2013,EPS,0.73
PGIC,quarterly,Q3 2022,Profit after Taxation,-7205.0
PGIC,quarterly,Q2 2021,Profit after Taxation,-8580.0
PGIC,quarterly,Q1 2021,Profit after Taxation,-5363.0
PGIC,quarterly,Q3 2020,Profit after Taxation,-7144.0
PGIC,quarterly,Q3 2022,EPS,-0.16
PGIC,quarterly,Q2 2021,EPS,-0.18
PGIC,quarterly,Q1 2021,EPS,-0.12
PGIC,quarterly,Q3 2020,EPS,-0.15
PGIC,annual,2016,Gross Profit Margin (%),28.16
PGIC,annual,2015,Gross Profit Margin (%),23.65
PGIC,annual,2014,Gross Profit Margin (%),26.18
PGIC,annual,2013,Gross Profit Margin (%),9.43
PGIC,annual,2016,Net Profit Margin (%),13.12
PGIC,annual,2015,Net Profit Margin (%),25.19
PGIC,annual,2014,Net Profit Margin (%),20.02
PGIC,annual,2013,Net Profit Margin (%),15.45
PGIC,annual,2016,EPS Growth (%),-50.9
PGIC,annual,2015,EPS Growth (%),39.17
PGIC,annual,2014,EPS Growth (%),64.38
PGIC,annual,2013,EPS Growth (%),-80.0
PGIC,annual,2016,PEG,-0.23
PGIC,annual,2015,PEG,0.14
PGIC,annual,2014,PEG,0.12
PGIC,annual,2013,PEG,-0.2
PGLC,annual,2026,Total Income,178077.0
PGLC,annual,2025,Total Income,222464.0
PGLC,annual,2024,Total Income,281356.0
PGLC,annual,2023,Total Income,262202.0
PGLC,annual,2026,Profit after Taxation,89749.0
PGLC,annual,2025,Profit after Taxation,73604.0
PGLC,annual,2024,Profit after Taxation,78799.0
PGLC,annual,2023,Profit after Taxation,56636.0
PGLC,annual,2026,EPS,1.81
PGLC,annual,2025,EPS,1.49
PGLC,annual,2024,EPS,1.59
PGLC,annual,2023,EPS,1.14
PGLC,quarterly,Q3 2026,Total Income,35651.0
PGLC,quarterly,Q2 2026,Total Income,36304.0
PGLC,quarterly,Q1 2026,Total Income,34689.0
PGLC,quarterly,Q3 2025,Total Income,33355.0
PGLC,quarterly,Q3 2026,Profit after Taxation,21778.0
PGLC,quarterly,Q2 2026,Profit after Taxation,19965.0
PGLC,quarterly,Q1 2026,Profit after Taxation,12408.0
PGLC,quarterly,Q3 2025,Profit after Taxation,14616.0
PGLC,quarterly,Q3 2026,EPS,0.44
PGLC,quarterly,Q2 2026,EPS,0.4
PGLC,quarterly,Q1 2026,EPS,0.25
PGLC,quarterly,Q3 2025,EPS,0.3
PGLC,annual,2026,Net Profit Margin (%),50.4
PGLC,annual,2025,Net Profit Margin (%),33.09
PGLC,annual,2024,Net Profit Margin (%),28.01
PGLC,annual,2023,Net Profit Margin (%),21.6
PGLC,annual,2026,EPS Growth (%),21.48
PGLC,annual,2025,EPS Growth (%),-6.29
PGLC,annual,2024,EPS Growth (%),39.47
PGLC,annual,2023,EPS Growth (%),-61.62
PGLC,annual,2026,PEG,0.37
PGLC,annual,2025,PEG,-2.14
PGLC,annual,2024,PEG,0.14
PGLC,annual,2023,PEG,-0.07
PHDL,annual,2024,Sales,728524.0
PHDL,annual,2023,Sales,559042.0
PHDL,annual,2022,Sales,464551.0
PHDL,annual,2021,Sales,249724.0
PHDL,annual,2024,Profit after Taxation,446877.0
PHDL,annual,2023,Profit after Taxation,44129.0
PHDL,annual,2022,Profit after Taxation,47817.0
PHDL,annual,2021,Profit after Taxation,-47165.0
PHDL,quarterly,Q1 2025,Sales,78266.0
PHDL,quarterly,Q3 2024,Sales,195268.0
PHDL,quarterly,Q3 2025,Profit after Taxation,12789.0
PHDL,quarterly,Q2 2025,Profit after Taxation,-103997.0
PHDL,quarterly,Q1 2025,Profit after Taxation,232639.0
PHDL,quarterly,Q3 2024,Profit after Taxation,85382.0
PHDL,annual,2024,Gross Profit Margin (%),48.2
PHDL,annual,2023,Gross Profit Margin (%),43.52
PHDL,annual,2022,Gross Profit Margin (%),47.0
PHDL,annual,2021,Gross Profit Margin (%),29.94
PHDL,annual,2024,Net Profit Margin (%),61.34
PHDL,annual,2023,Net Profit Margin (%),7.89
PHDL,annual,2022,Net Profit Margin (%),10.29
PHDL,annual,2021,Net Profit Margin (%),-18.89
PHDL,annual,2024,EPS Growth (%),913.47
PHDL,annual,2023,EPS Growth (%),-7.89
PHDL,annual,2022,EPS Growth (%),201.53
PHDL,annual,2021,EPS Growth (%),-13200.0
PHDL,annual,2024,PEG,0.03
PHDL,annual,2023,PEG,-4.14
PHDL,annual,2022,PEG,0.27
PHDL,annual,2021,PEG,0.0
PIAA,annual,2022,Sales,172038132.0
PIAA,annual,2021,Sales,86185394.0
PIAA,annual,2020,Sales,94989391.0
PIAA,annual,2019,Sales,147500129.0
PIAA,quarterly,Q2 2023,Sales,61220143.0
PIAA,quarterly,Q1 2023,Sales,59058308.0
PIAA,quarterly,Q3 2022,Sales,49447703.0
PIAA,quarterly,Q2 2022,Sales,36681321.0
PIAA,annual,2022,Gross Profit Margin (%),-2.4
PIAA,annual,2021,Gross Profit Margin (%),-9.82
PIAA,annual,2020,Gross Profit Margin (%),2.59
PIAA,annual,2019,Gross Profit Margin (%),5.1
PIAA,annual,2022,Net Profit Margin (%),-51.16
PIAA,annual,2021,Net Profit Margin (%),-58.13
PIAA,annual,2020,Net Profit Margin (%),-36.47
PIAA,annual,2019,Net Profit Margin (%),-35.66
PIAHCLA,annual,2025,Total Income,18830254.0
PIAHCLA,annual,2025,EPS,-6.27
PIAHCLA,quarterly,Q3 2025,Total Income,653592.0
PIAHCLA,quarterly,Q2 2025,Total Income,927375.0
PIAHCLA,quarterly,Q1 2024,Total Income,294860.0
PIAHCLA,quarterly,Q3 2024,Total Income,39101.0
PIAHCLA,quarterly,Q3 2025,EPS,-0.23
PIAHCLA,quarterly,Q2 2025,EPS,-1.6
PIAHCLA,quarterly,Q1 2024,EPS,-2.56
PIAHCLA,quarterly,Q3 2024,EPS,-0.24
PIAHCLA,annual,2025,Net Profit Margin (%),-174.26
PIAHCLA,annual,2024,Net Profit Margin (%),-2688.3
PIAHCLA,annual,2025,EPS Growth (%),30.95
PIAHCLA,annual,2025,PEG,-0.17
PIAHCLB,quarterly,Q3 2024,EPS,-0.01
PIBTL,annual,2026,Sales,16388191.0
PIBTL,annual,2025,Sales,9969183.0
PIBTL,annual,2024,Sales,13852284.0
PIBTL,annual,2023,Sales,9072699.0
PIBTL,annual,2026,Profit after Taxation,3372548.0
PIBTL,annual,2025,Profit after Taxation,-257930.0
PIBTL,annual,2024,Profit after Taxation,1764987.0
PIBTL,annual,2023,Profit after Taxation,-2155640.0
PIBTL,annual,2026,EPS,1.89
PIBTL,annual,2025,EPS,-0.14
PIBTL,annual,2024,EPS,0.99
PIBTL,annual,2023,EPS,-1.21
PIBTL,quarterly,Q3 2026,Sales,3507483.0
PIBTL,quarterly,Q2 2026,Sales,4207864.0
PIBTL,quarterly,Q1 2026,Sales,3980142.0
PIBTL,quarterly,Q3 2025,Sales,1849051.0
PIBTL,quarterly,Q3 2026,Profit after Taxation,590051.0
PIBTL,quarterly,Q2 2026,Profit after Taxation,894420.0
PIBTL,quarterly,Q1 2026,Profit after Taxation,616520.0
PIBTL,quarterly,Q3 2025,Profit after Taxation,-469089.0
PIBTL,quarterly,Q3 2026,EPS,0.33
PIBTL,quarterly,Q2 2026,EPS,0.5
PIBTL,quarterly,Q1 2026,EPS,0.35
PIBTL,quarterly,Q3 2025,EPS,-0.26
PIBTL,annual,2026,Gross Profit Margin (%),33.26
PIBTL,annual,2025,Gross Profit Margin (%),20.66
PIBTL,annual,2024,Gross Profit Margin (%),36.44
PIBTL,annual,2023,Gross Profit Margin (%),17.64
PIBTL,annual,2026,Net Profit Margin (%),20.58
PIBTL,annual,2025,Net Profit Margin (%),-2.59
PIBTL,annual,2024,Net Profit Margin (%),12.74
PIBTL,annual,2023,Net Profit Margin (%),-23.76
PIBTL,annual,2026,EPS Growth (%),1450.0
PIBTL,annual,2025,EPS Growth (%),-114.14
PIBTL,annual,2024,EPS Growth (%),181.82
PIBTL,annual,2023,EPS Growth (%),-245.71
PIBTL,annual,2026,PEG,0.01
PIBTL,annual,2025,PEG,0.55
PIBTL,annual,2024,PEG,0.03
PIBTL,annual,2023,PEG,0.01
PICT,annual,2025,Sales,10000.0
PICT,annual,2023,Sales,6392051.0
PICT,annual,2022,Sales,12024182.0
PICT,annual,2025,Profit after Taxation,-134024.0
PICT,annual,2024,Profit after Taxation,649096.0
PICT,annual,2023,Profit after Taxation,1800504.0
PICT,annual,2022,Profit after Taxation,2729440.0
PICT,annual,2025,EPS,-1.23
PICT,annual,2024,EPS,5.94
PICT,annual,2023,EPS,16.5
PICT,annual,2022,EPS,25.01
PICT,quarterly,Q2 2026,Sales,2500.0
PICT,quarterly,Q1 2026,Sales,2500.0
PICT,quarterly,Q3 2025,Sales,2500.0
PICT,quarterly,Q2 2025,Sales,2500.0
PICT,quarterly,Q2 2026,Profit after Taxation,-54023.0
PICT,quarterly,Q1 2026,Profit after Taxation,47718.0
PICT,quarterly,Q3 2025,Profit after Taxation,10906.0
PICT,quarterly,Q2 2025,Profit after Taxation,-1221.0
PICT,quarterly,Q2 2026,EPS,-0.49
PICT,quarterly,Q1 2026,EPS,0.44
PICT,quarterly,Q3 2025,EPS,0.1
PICT,quarterly,Q2 2025,EPS,-0.01
PICT,annual,2025,Gross Profit Margin (%),10.3
PICT,annual,2023,Gross Profit Margin (%),38.46
PICT,annual,2022,Gross Profit Margin (%),42.92
PICT,annual,2025,Net Profit Margin (%),-1340.24
PICT,annual,2023,Net Profit Margin (%),28.17
PICT,annual,2022,Net Profit Margin (%),22.7
PICT,annual,2025,EPS Growth (%),-120.71
PICT,annual,2024,EPS Growth (%),-64.0
PICT,annual,2023,EPS Growth (%),-34.03
PICT,annual,2022,EPS Growth (%),-19.45
PICT,annual,2025,PEG,0.28
PICT,annual,2024,PEG,-0.13
PICT,annual,2023,PEG,-0.09
PICT,annual,2022,PEG,-0.33
PIF,annual,2017,Total Income,976729.0
PIF,annual,2016,Total Income,391130.0
PIF,annual,2015,Total Income,95136.0
PIF,annual,2014,Total Income,1149650.0
PIF,annual,2017,Profit after Taxation,848004.0
PIF,annual,2016,Profit after Taxation,245059.0
PIF,annual,2015,Profit after Taxation,-80851.0
PIF,annual,2014,Profit after Taxation,945023.0
PIF,annual,2017,EPS,2.98
PIF,annual,2016,EPS,0.86
PIF,annual,2015,EPS,0.56
PIF,annual,2014,EPS,2.3
PIF,annual,2017,EPS Growth (%),246.51
PIF,annual,2016,EPS Growth (%),53.57
PIF,annual,2015,EPS Growth (%),-75.65
PIF,annual,2014,EPS Growth (%),-0.86
PIF,annual,2017,PEG,0.02
PIF,annual,2016,PEG,0.25
PIF,annual,2015,PEG,-0.31
PIF,annual,2014,PEG,-7.16
PIL,annual,2025,EPS,-0.43
PIL,annual,2024,EPS,0.1
PIL,annual,2023,EPS,0.02
PIL,annual,2022,EPS,-0.09
PIL,quarterly,Q2 2026,EPS,0.04
PIL,quarterly,Q1 2026,EPS,-0.1
PIL,quarterly,Q3 2025,EPS,-0.1
PIL,quarterly,Q2 2025,EPS,-0.28
PIL,annual,2025,EPS Growth (%),-530.0
PIL,annual,2024,EPS Growth (%),400.0
PIL,annual,2023,EPS Growth (%),122.22
PIL,annual,2022,EPS Growth (%),-350.0
PIL,annual,2025,PEG,0.02
PIL,annual,2024,PEG,0.05
PIL,annual,2023,PEG,0.37
PIL,annual,2022,PEG,0.03
PIM,annual,2026,Total Income,29827.0
PIM,annual,2025,Total Income,44201.0
PIM,annual,2024,Total Income,47531.0
PIM,annual,2023,Total Income,29752.0
PIM,annual,2026,Profit after Taxation,15036.0
PIM,annual,2025,Profit after Taxation,25709.0
PIM,annual,2024,Profit after Taxation,24696.0
PIM,annual,2023,Profit after Taxation,7975.0
PIM,quarterly,Q3 2026,Total Income,6433.0
PIM,quarterly,Q2 2026,Total Income,8399.0
PIM,quarterly,Q1 2026,Total Income,8200.0
PIM,quarterly,Q3 2025,Total Income,8666.0
PIM,quarterly,Q3 2026,Profit after Taxation,2511.0
PIM,quarterly,Q2 2026,Profit after Taxation,3770.0
PIM,quarterly,Q1 2026,Profit after Taxation,3963.0
PIM,quarterly,Q3 2025,Profit after Taxation,3951.0
PIM,annual,2026,EPS Growth (%),-46.04
PIM,annual,2025,EPS Growth (%),-21.02
PIM,annual,2024,EPS Growth (%),208.77
PIM,annual,2023,EPS Growth (%),18.75
PIM,annual,2026,PEG,-0.65
PIM,annual,2025,PEG,-0.72
PIM,annual,2024,PEG,0.03
PIM,annual,2023,PEG,1.01
PINL,annual,2025,Profit after Taxation,122666.0
PINL,annual,2024,Profit after Taxation,69060.0
PINL,annual,2023,Profit after Taxation,7938.0
PINL,annual,2022,Profit after Taxation,-190265.0
PINL,annual,2025,EPS,2.43
PINL,annual,2024,EPS,1.37
PINL,annual,2023,EPS,0.16
PINL,annual,2022,EPS,-3.76
PINL,quarterly,Q2 2026,Profit after Taxation,-37322.0
PINL,quarterly,Q1 2026,Profit after Taxation,94754.0
PINL,quarterly,Q3 2025,Profit after Taxation,61534.0
PINL,quarterly,Q2 2025,Profit after Taxation,5800.0
PINL,quarterly,Q2 2026,EPS,-0.74
PINL,quarterly,Q1 2026,EPS,1.87
PINL,quarterly,Q3 2025,EPS,1.22
PINL,quarterly,Q2 2025,EPS,0.11
PINL,annual,2025,Gross Profit Margin (%),-27.57
PINL,annual,2024,Gross Profit Margin (%),-50.45
PINL,annual,2023,Gross Profit Margin (%),-18.09
PINL,annual,2022,Gross Profit Margin (%),-84.82
PINL,annual,2025,Net Profit Margin (%),44.73
PINL,annual,2024,Net Profit Margin (%),25.6
PINL,annual,2023,Net Profit Margin (%),2.52
PINL,annual,2022,Net Profit Margin (%),-66.02
PINL,annual,2025,EPS Growth (%),77.37
PINL,annual,2024,EPS Growth (%),756.25
PINL,annual,2023,EPS Growth (%),104.26
PINL,annual,2022,EPS Growth (%),-596.3
PINL,annual,2025,PEG,0.06
PINL,annual,2024,PEG,0.01
PINL,annual,2023,PEG,0.42
PINL,annual,2022,PEG,0.0
PIOC,annual,2026,Sales,38578528.0
PIOC,annual,2025,Sales,33308611.0
PIOC,annual,2024,Sales,35519271.0
PIOC,annual,2023,Sales,36165267.0
PIOC,annual,2026,Profit after Taxation,6594152.0
PIOC,annual,2025,Profit after Taxation,4876097.0
PIOC,annual,2024,Profit after Taxation,5176168.0
PIOC,annual,2023,Profit after Taxation,2611106.0
PIOC,annual,2026,EPS,29.03
PIOC,annual,2025,EPS,21.47
PIOC,annual,2024,EPS,22.79
PIOC,annual,2023,EPS,11.5
PIOC,quarterly,Q3 2026,Sales,10041688.0
PIOC,quarterly,Q2 2026,Sales,10261568.0
PIOC,quarterly,Q1 2026,Sales,8416621.0
PIOC,quarterly,Q3 2025,Sales,7899728.0
PIOC,quarterly,Q3 2026,Profit after Taxation,1521944.0
PIOC,quarterly,Q2 2026,Profit after Taxation,1599946.0
PIOC,quarterly,Q1 2026,Profit after Taxation,1274108.0
PIOC,quarterly,Q3 2025,Profit after Taxation,974039.0
PIOC,quarterly,Q3 2026,EPS,6.7
PIOC,quarterly,Q2 2026,EPS,7.04
PIOC,quarterly,Q1 2026,EPS,5.61
PIOC,quarterly,Q3 2025,EPS,4.29
PIOC,annual,2026,Gross Profit Margin (%),30.02
PIOC,annual,2025,Gross Profit Margin (%),31.35
PIOC,annual,2024,Gross Profit Margin (%),33.12
PIOC,annual,2023,Gross Profit Margin (%),26.02
PIOC,annual,2026,Net Profit Margin (%),17.09
PIOC,annual,2025,Net Profit Margin (%),14.64
PIOC,annual,2024,Net Profit Margin (%),14.57
PIOC,annual,2023,Net Profit Margin (%),7.22
PIOC,annual,2026,EPS Growth (%),35.21
PIOC,annual,2025,EPS Growth (%),-5.79
PIOC,annual,2024,EPS Growth (%),98.17
PIOC,annual,2023,EPS Growth (%),148.92
PIOC,annual,2026,PEG,0.28
PIOC,annual,2025,PEG,-1.83
PIOC,annual,2024,PEG,0.08
PIOC,annual,2023,PEG,0.05
PKGI,annual,2025,Profit after Taxation,28384.0
PKGI,annual,2024,Profit after Taxation,31804.0
PKGI,annual,2023,Profit after Taxation,70457.0
PKGI,annual,2022,Profit after Taxation,-28792.0
PKGI,annual,2025,EPS,0.64
PKGI,annual,2024,EPS,0.64
PKGI,annual,2023,EPS,1.52
PKGI,annual,2022,EPS,-0.62
PKGI,quarterly,Q2 2026,Profit after Taxation,15615.0
PKGI,quarterly,Q1 2026,Profit after Taxation,3060.0
PKGI,quarterly,Q3 2025,Profit after Taxation,-9739.0
PKGI,quarterly,Q2 2025,Profit after Taxation,19393.0
PKGI,quarterly,Q2 2026,EPS,0.31
PKGI,quarterly,Q1 2026,EPS,0.06
PKGI,quarterly,Q3 2025,EPS,-0.19
PKGI,quarterly,Q2 2025,EPS,0.39
PKGI,annual,2025,Gross Profit Margin (%),36.73
PKGI,annual,2024,Gross Profit Margin (%),-220.78
PKGI,annual,2025,Net Profit Margin (%),20.97
PKGI,annual,2024,Net Profit Margin (%),421.85
PKGI,annual,2024,EPS Growth (%),-57.89
PKGI,annual,2023,EPS Growth (%),345.16
PKGI,annual,2022,EPS Growth (%),-321.43
PKGI,annual,2024,PEG,-0.25
PKGI,annual,2023,PEG,0.01
PKGI,annual,2022,PEG,0.03
PKGP,annual,2025,Sales,925405.0
PKGP,annual,2024,Sales,11316380.0
PKGP,annual,2023,Sales,20836512.0
PKGP,annual,2022,Sales,45833179.0
PKGP,annual,2025,Profit after Taxation,-333080.0
PKGP,annual,2024,Profit after Taxation,4470458.0
PKGP,annual,2023,Profit after Taxation,5863299.0
PKGP,annual,2022,Profit after Taxation,3136234.0
PKGP,annual,2025,EPS,-0.92
PKGP,annual,2024,EPS,12.01
PKGP,annual,2023,EPS,15.76
PKGP,annual,2022,EPS,8.43
PKGP,quarterly,Q2 2026,Profit after Taxation,12133.0
PKGP,quarterly,Q1 2026,Profit after Taxation,-100343.0
PKGP,quarterly,Q3 2025,Profit after Taxation,116031.0
PKGP,quarterly,Q2 2025,Profit after Taxation,-442528.0
PKGP,quarterly,Q2 2026,EPS,0.06
PKGP,quarterly,Q1 2026,EPS,-0.52
PKGP,quarterly,Q3 2025,EPS,0.31
PKGP,quarterly,Q2 2025,EPS,-1.19
PKGP,annual,2025,Gross Profit Margin (%),42.98
PKGP,annual,2024,Gross Profit Margin (%),47.29
PKGP,annual,2023,Gross Profit Margin (%),27.29
PKGP,annual,2022,Gross Profit Margin (%),7.58
PKGP,annual,2025,Net Profit Margin (%),-35.99
PKGP,annual,2024,Net Profit Margin (%),39.5
PKGP,annual,2023,Net Profit Margin (%),28.14
PKGP,annual,2022,Net Profit Margin (%),6.84
PKGP,annual,2025,EPS Growth (%),-107.66
PKGP,annual,2024,EPS Growth (%),-23.79
PKGP,annual,2023,EPS Growth (%),86.95
PKGP,annual,2022,EPS Growth (%),198.94
PKGP,annual,2025,PEG,0.62
PKGP,annual,2024,PEG,-0.35
PKGP,annual,2023,PEG,0.04
PKGP,annual,2022,PEG,0.02
PKGS,annual,2025,Profit after Taxation,3053928.0
PKGS,annual,2024,Profit after Taxation,1912340.0
PKGS,annual,2023,Profit after Taxation,2778031.0
PKGS,annual,2022,Profit after Taxation,3867758.0
PKGS,annual,2025,EPS,34.17
PKGS,annual,2024,EPS,20.68
PKGS,annual,2023,EPS,31.08
PKGS,annual,2022,EPS,43.27
PKGS,quarterly,Q2 2026,Profit after Taxation,1147659.0
PKGS,quarterly,Q1 2026,Profit after Taxation,208424.0
PKGS,quarterly,Q3 2025,Profit after Taxation,962729.0
PKGS,quarterly,Q2 2025,Profit after Taxation,716059.0
PKGS,quarterly,Q2 2026,EPS,12.84
PKGS,quarterly,Q1 2026,EPS,2.33
PKGS,quarterly,Q3 2025,EPS,10.77
PKGS,quarterly,Q2 2025,EPS,8.01
PKGS,annual,2025,EPS Growth (%),65.23
PKGS,annual,2024,EPS Growth (%),-33.46
PKGS,annual,2023,EPS Growth (%),-28.17
PKGS,annual,2022,EPS Growth (%),-6.18
PKGS,annual,2025,PEG,0.34
PKGS,annual,2024,PEG,-0.86
PKGS,annual,2023,PEG,-0.61
PKGS,annual,2022,PEG,-1.38
PMI,annual,2024,Profit after Taxation,61696.0
PMI,annual,2023,Profit after Taxation,98545.0
PMI,annual,2022,Profit after Taxation,20639.0
PMI,annual,2021,Profit after Taxation,9376.0
PMI,quarterly,Q3 2025,Profit after Taxation,-698.0
PMI,quarterly,Q2 2025,Profit after Taxation,9919.0
PMI,quarterly,Q1 2025,Profit after Taxation,7190.0
PMI,quarterly,Q3 2024,Profit after Taxation,16686.0
PMI,annual,2024,EPS Growth (%),-36.84
PMI,annual,2023,EPS Growth (%),375.0
PMI,annual,2022,EPS Growth (%),45.45
PMI,annual,2021,EPS Growth (%),283.33
PMI,annual,2024,PEG,-0.11
PMI,annual,2023,PEG,0.0
PMI,annual,2022,PEG,0.21
PMI,annual,2021,PEG,0.08
PMPK,annual,2024,Sales,32340888.0
PMPK,annual,2023,Sales,18219709.0
PMPK,annual,2022,Sales,19838541.0
PMPK,annual,2021,Sales,17458557.0
PMPK,annual,2024,Profit after Taxation,254749.0
PMPK,annual,2023,Profit after Taxation,379801.0
PMPK,annual,2022,Profit after Taxation,2809746.0
PMPK,annual,2021,Profit after Taxation,2306663.0
PMPK,annual,2024,EPS,4.14
PMPK,annual,2023,EPS,6.17
PMPK,annual,2022,EPS,30.33
PMPK,annual,2021,EPS,37.46
PMPK,quarterly,Q2 2025,Sales,8391291.0
PMPK,quarterly,Q1 2025,Sales,8631319.0
PMPK,quarterly,Q3 2024,Sales,7552968.0
PMPK,quarterly,Q2 2024,Sales,4308023.0
PMPK,quarterly,Q2 2025,Profit after Taxation,-1118824.0
PMPK,quarterly,Q1 2025,Profit after Taxation,-579711.0
PMPK,quarterly,Q3 2024,Profit after Taxation,-113128.0
PMPK,quarterly,Q2 2024,Profit after Taxation,96253.0
PMPK,quarterly,Q2 2025,EPS,-18.17
PMPK,quarterly,Q1 2025,EPS,-9.41
PMPK,quarterly,Q3 2024,EPS,-1.84
PMPK,quarterly,Q2 2024,EPS,1.56
PMPK,annual,2024,Gross Profit Margin (%),8.71
PMPK,annual,2023,Gross Profit Margin (%),33.69
PMPK,annual,2022,Gross Profit Margin (%),44.84
PMPK,annual,2021,Gross Profit Margin (%),42.86
PMPK,annual,2024,Net Profit Margin (%),0.79
PMPK,annual,2023,Net Profit Margin (%),2.08
PMPK,annual,2022,Net Profit Margin (%),14.16
PMPK,annual,2021,Net Profit Margin (%),13.21
PMPK,annual,2024,EPS Growth (%),-32.9
PMPK,annual,2023,EPS Growth (%),-79.66
PMPK,annual,2022,EPS Growth (%),-19.03
PMPK,annual,2021,EPS Growth (%),123.51
PMPK,annual,2024,PEG,-5.24
PMPK,annual,2023,PEG,-1.13
PMPK,annual,2022,PEG,-0.98
PMPK,annual,2021,PEG,0.18
PMRS,annual,2025,Sales,1981322.0
PMRS,annual,2024,Sales,1404393.0
PMRS,annual,2023,Sales,3045962.0
PMRS,annual,2022,Sales,679216.0
PMRS,annual,2025,Profit after Taxation,-589935.0
PMRS,annual,2024,Profit after Taxation,-173111.0
PMRS,annual,2023,Profit after Taxation,72984.0
PMRS,annual,2022,Profit after Taxation,-98412.0
PMRS,annual,2025,EPS,-157.32
PMRS,annual,2024,EPS,-46.16
PMRS,annual,2023,EPS,19.46
PMRS,annual,2022,EPS,-26.24
PMRS,quarterly,Q3 2026,Sales,760722.0
PMRS,quarterly,Q2 2026,Sales,801432.0
PMRS,quarterly,Q1 2026,Sales,1429386.0
PMRS,quarterly,Q3 2025,Sales,913857.0
PMRS,quarterly,Q3 2026,Profit after Taxation,-143041.0
PMRS,quarterly,Q2 2026,Profit after Taxation,-872.0
PMRS,quarterly,Q1 2026,Profit after Taxation,-101032.0
PMRS,quarterly,Q3 2025,Profit after Taxation,-78049.0
PMRS,quarterly,Q3 2026,EPS,-38.14
PMRS,quarterly,Q2 2026,EPS,-0.23
PMRS,quarterly,Q1 2026,EPS,-26.94
PMRS,quarterly,Q3 2025,EPS,-20.81
PMRS,annual,2025,Gross Profit Margin (%),0.18
PMRS,annual,2024,Gross Profit Margin (%),-52.48
PMRS,annual,2023,Gross Profit Margin (%),11.75
PMRS,annual,2022,Gross Profit Margin (%),-2.94
PMRS,annual,2025,Net Profit Margin (%),-29.77
PMRS,annual,2024,Net Profit Margin (%),-12.33
PMRS,annual,2023,Net Profit Margin (%),2.4
PMRS,annual,2022,Net Profit Margin (%),-14.49
PMRS,annual,2025,EPS Growth (%),-240.81
PMRS,annual,2024,EPS Growth (%),-337.2
PMRS,annual,2023,EPS Growth (%),174.16
PMRS,annual,2022,EPS Growth (%),51.34
PMRS,annual,2025,PEG,0.01
PMRS,annual,2024,PEG,0.03
PMRS,annual,2023,PEG,0.17
PMRS,annual,2022,PEG,-0.41
PNGRS,annual,2013,Sales,136824.0
PNGRS,annual,2014,Profit after Taxation,-43742.0
PNGRS,annual,2013,Profit after Taxation,-112650.0
PNGRS,annual,2014,EPS,-4.03
PNGRS,annual,2013,EPS,-10.38
PNGRS,annual,2013,Gross Profit Margin (%),-60.33
PNGRS,annual,2013,Net Profit Margin (%),-82.33
PNGRS,annual,2014,EPS Growth (%),61.18
PNGRS,annual,2014,PEG,-0.01
PNSC,annual,2026,Profit after Taxation,5245974.0
PNSC,annual,2025,Profit after Taxation,6678917.0
PNSC,annual,2024,Profit after Taxation,4984407.0
PNSC,annual,2023,Profit after Taxation,4834078.0
PNSC,quarterly,Q3 2026,Profit after Taxation,-3360489.0
PNSC,quarterly,Q2 2026,Profit after Taxation,1095437.0
PNSC,quarterly,Q1 2026,Profit after Taxation,1104255.0
PNSC,quarterly,Q3 2025,Profit after Taxation,1358640.0
PNSC,annual,2026,Gross Profit Margin (%),22.39
PNSC,annual,2025,Gross Profit Margin (%),7.65
PNSC,annual,2024,Gross Profit Margin (%),24.65
PNSC,annual,2023,Gross Profit Margin (%),29.86
PNSC,annual,2026,Net Profit Margin (%),29.61
PNSC,annual,2025,Net Profit Margin (%),96.46
PNSC,annual,2024,Net Profit Margin (%),54.29
PNSC,annual,2023,Net Profit Margin (%),40.26
PNSC,annual,2026,EPS Growth (%),-21.47
PNSC,annual,2025,EPS Growth (%),34.02
PNSC,annual,2024,EPS Growth (%),-31.26
PNSC,annual,2023,EPS Growth (%),455.39
PNSC,annual,2026,PEG,-0.96
PNSC,annual,2025,PEG,0.33
PNSC,annual,2024,PEG,-0.39
PNSC,annual,2023,PEG,0.01
POL,annual,2026,Sales,63032986.0
POL,annual,2025,Sales,57116575.0
POL,annual,2024,Sales,65290432.0
POL,annual,2023,Sales,60952282.0
POL,annual,2026,Profit after Taxation,31918208.0
POL,annual,2025,Profit after Taxation,24181657.0
POL,annual,2024,Profit after Taxation,39151511.0
POL,annual,2023,Profit after Taxation,36452582.0
POL,annual,2026,EPS,112.45
POL,annual,2025,EPS,85.19
POL,annual,2024,EPS,137.93
POL,annual,2023,EPS,128.42
POL,quarterly,Q3 2026,Sales,15258804.0
POL,quarterly,Q2 2026,Sales,14572760.0
POL,quarterly,Q1 2026,Sales,13112687.0
POL,quarterly,Q3 2025,Sales,14551278.0
POL,quarterly,Q3 2026,Profit after Taxation,7796889.0
POL,quarterly,Q2 2026,Profit after Taxation,6290320.0
POL,quarterly,Q1 2026,Profit after Taxation,5428935.0
POL,quarterly,Q3 2025,Profit after Taxation,6611771.0
POL,quarterly,Q3 2026,EPS,27.46
POL,quarterly,Q2 2026,EPS,22.16
POL,quarterly,Q1 2026,EPS,19.13
POL,quarterly,Q3 2025,EPS,23.29
POL,annual,2026,Gross Profit Margin (%),67.02
POL,annual,2025,Gross Profit Margin (%),70.0
POL,annual,2024,Gross Profit Margin (%),69.53
POL,annual,2023,Gross Profit Margin (%),68.47
POL,annual,2026,Net Profit Margin (%),50.64
POL,annual,2025,Net Profit Margin (%),42.34
POL,annual,2024,Net Profit Margin (%),59.97
POL,annual,2023,Net Profit Margin (%),59.81
POL,annual,2026,EPS Growth (%),32.0
POL,annual,2025,EPS Growth (%),-38.24
POL,annual,2024,EPS Growth (%),7.41
POL,annual,2023,EPS Growth (%),40.55
POL,annual,2026,PEG,0.19
POL,annual,2025,PEG,-0.18
POL,annual,2024,PEG,0.48
POL,annual,2023,PEG,0.08
POML,annual,2025,Sales,9242025.0
POML,annual,2024,Sales,8052444.0
POML,annual,2023,Sales,9844950.0
POML,annual,2022,Sales,8837676.0
POML,annual,2025,Profit after Taxation,-69025.0
POML,annual,2024,Profit after Taxation,-37415.0
POML,annual,2023,Profit after Taxation,42998.0
POML,annual,2022,Profit after Taxation,67310.0
POML,annual,2025,EPS,-8.89
POML,annual,2024,EPS,-4.82
POML,annual,2023,EPS,5.54
POML,annual,2022,EPS,12.49
POML,quarterly,Q3 2026,Sales,2335061.0
POML,quarterly,Q2 2026,Sales,2180155.0
POML,quarterly,Q1 2026,Sales,2605137.0
POML,quarterly,Q3 2025,Sales,2752244.0
POML,quarterly,Q3 2026,Profit after Taxation,3917.0
POML,quarterly,Q2 2026,Profit after Taxation,-7921.0
POML,quarterly,Q1 2026,Profit after Taxation,23421.0
POML,quarterly,Q3 2025,Profit after Taxation,51224.0
POML,quarterly,Q3 2026,EPS,0.5
POML,quarterly,Q2 2026,EPS,-1.02
POML,quarterly,Q1 2026,EPS,3.02
POML,quarterly,Q3 2025,EPS,6.6
POML,annual,2025,Gross Profit Margin (%),9.58
POML,annual,2024,Gross Profit Margin (%),11.67
POML,annual,2023,Gross Profit Margin (%),9.36
POML,annual,2022,Gross Profit Margin (%),9.24
POML,annual,2025,Net Profit Margin (%),-0.75
POML,annual,2024,Net Profit Margin (%),-0.46
POML,annual,2023,Net Profit Margin (%),0.44
POML,annual,2022,Net Profit Margin (%),0.76
POML,annual,2025,EPS Growth (%),-84.44
POML,annual,2024,EPS Growth (%),-187.0
POML,annual,2023,EPS Growth (%),-55.64
POML,annual,2022,EPS Growth (%),496.51
POML,annual,2025,PEG,0.29
POML,annual,2024,PEG,0.12
POML,annual,2023,PEG,-0.33
POML,annual,2022,PEG,0.03
POWER,annual,2026,Sales,33978969.0
POWER,annual,2025,Sales,29520136.0
POWER,annual,2024,Sales,31077214.0
POWER,annual,2023,Sales,28939096.0
POWER,annual,2026,Profit after Taxation,3784470.0
POWER,annual,2025,Profit after Taxation,814996.0
POWER,annual,2024,Profit after Taxation,-2703284.0
POWER,annual,2023,Profit after Taxation,168993.0
POWER,annual,2026,EPS,2.86
POWER,annual,2025,EPS,0.44
POWER,annual,2024,EPS,-2.88
POWER,annual,2023,EPS,-0.19
POWER,quarterly,Q3 2026,Sales,9169036.0
POWER,quarterly,Q2 2026,Sales,8645780.0
POWER,quarterly,Q1 2026,Sales,7814354.0
POWER,quarterly,Q3 2025,Sales,7182203.0
POWER,quarterly,Q3 2026,Profit after Taxation,871045.0
POWER,quarterly,Q2 2026,Profit after Taxation,857048.0
POWER,quarterly,Q1 2026,Profit after Taxation,804359.0
POWER,quarterly,Q3 2025,Profit after Taxation,315558.0
POWER,quarterly,Q3 2026,EPS,0.66
POWER,quarterly,Q2 2026,EPS,0.65
POWER,quarterly,Q1 2026,EPS,0.6
POWER,quarterly,Q3 2025,EPS,0.22
POWER,annual,2026,Gross Profit Margin (%),35.57
POWER,annual,2025,Gross Profit Margin (%),28.45
POWER,annual,2024,Gross Profit Margin (%),21.85
POWER,annual,2023,Gross Profit Margin (%),23.73
POWER,annual,2026,Net Profit Margin (%),11.14
POWER,annual,2025,Net Profit Margin (%),2.76
POWER,annual,2024,Net Profit Margin (%),-8.7
POWER,annual,2023,Net Profit Margin (%),0.58
POWER,annual,2026,EPS Growth (%),550.0
POWER,annual,2025,EPS Growth (%),115.28
POWER,annual,2024,EPS Growth (%),-1415.79
POWER,annual,2023,EPS Growth (%),69.35
POWER,annual,2026,PEG,0.01
POWER,annual,2025,PEG,0.27
POWER,annual,2024,PEG,0.0
POWER,annual,2023,PEG,-0.31
PPL,annual,2026,Sales,264014554.0
PPL,annual,2025,Sales,242516363.0
PPL,annual,2024,Sales,288797413.0
PPL,annual,2023,Sales,286480252.0
PPL,annual,2026,Profit after Taxation,98533298.0
PPL,annual,2025,Profit after Taxation,92027450.0
PPL,annual,2024,Profit after Taxation,114309077.0
PPL,annual,2023,Profit after Taxation,97937106.0
PPL,annual,2026,EPS,36.21
PPL,annual,2025,EPS,33.82
PPL,annual,2024,EPS,42.01
PPL,annual,2023,EPS,35.99
PPL,quarterly,Q3 2026,Sales,61034432.0
PPL,quarterly,Q2 2026,Sales,61189733.0
PPL,quarterly,Q1 2026,Sales,56812356.0
PPL,quarterly,Q3 2025,Sales,63824951.0
PPL,quarterly,Q3 2026,Profit after Taxation,20769580.0
PPL,quarterly,Q2 2026,Profit after Taxation,20299146.0
PPL,quarterly,Q1 2026,Profit after Taxation,20087951.0
PPL,quarterly,Q3 2025,Profit after Taxation,21795150.0
PPL,quarterly,Q3 2026,EPS,7.63
PPL,quarterly,Q2 2026,EPS,7.46
PPL,quarterly,Q1 2026,EPS,7.38
PPL,quarterly,Q3 2025,EPS,8.01
PPL,annual,2026,Gross Profit Margin (%),60.61
PPL,annual,2025,Gross Profit Margin (%),62.59
PPL,annual,2024,Gross Profit Margin (%),65.58
PPL,annual,2023,Gross Profit Margin (%),66.86
PPL,annual,2026,Net Profit Margin (%),37.32
PPL,annual,2025,Net Profit Margin (%),37.95
PPL,annual,2024,Net Profit Margin (%),39.58
PPL,annual,2023,Net Profit Margin (%),34.19
PPL,annual,2026,EPS Growth (%),7.07
PPL,annual,2025,EPS Growth (%),-19.5
PPL,annual,2024,EPS Growth (%),16.73
PPL,annual,2023,EPS Growth (%),82.88
PPL,annual,2026,PEG,0.95
PPL,annual,2025,PEG,-0.26
PPL,annual,2024,PEG,0.17
PPL,annual,2023,PEG,0.02
PPP,annual,2026,Sales,1913733.0
PPP,annual,2025,Sales,1733597.0
PPP,annual,2024,Sales,1927281.0
PPP,annual,2023,Sales,1745901.0
PPP,annual,2026,Profit after Taxation,165862.0
PPP,annual,2025,Profit after Taxation,122422.0
PPP,annual,2024,Profit after Taxation,155911.0
PPP,annual,2023,Profit after Taxation,89032.0
PPP,annual,2026,EPS,20.73
PPP,annual,2025,EPS,15.3
PPP,annual,2024,EPS,19.49
PPP,annual,2023,EPS,11.13
PPP,quarterly,Q3 2026,Sales,576758.0
PPP,quarterly,Q2 2026,Sales,333209.0
PPP,quarterly,Q1 2026,Sales,439138.0
PPP,quarterly,Q3 2025,Sales,535557.0
PPP,quarterly,Q3 2026,Profit after Taxation,52555.0
PPP,quarterly,Q2 2026,Profit after Taxation,24316.0
PPP,quarterly,Q1 2026,Profit after Taxation,30169.0
PPP,quarterly,Q3 2025,Profit after Taxation,58176.0
PPP,quarterly,Q3 2026,EPS,6.57
PPP,quarterly,Q2 2026,EPS,3.04
PPP,quarterly,Q1 2026,EPS,3.77
PPP,quarterly,Q3 2025,EPS,7.27
PPP,annual,2026,Gross Profit Margin (%),19.59
PPP,annual,2025,Gross Profit Margin (%),17.25
PPP,annual,2024,Gross Profit Margin (%),20.3
PPP,annual,2023,Gross Profit Margin (%),16.69
PPP,annual,2026,Net Profit Margin (%),8.67
PPP,annual,2025,Net Profit Margin (%),7.06
PPP,annual,2024,Net Profit Margin (%),8.09
PPP,annual,2023,Net Profit Margin (%),5.1
PPP,annual,2026,EPS Growth (%),35.49
PPP,annual,2025,EPS Growth (%),-21.5
PPP,annual,2024,EPS Growth (%),75.11
PPP,annual,2023,EPS Growth (%),44.17
PPP,annual,2026,PEG,0.18
PPP,annual,2025,PEG,-0.51
PPP,annual,2024,PEG,0.05
PPP,annual,2023,PEG,0.08
PPVC,annual,2026,Sales,3499.0
PPVC,annual,2025,Sales,6735.0
PPVC,annual,2024,Sales,8768.0
PPVC,annual,2023,Sales,11251.0
PPVC,annual,2026,Profit after Taxation,-12586.0
PPVC,annual,2025,Profit after Taxation,-7178.0
PPVC,annual,2024,Profit after Taxation,-4823.0
PPVC,annual,2023,Profit after Taxation,88714.0
PPVC,annual,2026,EPS,-0.84
PPVC,annual,2025,EPS,-0.48
PPVC,annual,2024,EPS,-0.32
PPVC,annual,2023,EPS,5.93
PPVC,quarterly,Q3 2026,Sales,721.0
PPVC,quarterly,Q2 2026,Sales,987.0
PPVC,quarterly,Q1 2026,Sales,1043.0
PPVC,quarterly,Q3 2025,Sales,439.0
PPVC,quarterly,Q3 2026,Profit after Taxation,-4554.0
PPVC,quarterly,Q2 2026,Profit after Taxation,157.0
PPVC,quarterly,Q1 2026,Profit after Taxation,-1699.0
PPVC,quarterly,Q3 2025,Profit after Taxation,-867.0
PPVC,quarterly,Q3 2026,EPS,-0.3
PPVC,quarterly,Q2 2026,EPS,0.01
PPVC,quarterly,Q1 2026,EPS,-0.11
PPVC,quarterly,Q3 2025,EPS,-0.06
PPVC,annual,2026,Gross Profit Margin (%),-793.36
PPVC,annual,2025,Gross Profit Margin (%),-404.34
PPVC,annual,2024,Gross Profit Margin (%),-275.23
PPVC,annual,2023,Gross Profit Margin (%),-175.19
PPVC,annual,2026,Net Profit Margin (%),-359.71
PPVC,annual,2025,Net Profit Margin (%),-106.58
PPVC,annual,2024,Net Profit Margin (%),-55.01
PPVC,annual,2023,Net Profit Margin (%),788.5
PPVC,annual,2026,EPS Growth (%),-75.0
PPVC,annual,2025,EPS Growth (%),-50.0
PPVC,annual,2024,EPS Growth (%),-105.4
PPVC,annual,2023,EPS Growth (%),959.42
PPVC,annual,2026,PEG,0.5
PPVC,annual,2025,PEG,0.42
PPVC,annual,2024,PEG,0.22
PPVC,annual,2023,PEG,0.0
PQGTL,annual,2025,Profit after Taxation,118165.0
PQGTL,annual,2025,EPS,1.83
PQGTL,quarterly,Q2 2026,Profit after Taxation,42916.0
PQGTL,quarterly,Q1 2026,Profit after Taxation,26897.0
PQGTL,quarterly,Q2 2025,Profit after Taxation,31086.0
PQGTL,quarterly,Q1 2025,Profit after Taxation,22670.0
PQGTL,quarterly,Q2 2026,EPS,0.46
PQGTL,quarterly,Q1 2026,EPS,0.3
PQGTL,quarterly,Q2 2025,EPS,0.51
PQGTL,quarterly,Q1 2025,EPS,0.45
PQGTL,annual,2025,EPS Growth (%),-1.61
PQGTL,annual,2025,PEG,-3.7
PREMA,annual,2026,Sales,6900134.0
PREMA,annual,2025,Sales,5654601.0
PREMA,annual,2024,Sales,5845443.0
PREMA,annual,2023,Sales,4899692.0
PREMA,annual,2026,Profit after Taxation,821419.0
PREMA,annual,2025,Profit after Taxation,528149.0
PREMA,annual,2024,Profit after Taxation,353233.0
PREMA,annual,2023,Profit after Taxation,1247782.0
PREMA,annual,2026,EPS,3.76
PREMA,annual,2025,EPS,2.42
PREMA,annual,2024,EPS,1.62
PREMA,annual,2023,EPS,5.71
PREMA,quarterly,Q3 2026,Sales,1812281.0
PREMA,quarterly,Q2 2026,Sales,1688618.0
PREMA,quarterly,Q1 2026,Sales,1552523.0
PREMA,quarterly,Q3 2025,Sales,1524117.0
PREMA,quarterly,Q3 2026,Profit after Taxation,167272.0
PREMA,quarterly,Q2 2026,Profit after Taxation,199321.0
PREMA,quarterly,Q1 2026,Profit after Taxation,42867.0
PREMA,quarterly,Q3 2025,Profit after Taxation,197022.0
PREMA,quarterly,Q3 2026,EPS,0.77
PREMA,quarterly,Q2 2026,EPS,0.91
PREMA,quarterly,Q1 2026,EPS,0.2
PREMA,quarterly,Q3 2025,EPS,0.9
PREMA,annual,2026,Gross Profit Margin (%),40.62
PREMA,annual,2025,Gross Profit Margin (%),44.53
PREMA,annual,2024,Gross Profit Margin (%),41.18
PREMA,annual,2023,Gross Profit Margin (%),58.2
PREMA,annual,2026,Net Profit Margin (%),11.9
PREMA,annual,2025,Net Profit Margin (%),9.34
PREMA,annual,2024,Net Profit Margin (%),6.04
PREMA,annual,2023,Net Profit Margin (%),25.47
PREMA,annual,2026,EPS Growth (%),55.37
PREMA,annual,2025,EPS Growth (%),49.38
PREMA,annual,2024,EPS Growth (%),-71.63
PREMA,annual,2023,EPS Growth (%),44.92
PREMA,annual,2026,PEG,0.17
PREMA,annual,2025,PEG,0.34
PREMA,annual,2024,PEG,-0.14
PREMA,annual,2023,PEG,0.06
PRET,annual,2026,Sales,24852912.0
PRET,annual,2025,Sales,29012414.0
PRET,annual,2024,Sales,27075691.0
PRET,annual,2023,Sales,22828703.0
PRET,annual,2026,Profit after Taxation,856838.0
PRET,annual,2025,Profit after Taxation,55652.0
PRET,annual,2024,Profit after Taxation,-452130.0
PRET,annual,2023,Profit after Taxation,1042643.0
PRET,annual,2026,EPS,139.03
PRET,annual,2025,EPS,9.03
PRET,annual,2024,EPS,-73.36
PRET,annual,2023,EPS,169.18
PRET,quarterly,Q3 2026,Sales,6348126.0
PRET,quarterly,Q2 2026,Sales,5483881.0
PRET,quarterly,Q1 2026,Sales,5867918.0
PRET,quarterly,Q3 2025,Sales,7145176.0
PRET,quarterly,Q3 2026,Profit after Taxation,205231.0
PRET,quarterly,Q2 2026,Profit after Taxation,32898.0
PRET,quarterly,Q1 2026,Profit after Taxation,65006.0
PRET,quarterly,Q3 2025,Profit after Taxation,1216.0
PRET,quarterly,Q3 2026,EPS,33.3
PRET,quarterly,Q2 2026,EPS,5.34
PRET,quarterly,Q1 2026,EPS,10.55
PRET,quarterly,Q3 2025,EPS,0.2
PRET,annual,2026,Gross Profit Margin (%),16.76
PRET,annual,2025,Gross Profit Margin (%),13.38
PRET,annual,2024,Gross Profit Margin (%),14.12
PRET,annual,2023,Gross Profit Margin (%),17.26
PRET,annual,2026,Net Profit Margin (%),3.45
PRET,annual,2025,Net Profit Margin (%),0.19
PRET,annual,2024,Net Profit Margin (%),-1.67
PRET,annual,2023,Net Profit Margin (%),4.57
PRET,annual,2026,EPS Growth (%),1439.65
PRET,annual,2025,EPS Growth (%),112.31
PRET,annual,2024,EPS Growth (%),-143.36
PRET,annual,2023,EPS Growth (%),-75.81
PRET,annual,2026,PEG,0.0
PRET,annual,2025,PEG,0.45
PRET,annual,2024,PEG,0.03
PRET,annual,2023,PEG,-0.04
PRIC,annual,2024,Profit after Taxation,-12333.0
PRIC,annual,2023,Profit after Taxation,-8745.0
PRIC,annual,2022,Profit after Taxation,-10039.0
PRIC,annual,2021,Profit after Taxation,-9487.0
PRIC,annual,2024,EPS,-0.76
PRIC,annual,2023,EPS,-0.53
PRIC,annual,2022,EPS,-0.65
PRIC,annual,2021,EPS,-0.59
PRIC,quarterly,Q2 2023,Profit after Taxation,-3346.0
PRIC,quarterly,Q1 2023,Profit after Taxation,-2481.0
PRIC,quarterly,Q3 2022,Profit after Taxation,-2228.0
PRIC,quarterly,Q2 2022,Profit after Taxation,-2045.0
PRIC,quarterly,Q2 2023,EPS,-0.2
PRIC,quarterly,Q1 2023,EPS,-0.15
PRIC,quarterly,Q3 2022,EPS,-0.15
PRIC,quarterly,Q2 2022,EPS,-0.13
PRIC,annual,2023,EPS Growth (%),-43.4
PRIC,annual,2022,EPS Growth (%),18.46
PRIC,annual,2021,EPS Growth (%),-10.17
PRIC,annual,2020,EPS Growth (%),-436.36
PRIC,annual,2023,PEG,0.03
PRIC,annual,2022,PEG,-0.12
PRIC,annual,2021,PEG,0.17
PRIC,annual,2020,PEG,0.0
PRL,annual,2026,Sales,350838916.0
PRL,annual,2025,Sales,310351355.0
PRL,annual,2024,Sales,305539679.0
PRL,annual,2023,Sales,261860404.0
PRL,annual,2026,Profit after Taxation,15779957.0
PRL,annual,2025,Profit after Taxation,-4659666.0
PRL,annual,2024,Profit after Taxation,4061635.0
PRL,annual,2023,Profit after Taxation,1824967.0
PRL,annual,2026,EPS,25.05
PRL,annual,2025,EPS,-7.4
PRL,annual,2024,EPS,6.45
PRL,annual,2023,EPS,2.9
PRL,quarterly,Q3 2026,Sales,97391394.0
PRL,quarterly,Q2 2026,Sales,75340198.0
PRL,quarterly,Q1 2026,Sales,61664640.0
PRL,quarterly,Q3 2025,Sales,67081081.0
PRL,quarterly,Q3 2026,Profit after Taxation,9942503.0
PRL,quarterly,Q2 2026,Profit after Taxation,1121058.0
PRL,quarterly,Q1 2026,Profit after Taxation,1016293.0
PRL,quarterly,Q3 2025,Profit after Taxation,-2579370.0
PRL,quarterly,Q3 2026,EPS,15.78
PRL,quarterly,Q2 2026,EPS,1.78
PRL,quarterly,Q1 2026,EPS,1.61
PRL,quarterly,Q3 2025,EPS,-4.09
PRL,annual,2026,Gross Profit Margin (%),9.23
PRL,annual,2025,Gross Profit Margin (%),0.6
PRL,annual,2024,Gross Profit Margin (%),4.94
PRL,annual,2023,Gross Profit Margin (%),2.79
PRL,annual,2026,Net Profit Margin (%),4.5
PRL,annual,2025,Net Profit Margin (%),-1.5
PRL,annual,2024,Net Profit Margin (%),1.33
PRL,annual,2023,Net Profit Margin (%),0.7
PRL,annual,2026,EPS Growth (%),438.51
PRL,annual,2025,EPS Growth (%),-214.73
PRL,annual,2024,EPS Growth (%),122.41
PRL,annual,2023,EPS Growth (%),-85.47
PRL,annual,2026,PEG,0.0
PRL,annual,2025,PEG,0.02
PRL,annual,2024,PEG,0.03
PRL,annual,2023,PEG,-0.05
PRWM,annual,2026,Profit after Taxation,261666.0
PRWM,annual,2025,Profit after Taxation,91123.0
PRWM,annual,2024,Profit after Taxation,86655.0
PRWM,annual,2023,Profit after Taxation,153129.0
PRWM,annual,2026,EPS,14.16
PRWM,annual,2025,EPS,4.93
PRWM,annual,2024,EPS,4.69
PRWM,annual,2023,EPS,8.29
PRWM,quarterly,Q3 2026,Profit after Taxation,72705.0
PRWM,quarterly,Q2 2026,Profit after Taxation,73624.0
PRWM,quarterly,Q1 2026,Profit after Taxation,46183.0
PRWM,quarterly,Q3 2025,Profit after Taxation,53857.0
PRWM,quarterly,Q3 2026,EPS,3.94
PRWM,quarterly,Q2 2026,EPS,3.98
PRWM,quarterly,Q1 2026,EPS,2.5
PRWM,quarterly,Q3 2025,EPS,2.91
PRWM,annual,2026,Gross Profit Margin (%),7.47
PRWM,annual,2025,Gross Profit Margin (%),6.52
PRWM,annual,2024,Gross Profit Margin (%),6.31
PRWM,annual,2023,Gross Profit Margin (%),7.46
PRWM,annual,2026,Net Profit Margin (%),1.49
PRWM,annual,2025,Net Profit Margin (%),0.5
PRWM,annual,2024,Net Profit Margin (%),0.46
PRWM,annual,2023,Net Profit Margin (%),1.04
PRWM,annual,2026,EPS Growth (%),187.22
PRWM,annual,2025,EPS Growth (%),5.12
PRWM,annual,2024,EPS Growth (%),-43.43
PRWM,annual,2023,EPS Growth (%),-56.21
PRWM,annual,2026,PEG,0.03
PRWM,annual,2025,PEG,1.9
PRWM,annual,2024,PEG,-0.14
PRWM,annual,2023,PEG,-0.06
PSEL,annual,2024,Sales,15044702.0
PSEL,annual,2023,Sales,13262037.0
PSEL,annual,2022,Sales,11988488.0
PSEL,annual,2021,Sales,6940821.0
PSEL,annual,2024,Profit after Taxation,425464.0
PSEL,annual,2023,Profit after Taxation,-218276.0
PSEL,annual,2022,Profit after Taxation,609159.0
PSEL,annual,2021,Profit after Taxation,-395892.0
PSEL,annual,2024,EPS,13.08
PSEL,annual,2023,EPS,-6.71
PSEL,annual,2022,EPS,18.73
PSEL,annual,2021,EPS,-12.17
PSEL,quarterly,Q3 2025,Sales,4211462.0
PSEL,quarterly,Q2 2025,Sales,4627271.0
PSEL,quarterly,Q1 2025,Sales,4106023.0
PSEL,quarterly,Q3 2024,Sales,3651643.0
PSEL,quarterly,Q3 2025,Profit after Taxation,492500.0
PSEL,quarterly,Q2 2025,Profit after Taxation,459022.0
PSEL,quarterly,Q1 2025,Profit after Taxation,40379.0
PSEL,quarterly,Q3 2024,Profit after Taxation,114836.0
PSEL,quarterly,Q3 2025,EPS,15.14
PSEL,quarterly,Q2 2025,EPS,14.11
PSEL,quarterly,Q1 2025,EPS,1.24
PSEL,quarterly,Q3 2024,EPS,3.53
PSEL,annual,2024,Gross Profit Margin (%),39.37
PSEL,annual,2023,Gross Profit Margin (%),37.9
PSEL,annual,2022,Gross Profit Margin (%),41.39
PSEL,annual,2021,Gross Profit Margin (%),31.64
PSEL,annual,2024,Net Profit Margin (%),2.83
PSEL,annual,2023,Net Profit Margin (%),-1.65
PSEL,annual,2022,Net Profit Margin (%),5.08
PSEL,annual,2021,Net Profit Margin (%),-5.7
PSEL,annual,2024,EPS Growth (%),294.93
PSEL,annual,2023,EPS Growth (%),-135.82
PSEL,annual,2022,EPS Growth (%),253.9
PSEL,annual,2021,EPS Growth (%),77.3
PSEL,annual,2024,PEG,0.22
PSEL,annual,2023,PEG,0.85
PSEL,annual,2022,PEG,0.32
PSEL,annual,2021,PEG,-0.96
PSMC,annual,2023,Sales,102109380.0
PSMC,annual,2022,Sales,202466737.0
PSMC,annual,2021,Sales,160082255.0
PSMC,annual,2020,Sales,76720132.0
PSMC,annual,2023,Profit after Taxation,-10069691.0
PSMC,annual,2022,Profit after Taxation,-6336922.0
PSMC,annual,2021,Profit after Taxation,2679476.0
PSMC,annual,2020,Profit after Taxation,-1291781.0
PSMC,annual,2023,EPS,-122.35
PSMC,annual,2022,EPS,-77.0
PSMC,annual,2021,EPS,32.56
PSMC,annual,2020,EPS,-19.31
PSMC,quarterly,Q3 2023,Sales,29915852.0
PSMC,quarterly,Q2 2023,Sales,21342998.0
PSMC,quarterly,Q1 2023,Sales,21839384.0
PSMC,quarterly,Q3 2022,Sales,29800472.0
PSMC,quarterly,Q3 2023,Profit after Taxation,3805375.0
PSMC,quarterly,Q2 2023,Profit after Taxation,3238944.0
PSMC,quarterly,Q1 2023,Profit after Taxation,-12915766.0
PSMC,quarterly,Q3 2022,Profit after Taxation,-2489207.0
PSMC,quarterly,Q3 2023,EPS,46.24
PSMC,quarterly,Q2 2023,EPS,39.36
PSMC,quarterly,Q1 2023,EPS,-156.94
PSMC,quarterly,Q3 2022,EPS,-30.25
PSMC,annual,2023,Gross Profit Margin (%),16.92
PSMC,annual,2022,Gross Profit Margin (%),5.77
PSMC,annual,2021,Gross Profit Margin (%),5.1
PSMC,annual,2020,Gross Profit Margin (%),4.69
PSMC,annual,2023,Net Profit Margin (%),-9.86
PSMC,annual,2022,Net Profit Margin (%),-3.13
PSMC,annual,2021,Net Profit Margin (%),1.67
PSMC,annual,2020,Net Profit Margin (%),-1.68
PSMC,annual,2023,EPS Growth (%),-58.9
PSMC,annual,2022,EPS Growth (%),-336.49
PSMC,annual,2021,EPS Growth (%),268.62
PSMC,annual,2020,EPS Growth (%),45.59
PSMC,annual,2023,PEG,0.08
PSMC,annual,2022,PEG,0.01
PSMC,annual,2021,PEG,0.03
PSMC,annual,2020,PEG,-0.27
PSO,annual,2026,Sales,3050025916.0
PSO,annual,2025,Sales,3149389439.0
PSO,annual,2024,Sales,3571750306.0
PSO,annual,2023,Sales,3391111978.0
PSO,annual,2026,Profit after Taxation,15067770.0
PSO,annual,2025,Profit after Taxation,20911446.0
PSO,annual,2024,Profit after Taxation,15862552.0
PSO,annual,2023,Profit after Taxation,5662145.0
PSO,annual,2026,EPS,32.1
PSO,annual,2025,EPS,44.54
PSO,annual,2024,EPS,33.79
PSO,annual,2023,EPS,12.06
PSO,quarterly,Q3 2026,Sales,742456506.0
PSO,quarterly,Q2 2026,Sales,761413240.0
PSO,quarterly,Q1 2026,Sales,737185978.0
PSO,quarterly,Q3 2025,Sales,711250955.0
PSO,quarterly,Q3 2026,Profit after Taxation,25994557.0
PSO,quarterly,Q2 2026,Profit after Taxation,2733708.0
PSO,quarterly,Q1 2026,Profit after Taxation,9389924.0
PSO,quarterly,Q3 2025,Profit after Taxation,4090075.0
PSO,quarterly,Q3 2026,EPS,55.37
PSO,quarterly,Q2 2026,EPS,5.82
PSO,quarterly,Q1 2026,EPS,20.0
PSO,quarterly,Q3 2025,EPS,8.71
PSO,annual,2026,Gross Profit Margin (%),3.28
PSO,annual,2025,Gross Profit Margin (%),3.07
PSO,annual,2024,Gross Profit Margin (%),2.71
PSO,annual,2023,Gross Profit Margin (%),2.21
PSO,annual,2026,Net Profit Margin (%),0.49
PSO,annual,2025,Net Profit Margin (%),0.66
PSO,annual,2024,Net Profit Margin (%),0.44
PSO,annual,2023,Net Profit Margin (%),0.17
PSO,annual,2026,EPS Growth (%),-27.93
PSO,annual,2025,EPS Growth (%),31.81
PSO,annual,2024,EPS Growth (%),180.18
PSO,annual,2023,EPS Growth (%),-93.43
PSO,annual,2026,PEG,-0.38
PSO,annual,2025,PEG,0.27
PSO,annual,2024,PEG,0.03
PSO,annual,2023,PEG,-0.1
PSX,annual,2026,Total Income,2943244.0
PSX,annual,2025,Total Income,2581245.0
PSX,annual,2024,Total Income,2169842.0
PSX,annual,2023,Total Income,1363508.0
PSX,annual,2026,Profit after Taxation,2241275.0
PSX,annual,2025,Profit after Taxation,1634078.0
PSX,annual,2024,Profit after Taxation,1027803.0
PSX,annual,2023,Profit after Taxation,219789.0
PSX,annual,2026,EPS,2.8
PSX,annual,2025,EPS,2.04
PSX,annual,2024,EPS,1.28
PSX,annual,2023,EPS,0.27
PSX,quarterly,Q3 2026,Total Income,713815.0
PSX,quarterly,Q2 2026,Total Income,809258.0
PSX,quarterly,Q1 2026,Total Income,739829.0
PSX,quarterly,Q3 2025,Total Income,611929.0
PSX,quarterly,Q3 2026,Profit after Taxation,485588.0
PSX,quarterly,Q2 2026,Profit after Taxation,440356.0
PSX,quarterly,Q1 2026,Profit after Taxation,659402.0
PSX,quarterly,Q3 2025,Profit after Taxation,374112.0
PSX,quarterly,Q3 2026,EPS,0.61
PSX,quarterly,Q2 2026,EPS,0.55
PSX,quarterly,Q1 2026,EPS,0.82
PSX,quarterly,Q3 2025,EPS,0.47
PSX,annual,2026,Net Profit Margin (%),76.15
PSX,annual,2025,Net Profit Margin (%),63.31
PSX,annual,2024,Net Profit Margin (%),47.37
PSX,annual,2023,Net Profit Margin (%),16.12
PSX,annual,2026,EPS Growth (%),37.25
PSX,annual,2025,EPS Growth (%),59.38
PSX,annual,2024,EPS Growth (%),374.07
PSX,annual,2023,EPS Growth (%),-46.0
PSX,annual,2026,PEG,0.52
PSX,annual,2025,PEG,0.23
PSX,annual,2024,PEG,0.03
PSX,annual,2023,PEG,-0.6
PSYL,annual,2026,Sales,15666242.0
PSYL,annual,2025,Sales,16872295.0
PSYL,annual,2024,Sales,13799512.0
PSYL,annual,2023,Sales,14425230.0
PSYL,annual,2026,Profit after Taxation,811448.0
PSYL,annual,2025,Profit after Taxation,367452.0
PSYL,annual,2024,Profit after Taxation,347765.0
PSYL,annual,2023,Profit after Taxation,797680.0
PSYL,annual,2026,EPS,5.85
PSYL,annual,2025,EPS,2.65
PSYL,annual,2024,EPS,2.51
PSYL,annual,2023,EPS,5.75
PSYL,quarterly,Q3 2026,Sales,4664025.0
PSYL,quarterly,Q2 2026,Sales,3243371.0
PSYL,quarterly,Q1 2026,Sales,2744734.0
PSYL,quarterly,Q3 2025,Sales,5648329.0
PSYL,quarterly,Q3 2026,Profit after Taxation,176654.0
PSYL,quarterly,Q2 2026,Profit after Taxation,88981.0
PSYL,quarterly,Q1 2026,Profit after Taxation,129828.0
PSYL,quarterly,Q3 2025,Profit after Taxation,124801.0
PSYL,quarterly,Q3 2026,EPS,1.27
PSYL,quarterly,Q2 2026,EPS,0.64
PSYL,quarterly,Q1 2026,EPS,0.94
PSYL,quarterly,Q3 2025,EPS,0.9
PSYL,annual,2026,Gross Profit Margin (%),13.0
PSYL,annual,2025,Gross Profit Margin (%),11.71
PSYL,annual,2024,Gross Profit Margin (%),15.03
PSYL,annual,2023,Gross Profit Margin (%),17.87
PSYL,annual,2026,Net Profit Margin (%),5.18
PSYL,annual,2025,Net Profit Margin (%),2.18
PSYL,annual,2024,Net Profit Margin (%),2.52
PSYL,annual,2023,Net Profit Margin (%),5.53
PSYL,annual,2026,EPS Growth (%),120.75
PSYL,annual,2025,EPS Growth (%),5.58
PSYL,annual,2024,EPS Growth (%),-56.35
PSYL,annual,2023,EPS Growth (%),-19.13
PSYL,annual,2026,PEG,0.2
PSYL,annual,2025,PEG,3.97
PSYL,annual,2024,PEG,-0.15
PSYL,annual,2023,PEG,-0.26
PTC,annual,2025,Sales,120112631.0
PTC,annual,2024,Sales,107766309.0
PTC,annual,2023,Sales,96266714.0
PTC,annual,2022,Sales,83443998.0
PTC,annual,2025,Profit after Taxation,1382254.0
PTC,annual,2024,Profit after Taxation,4825843.0
PTC,annual,2023,Profit after Taxation,9390543.0
PTC,annual,2022,Profit after Taxation,9053384.0
PTC,annual,2025,EPS,0.27
PTC,annual,2024,EPS,0.95
PTC,annual,2023,EPS,1.84
PTC,annual,2022,EPS,1.78
PTC,quarterly,Q2 2026,Sales,32236200.0
PTC,quarterly,Q1 2026,Sales,31515434.0
PTC,quarterly,Q3 2025,Sales,30684341.0
PTC,quarterly,Q2 2025,Sales,29310884.0
PTC,quarterly,Q2 2026,Profit after Taxation,2727779.0
PTC,quarterly,Q1 2026,Profit after Taxation,902854.0
PTC,quarterly,Q3 2025,Profit after Taxation,2047574.0
PTC,quarterly,Q2 2025,Profit after Taxation,-4440981.0
PTC,quarterly,Q2 2026,EPS,0.53
PTC,quarterly,Q1 2026,EPS,0.18
PTC,quarterly,Q3 2025,EPS,0.4
PTC,quarterly,Q2 2025,EPS,-0.87
PTC,annual,2025,Gross Profit Margin (%),29.87
PTC,annual,2024,Gross Profit Margin (%),26.24
PTC,annual,2023,Gross Profit Margin (%),20.95
PTC,annual,2022,Gross Profit Margin (%),21.85
PTC,annual,2025,Net Profit Margin (%),1.15
PTC,annual,2024,Net Profit Margin (%),4.48
PTC,annual,2023,Net Profit Margin (%),9.75
PTC,annual,2022,Net Profit Margin (%),10.85
PTC,annual,2025,EPS Growth (%),-71.58
PTC,annual,2024,EPS Growth (%),-48.37
PTC,annual,2023,EPS Growth (%),3.37
PTC,annual,2022,EPS Growth (%),31.85
PTC,annual,2025,PEG,-3.08
PTC,annual,2024,PEG,-0.59
PTC,annual,2023,PEG,1.97
PTC,annual,2022,PEG,0.11
PTL,annual,2026,Sales,36339676.0
PTL,annual,2025,Sales,32566879.0
PTL,annual,2024,Sales,29535354.0
PTL,annual,2023,Sales,21441050.0
PTL,annual,2026,Profit after Taxation,1313265.0
PTL,annual,2025,Profit after Taxation,431632.0
PTL,annual,2024,Profit after Taxation,465785.0
PTL,annual,2023,Profit after Taxation,432794.0
PTL,annual,2026,EPS,7.82
PTL,annual,2025,EPS,2.57
PTL,annual,2024,EPS,2.77
PTL,annual,2023,EPS,2.58
PTL,quarterly,Q3 2026,Sales,8435722.0
PTL,quarterly,Q2 2026,Sales,8190068.0
PTL,quarterly,Q1 2026,Sales,8918008.0
PTL,quarterly,Q3 2025,Sales,7598052.0
PTL,quarterly,Q3 2026,Profit after Taxation,311295.0
PTL,quarterly,Q2 2026,Profit after Taxation,371607.0
PTL,quarterly,Q1 2026,Profit after Taxation,285902.0
PTL,quarterly,Q3 2025,Profit after Taxation,127063.0
PTL,quarterly,Q3 2026,EPS,1.85
PTL,quarterly,Q2 2026,EPS,2.21
PTL,quarterly,Q1 2026,EPS,1.68
PTL,quarterly,Q3 2025,EPS,0.82
PTL,annual,2026,Gross Profit Margin (%),15.6
PTL,annual,2025,Gross Profit Margin (%),13.09
PTL,annual,2024,Gross Profit Margin (%),14.61
PTL,annual,2023,Gross Profit Margin (%),14.5
PTL,annual,2026,Net Profit Margin (%),3.61
PTL,annual,2025,Net Profit Margin (%),1.33
PTL,annual,2024,Net Profit Margin (%),1.58
PTL,annual,2023,Net Profit Margin (%),2.02
PTL,annual,2026,EPS Growth (%),204.28
PTL,annual,2025,EPS Growth (%),-7.22
PTL,annual,2024,EPS Growth (%),7.36
PTL,annual,2023,EPS Growth (%),3.2
PTL,annual,2026,PEG,0.04
PTL,annual,2025,PEG,-2.25
PTL,annual,2024,PEG,1.86
PTL,annual,2023,PEG,2.44
QTECH,annual,2026,Sales,84958.0
QTECH,annual,2026,Profit after Taxation,-36128.0
QTECH,annual,2025,Profit after Taxation,-117727.0
QTECH,annual,2024,Profit after Taxation,-121746.0
QTECH,annual,2023,Profit after Taxation,-30803.0
QTECH,annual,2026,EPS,-0.3
QTECH,annual,2025,EPS,-0.97
QTECH,annual,2024,EPS,-1.0
QTECH,annual,2023,EPS,-0.25
QTECH,quarterly,Q3 2026,Sales,43452.0
QTECH,quarterly,Q3 2026,Profit after Taxation,14143.0
QTECH,quarterly,Q2 2026,Profit after Taxation,-151269.0
QTECH,quarterly,Q1 2026,Profit after Taxation,-28147.0
QTECH,quarterly,Q3 2025,Profit after Taxation,-28200.0
QTECH,quarterly,Q3 2026,EPS,0.12
QTECH,quarterly,Q2 2026,EPS,-1.24
QTECH,quarterly,Q1 2026,EPS,-0.23
QTECH,quarterly,Q3 2025,EPS,-0.23
QTECH,annual,2026,Gross Profit Margin (%),87.19
QTECH,annual,2026,Net Profit Margin (%),-42.52
QTECH,annual,2026,EPS Growth (%),69.07
QTECH,annual,2025,EPS Growth (%),3.0
QTECH,annual,2024,EPS Growth (%),-300.0
QTECH,annual,2023,EPS Growth (%),30.56
QTECH,annual,2026,PEG,-2.07
QTECH,annual,2025,PEG,-14.39
QTECH,annual,2024,PEG,0.08
QTECH,annual,2023,PEG,-0.17
QUET,annual,2025,Sales,1064980.0
QUET,annual,2024,Sales,888780.0
QUET,annual,2023,Sales,3392968.0
QUET,annual,2022,Sales,5027979.0
QUET,annual,2025,Profit after Taxation,-1636747.0
QUET,annual,2024,Profit after Taxation,-703851.0
QUET,annual,2023,Profit after Taxation,-985068.0
QUET,annual,2022,Profit after Taxation,33443.0
QUET,annual,2025,EPS,-125.9
QUET,annual,2024,EPS,-54.14
QUET,annual,2023,EPS,-75.77
QUET,annual,2022,EPS,2.57
QUET,quarterly,Q3 2026,Sales,471026.0
QUET,quarterly,Q2 2026,Sales,310545.0
QUET,quarterly,Q1 2026,Sales,255859.0
QUET,quarterly,Q3 2025,Sales,218140.0
QUET,quarterly,Q3 2026,Profit after Taxation,-331721.0
QUET,quarterly,Q2 2026,Profit after Taxation,-384211.0
QUET,quarterly,Q1 2026,Profit after Taxation,-194599.0
QUET,quarterly,Q3 2025,Profit after Taxation,-166355.0
QUET,quarterly,Q3 2026,EPS,-25.52
QUET,quarterly,Q2 2026,EPS,-29.55
QUET,quarterly,Q1 2026,EPS,-14.97
QUET,quarterly,Q3 2025,EPS,-12.8
QUET,annual,2025,Gross Profit Margin (%),-113.41
QUET,annual,2024,Gross Profit Margin (%),-72.67
QUET,annual,2023,Gross Profit Margin (%),-28.83
QUET,annual,2022,Gross Profit Margin (%),3.54
QUET,annual,2025,Net Profit Margin (%),-153.69
QUET,annual,2024,Net Profit Margin (%),-79.19
QUET,annual,2023,Net Profit Margin (%),-29.03
QUET,annual,2022,Net Profit Margin (%),0.67
QUET,annual,2025,EPS Growth (%),-132.55
QUET,annual,2024,EPS Growth (%),28.55
QUET,annual,2023,EPS Growth (%),-3048.25
QUET,annual,2022,EPS Growth (%),109.07
QUET,annual,2025,PEG,0.0
QUET,annual,2024,PEG,0.0
QUET,annual,2023,PEG,0.0
QUET,annual,2022,PEG,0.03
QUICE,annual,2026,Sales,1904818.0
QUICE,annual,2025,Sales,1094764.0
QUICE,annual,2024,Sales,903255.0
QUICE,annual,2023,Sales,838449.0
QUICE,annual,2026,Profit after Taxation,651.0
QUICE,annual,2025,Profit after Taxation,-11731.0
QUICE,annual,2024,Profit after Taxation,-27145.0
QUICE,annual,2023,Profit after Taxation,-12330.0
QUICE,annual,2026,EPS,0.0
QUICE,annual,2025,EPS,-0.12
QUICE,annual,2024,EPS,-0.28
QUICE,annual,2023,EPS,-0.12
QUICE,quarterly,Q3 2026,Sales,421609.0
QUICE,quarterly,Q2 2026,Sales,517644.0
QUICE,quarterly,Q1 2026,Sales,425739.0
QUICE,quarterly,Q3 2025,Sales,337608.0
QUICE,quarterly,Q3 2026,Profit after Taxation,5324.0
QUICE,quarterly,Q2 2026,Profit after Taxation,3100.0
QUICE,quarterly,Q1 2026,Profit after Taxation,3539.0
QUICE,quarterly,Q3 2025,Profit after Taxation,13150.0
QUICE,quarterly,Q3 2026,EPS,0.05
QUICE,quarterly,Q2 2026,EPS,0.03
QUICE,quarterly,Q1 2026,EPS,0.04
QUICE,quarterly,Q3 2025,EPS,0.13
QUICE,annual,2026,Gross Profit Margin (%),17.47
QUICE,annual,2025,Gross Profit Margin (%),17.08
QUICE,annual,2024,Gross Profit Margin (%),13.95
QUICE,annual,2023,Gross Profit Margin (%),14.78
QUICE,annual,2026,Net Profit Margin (%),0.03
QUICE,annual,2025,Net Profit Margin (%),-1.07
QUICE,annual,2024,Net Profit Margin (%),-3.01
QUICE,annual,2023,Net Profit Margin (%),-1.47
QUICE,annual,2026,EPS Growth (%),100.59
QUICE,annual,2025,EPS Growth (%),56.88
QUICE,annual,2024,EPS Growth (%),-120.8
QUICE,annual,2023,EPS Growth (%),48.77
QUICE,annual,2026,PEG,483.02
QUICE,annual,2025,PEG,-1.11
QUICE,annual,2024,PEG,0.13
QUICE,annual,2023,PEG,-0.57
RAVT,annual,2020,Profit after Taxation,30197.0
RAVT,annual,2019,Profit after Taxation,101956.0
RAVT,annual,2018,Profit after Taxation,-34780.0
RAVT,annual,2017,Profit after Taxation,-36401.0
RAVT,annual,2020,EPS,1.21
RAVT,annual,2019,EPS,4.08
RAVT,annual,2018,EPS,-1.39
RAVT,annual,2017,EPS,-1.46
RAVT,annual,2020,EPS Growth (%),-70.34
RAVT,annual,2019,EPS Growth (%),393.53
RAVT,annual,2018,EPS Growth (%),4.79
RAVT,annual,2017,EPS Growth (%),27.36
RAVT,annual,2020,PEG,-0.03
RAVT,annual,2019,PEG,0.0
RAVT,annual,2018,PEG,-0.73
RAVT,annual,2017,PEG,-0.13
RCML,annual,2025,Sales,15816269.0
RCML,annual,2024,Sales,15069073.0
RCML,annual,2023,Sales,11048840.0
RCML,annual,2022,Sales,11386469.0
RCML,annual,2025,Profit after Taxation,707612.0
RCML,annual,2024,Profit after Taxation,1314531.0
RCML,annual,2023,Profit after Taxation,839110.0
RCML,annual,2022,Profit after Taxation,2772332.0
RCML,annual,2025,EPS,66.43
RCML,annual,2024,EPS,127.72
RCML,annual,2023,EPS,81.53
RCML,annual,2022,EPS,269.37
RCML,quarterly,Q2 2026,Sales,3399270.0
RCML,quarterly,Q1 2026,Sales,3951024.0
RCML,quarterly,Q3 2025,Sales,3710330.0
RCML,quarterly,Q2 2025,Sales,3750227.0
RCML,quarterly,Q2 2026,Profit after Taxation,65336.0
RCML,quarterly,Q1 2026,Profit after Taxation,239909.0
RCML,quarterly,Q3 2025,Profit after Taxation,215214.0
RCML,quarterly,Q2 2025,Profit after Taxation,226911.0
RCML,quarterly,Q2 2026,EPS,6.13
RCML,quarterly,Q1 2026,EPS,22.52
RCML,quarterly,Q3 2025,EPS,20.2
RCML,quarterly,Q2 2025,EPS,21.3
RCML,annual,2025,Gross Profit Margin (%),12.21
RCML,annual,2024,Gross Profit Margin (%),14.84
RCML,annual,2023,Gross Profit Margin (%),15.44
RCML,annual,2022,Gross Profit Margin (%),32.55
RCML,annual,2025,Net Profit Margin (%),4.47
RCML,annual,2024,Net Profit Margin (%),8.72
RCML,annual,2023,Net Profit Margin (%),7.59
RCML,annual,2022,Net Profit Margin (%),24.35
RCML,annual,2025,EPS Growth (%),-47.99
RCML,annual,2024,EPS Growth (%),56.65
RCML,annual,2023,EPS Growth (%),-69.73
RCML,annual,2022,EPS Growth (%),131.12
RCML,annual,2025,PEG,-0.14
RCML,annual,2024,PEG,0.06
RCML,annual,2023,PEG,-0.09
RCML,annual,2022,PEG,0.01
REDCO,annual,2026,Sales,1795992.0
REDCO,annual,2025,Sales,1800495.0
REDCO,annual,2024,Sales,1470172.0
REDCO,annual,2023,Sales,870963.0
REDCO,annual,2026,Profit after Taxation,5568.0
REDCO,annual,2025,Profit after Taxation,175631.0
REDCO,annual,2024,Profit after Taxation,212080.0
REDCO,annual,2023,Profit after Taxation,77845.0
REDCO,annual,2026,EPS,0.11
REDCO,annual,2025,EPS,3.56
REDCO,annual,2024,EPS,4.3
REDCO,annual,2023,EPS,1.58
REDCO,quarterly,Q3 2026,Sales,534854.0
REDCO,quarterly,Q2 2026,Sales,518370.0
REDCO,quarterly,Q1 2026,Sales,418540.0
REDCO,quarterly,Q3 2025,Sales,488852.0
REDCO,quarterly,Q3 2026,Profit after Taxation,39730.0
REDCO,quarterly,Q2 2026,Profit after Taxation,66928.0
REDCO,quarterly,Q1 2026,Profit after Taxation,53282.0
REDCO,quarterly,Q3 2025,Profit after Taxation,41167.0
REDCO,quarterly,Q3 2026,EPS,0.81
REDCO,quarterly,Q2 2026,EPS,1.36
REDCO,quarterly,Q1 2026,EPS,1.08
REDCO,quarterly,Q3 2025,EPS,0.84
REDCO,annual,2026,Gross Profit Margin (%),14.47
REDCO,annual,2025,Gross Profit Margin (%),14.39
REDCO,annual,2024,Gross Profit Margin (%),7.17
REDCO,annual,2023,Gross Profit Margin (%),5.72
REDCO,annual,2026,Net Profit Margin (%),0.31
REDCO,annual,2025,Net Profit Margin (%),9.75
REDCO,annual,2024,Net Profit Margin (%),14.43
REDCO,annual,2023,Net Profit Margin (%),8.94
REDCO,annual,2026,EPS Growth (%),-96.83
REDCO,annual,2025,EPS Growth (%),-17.18
REDCO,annual,2024,EPS Growth (%),172.45
REDCO,annual,2023,EPS Growth (%),344.79
REDCO,annual,2026,PEG,-2.72
REDCO,annual,2025,PEG,-0.43
REDCO,annual,2024,PEG,0.01
REDCO,annual,2023,PEG,0.01
REWM,annual,2026,Sales,41611927.0
REWM,annual,2025,Sales,40219998.0
REWM,annual,2024,Sales,41461459.0
REWM,annual,2023,Sales,32682288.0
REWM,annual,2026,Profit after Taxation,812628.0
REWM,annual,2025,Profit after Taxation,256993.0
REWM,annual,2024,Profit after Taxation,119602.0
REWM,annual,2023,Profit after Taxation,203112.0
REWM,annual,2026,EPS,26.37
REWM,annual,2025,EPS,8.34
REWM,annual,2024,EPS,3.88
REWM,annual,2023,EPS,6.59
REWM,quarterly,Q3 2026,Sales,10512535.0
REWM,quarterly,Q2 2026,Sales,9557168.0
REWM,quarterly,Q1 2026,Sales,10735824.0
REWM,quarterly,Q3 2025,Sales,9858057.0
REWM,quarterly,Q3 2026,Profit after Taxation,195075.0
REWM,quarterly,Q2 2026,Profit after Taxation,271214.0
REWM,quarterly,Q1 2026,Profit after Taxation,44532.0
REWM,quarterly,Q3 2025,Profit after Taxation,72540.0
REWM,quarterly,Q3 2026,EPS,6.33
REWM,quarterly,Q2 2026,EPS,8.8
REWM,quarterly,Q1 2026,EPS,1.45
REWM,quarterly,Q3 2025,EPS,2.35
REWM,annual,2026,Gross Profit Margin (%),13.16
REWM,annual,2025,Gross Profit Margin (%),11.69
REWM,annual,2024,Gross Profit Margin (%),11.68
REWM,annual,2023,Gross Profit Margin (%),11.06
REWM,annual,2026,Net Profit Margin (%),1.95
REWM,annual,2025,Net Profit Margin (%),0.64
REWM,annual,2024,Net Profit Margin (%),0.29
REWM,annual,2023,Net Profit Margin (%),0.62
REWM,annual,2026,EPS Growth (%),216.19
REWM,annual,2025,EPS Growth (%),114.95
REWM,annual,2024,EPS Growth (%),-41.12
REWM,annual,2023,EPS Growth (%),-92.31
REWM,annual,2026,PEG,0.03
REWM,annual,2025,PEG,0.14
REWM,annual,2024,PEG,-0.51
REWM,annual,2023,PEG,-0.13
RICL,annual,2025,EPS,4.63
RICL,annual,2024,EPS,3.0
RICL,annual,2023,EPS,2.58
RICL,annual,2022,EPS,0.66
RICL,quarterly,Q2 2026,EPS,1.05
RICL,quarterly,Q1 2026,EPS,0.59
RICL,quarterly,Q3 2025,EPS,2.0
RICL,quarterly,Q2 2025,EPS,0.43
RICL,annual,2025,Gross Profit Margin (%),15.74
RICL,annual,2024,Gross Profit Margin (%),15.38
RICL,annual,2023,Gross Profit Margin (%),10.61
RICL,annual,2022,Gross Profit Margin (%),10.94
RICL,annual,2025,Net Profit Margin (%),77.93
RICL,annual,2024,Net Profit Margin (%),55.23
RICL,annual,2023,Net Profit Margin (%),37.31
RICL,annual,2022,Net Profit Margin (%),12.24
RICL,annual,2025,EPS Growth (%),54.33
RICL,annual,2024,EPS Growth (%),16.28
RICL,annual,2023,EPS Growth (%),290.91
RICL,annual,2022,EPS Growth (%),-21.43
RICL,annual,2025,PEG,0.06
RICL,annual,2024,PEG,0.24
RICL,annual,2023,PEG,0.01
RICL,annual,2022,PEG,-0.47
RMPL,annual,2025,Sales,73362632.0
RMPL,annual,2024,Sales,69922596.0
RMPL,annual,2023,Sales,65466700.0
RMPL,annual,2022,Sales,58755773.0
RMPL,annual,2025,Profit after Taxation,6534843.0
RMPL,annual,2024,Profit after Taxation,7475113.0
RMPL,annual,2023,Profit after Taxation,6912778.0
RMPL,annual,2022,Profit after Taxation,6179385.0
RMPL,annual,2025,EPS,707.51
RMPL,annual,2024,EPS,809.31
RMPL,annual,2023,EPS,748.43
RMPL,annual,2022,EPS,669.02
RMPL,quarterly,Q2 2026,Sales,19141411.0
RMPL,quarterly,Q1 2026,Sales,19043839.0
RMPL,quarterly,Q3 2025,Sales,18913059.0
RMPL,quarterly,Q2 2025,Sales,17470034.0
RMPL,quarterly,Q2 2026,Profit after Taxation,2081272.0
RMPL,quarterly,Q1 2026,Profit after Taxation,2032881.0
RMPL,quarterly,Q3 2025,Profit after Taxation,1223662.0
RMPL,quarterly,Q2 2025,Profit after Taxation,1911058.0
RMPL,quarterly,Q2 2026,EPS,225.33
RMPL,quarterly,Q1 2026,EPS,220.09
RMPL,quarterly,Q3 2025,EPS,132.48
RMPL,quarterly,Q2 2025,EPS,206.9
RMPL,annual,2025,Gross Profit Margin (%),18.83
RMPL,annual,2024,Gross Profit Margin (%),20.92
RMPL,annual,2023,Gross Profit Margin (%),21.37
RMPL,annual,2022,Gross Profit Margin (%),20.14
RMPL,annual,2025,Net Profit Margin (%),8.91
RMPL,annual,2024,Net Profit Margin (%),10.69
RMPL,annual,2023,Net Profit Margin (%),10.56
RMPL,annual,2022,Net Profit Margin (%),10.52
RMPL,annual,2025,EPS Growth (%),-12.58
RMPL,annual,2024,EPS Growth (%),8.13
RMPL,annual,2023,EPS Growth (%),11.87
RMPL,annual,2022,EPS Growth (%),-1.25
RMPL,annual,2025,PEG,-1.13
RMPL,annual,2024,PEG,1.37
RMPL,annual,2023,PEG,1.13
RMPL,annual,2022,PEG,-10.92
RPL,annual,2026,Sales,10836821.0
RPL,annual,2025,Sales,9660692.0
RPL,annual,2024,Sales,10333516.0
RPL,annual,2023,Sales,10246694.0
RPL,annual,2026,Profit after Taxation,146969.0
RPL,annual,2025,Profit after Taxation,141040.0
RPL,annual,2024,Profit after Taxation,211262.0
RPL,annual,2023,Profit after Taxation,150338.0
RPL,annual,2026,EPS,1.04
RPL,annual,2025,EPS,0.99
RPL,annual,2024,EPS,1.49
RPL,annual,2023,EPS,1.06
RPL,quarterly,Q3 2026,Sales,2587341.0
RPL,quarterly,Q2 2026,Sales,2539381.0
RPL,quarterly,Q1 2026,Sales,3043761.0
RPL,quarterly,Q3 2025,Sales,2489442.0
RPL,quarterly,Q3 2026,Profit after Taxation,38738.0
RPL,quarterly,Q2 2026,Profit after Taxation,-25819.0
RPL,quarterly,Q1 2026,Profit after Taxation,36417.0
RPL,quarterly,Q3 2025,Profit after Taxation,73194.0
RPL,quarterly,Q3 2026,EPS,0.27
RPL,quarterly,Q2 2026,EPS,-0.18
RPL,quarterly,Q1 2026,EPS,0.26
RPL,quarterly,Q3 2025,EPS,0.52
RPL,annual,2026,Gross Profit Margin (%),8.34
RPL,annual,2025,Gross Profit Margin (%),8.02
RPL,annual,2024,Gross Profit Margin (%),8.57
RPL,annual,2023,Gross Profit Margin (%),12.44
RPL,annual,2026,Net Profit Margin (%),1.36
RPL,annual,2025,Net Profit Margin (%),1.46
RPL,annual,2024,Net Profit Margin (%),2.04
RPL,annual,2023,Net Profit Margin (%),1.47
RPL,annual,2026,EPS Growth (%),5.05
RPL,annual,2025,EPS Growth (%),-33.56
RPL,annual,2024,EPS Growth (%),40.57
RPL,annual,2023,EPS Growth (%),-43.32
RPL,annual,2026,PEG,3.15
RPL,annual,2025,PEG,-0.64
RPL,annual,2024,PEG,0.23
RPL,annual,2023,PEG,-0.19
RUBY,annual,2023,Sales,12299.0
RUBY,annual,2026,Profit after Taxation,-28849.0
RUBY,annual,2025,Profit after Taxation,-24962.0
RUBY,annual,2024,Profit after Taxation,-45245.0
RUBY,annual,2023,Profit after Taxation,-60271.0
RUBY,annual,2026,EPS,-0.55
RUBY,annual,2025,EPS,-0.48
RUBY,annual,2024,EPS,-0.87
RUBY,annual,2023,EPS,-1.15
RUBY,quarterly,Q3 2026,Profit after Taxation,-4632.0
RUBY,quarterly,Q2 2026,Profit after Taxation,-6058.0
RUBY,quarterly,Q1 2026,Profit after Taxation,-6844.0
RUBY,quarterly,Q3 2025,Profit after Taxation,-4038.0
RUBY,quarterly,Q3 2026,EPS,-0.09
RUBY,quarterly,Q2 2026,EPS,-0.12
RUBY,quarterly,Q1 2026,EPS,-0.13
RUBY,quarterly,Q3 2025,EPS,-0.08
RUBY,annual,2023,Gross Profit Margin (%),-788.96
RUBY,annual,2023,Net Profit Margin (%),-490.07
RUBY,annual,2026,EPS Growth (%),-14.58
RUBY,annual,2025,EPS Growth (%),44.83
RUBY,annual,2024,EPS Growth (%),24.35
RUBY,annual,2023,EPS Growth (%),-116.98
RUBY,annual,2026,PEG,2.22
RUBY,annual,2025,PEG,-0.42
RUBY,annual,2024,PEG,-0.38
RUBY,annual,2023,PEG,0.03
RUPL,annual,2026,Sales,3803592.0
RUPL,annual,2025,Sales,6162278.0
RUPL,annual,2024,Sales,10485055.0
RUPL,annual,2023,Sales,11526866.0
RUPL,annual,2026,Profit after Taxation,-187996.0
RUPL,annual,2025,Profit after Taxation,-1526382.0
RUPL,annual,2024,Profit after Taxation,-822505.0
RUPL,annual,2023,Profit after Taxation,-184828.0
RUPL,annual,2026,EPS,-5.52
RUPL,annual,2025,EPS,-44.8
RUPL,annual,2024,EPS,-24.14
RUPL,annual,2023,EPS,-5.43
RUPL,quarterly,Q3 2026,Sales,501453.0
RUPL,quarterly,Q2 2026,Sales,891682.0
RUPL,quarterly,Q1 2026,Sales,967453.0
RUPL,quarterly,Q3 2025,Sales,622739.0
RUPL,quarterly,Q3 2026,Profit after Taxation,-234687.0
RUPL,quarterly,Q2 2026,Profit after Taxation,311776.0
RUPL,quarterly,Q1 2026,Profit after Taxation,-289294.0
RUPL,quarterly,Q3 2025,Profit after Taxation,-289332.0
RUPL,quarterly,Q3 2026,EPS,-7.21
RUPL,quarterly,Q2 2026,EPS,9.15
RUPL,quarterly,Q1 2026,EPS,-8.0
RUPL,quarterly,Q3 2025,EPS,-8.49
RUPL,annual,2026,Gross Profit Margin (%),-8.16
RUPL,annual,2025,Gross Profit Margin (%),-17.51
RUPL,annual,2024,Gross Profit Margin (%),0.22
RUPL,annual,2023,Gross Profit Margin (%),1.7
RUPL,annual,2026,Net Profit Margin (%),-4.94
RUPL,annual,2025,Net Profit Margin (%),-24.77
RUPL,annual,2024,Net Profit Margin (%),-7.84
RUPL,annual,2023,Net Profit Margin (%),-1.6
RUPL,annual,2026,EPS Growth (%),87.68
RUPL,annual,2025,EPS Growth (%),-85.58
RUPL,annual,2024,EPS Growth (%),-344.57
RUPL,annual,2023,EPS Growth (%),-121.49
RUPL,annual,2026,PEG,-0.06
RUPL,annual,2025,PEG,0.01
RUPL,annual,2024,PEG,0.0
RUPL,annual,2023,PEG,0.03
SAIF,annual,2026,Sales,11712401.0
SAIF,annual,2025,Sales,11593946.0
SAIF,annual,2024,Sales,12248662.0
SAIF,annual,2023,Sales,11692412.0
SAIF,annual,2026,Profit after Taxation,224664.0
SAIF,annual,2025,Profit after Taxation,-388321.0
SAIF,annual,2024,Profit after Taxation,11566.0
SAIF,annual,2023,Profit after Taxation,-1133861.0
SAIF,annual,2026,EPS,8.51
SAIF,annual,2025,EPS,-14.7
SAIF,annual,2024,EPS,0.44
SAIF,annual,2023,EPS,-42.93
SAIF,quarterly,Q3 2026,Sales,3165817.0
SAIF,quarterly,Q2 2026,Sales,2555381.0
SAIF,quarterly,Q1 2026,Sales,2353634.0
SAIF,quarterly,Q3 2025,Sales,2556706.0
SAIF,quarterly,Q3 2026,Profit after Taxation,-15441.0
SAIF,quarterly,Q2 2026,Profit after Taxation,48199.0
SAIF,quarterly,Q1 2026,Profit after Taxation,5818.0
SAIF,quarterly,Q3 2025,Profit after Taxation,-210295.0
SAIF,quarterly,Q3 2026,EPS,-0.58
SAIF,quarterly,Q2 2026,EPS,1.82
SAIF,quarterly,Q1 2026,EPS,0.22
SAIF,quarterly,Q3 2025,EPS,-7.96
SAIF,annual,2026,Gross Profit Margin (%),13.86
SAIF,annual,2025,Gross Profit Margin (%),10.64
SAIF,annual,2024,Gross Profit Margin (%),14.64
SAIF,annual,2023,Gross Profit Margin (%),3.95
SAIF,annual,2026,Net Profit Margin (%),1.92
SAIF,annual,2025,Net Profit Margin (%),-3.35
SAIF,annual,2024,Net Profit Margin (%),0.09
SAIF,annual,2023,Net Profit Margin (%),-9.7
SAIF,annual,2026,EPS Growth (%),157.89
SAIF,annual,2025,EPS Growth (%),-3440.91
SAIF,annual,2024,EPS Growth (%),101.02
SAIF,annual,2023,EPS Growth (%),-501.97
SAIF,annual,2026,PEG,0.03
SAIF,annual,2025,PEG,0.0
SAIF,annual,2024,PEG,0.28
SAIF,annual,2023,PEG,0.0
SALT,annual,2020,Sales,6298453.0
SALT,annual,2019,Sales,6770629.0
SALT,annual,2018,Sales,5958499.0
SALT,annual,2017,Sales,5284258.0
SALT,annual,2020,Profit after Taxation,-325864.0
SALT,annual,2019,Profit after Taxation,-86915.0
SALT,annual,2018,Profit after Taxation,234440.0
SALT,annual,2017,Profit after Taxation,36675.0
SALT,annual,2020,EPS,-97.49
SALT,annual,2019,EPS,-26.0
SALT,annual,2018,EPS,70.14
SALT,annual,2017,EPS,10.97
SALT,annual,2020,Gross Profit Margin (%),8.39
SALT,annual,2019,Gross Profit Margin (%),7.49
SALT,annual,2018,Gross Profit Margin (%),11.3
SALT,annual,2017,Gross Profit Margin (%),7.42
SALT,annual,2020,Net Profit Margin (%),-5.17
SALT,annual,2019,Net Profit Margin (%),-1.28
SALT,annual,2018,Net Profit Margin (%),3.93
SALT,annual,2017,Net Profit Margin (%),0.69
SALT,annual,2020,EPS Growth (%),-274.96
SALT,annual,2019,EPS Growth (%),-137.07
SALT,annual,2018,EPS Growth (%),539.38
SALT,annual,2017,EPS Growth (%),109.54
SALT,annual,2020,PEG,0.01
SALT,annual,2019,PEG,0.03
SALT,annual,2018,PEG,0.0
SALT,annual,2017,PEG,0.1
SANE,annual,2024,Profit after Taxation,-24996.0
SANE,annual,2023,Profit after Taxation,-26495.0
SANE,annual,2022,Profit after Taxation,-27814.0
SANE,annual,2021,Profit after Taxation,-29171.0
SANE,annual,2024,EPS,-5.6
SANE,annual,2023,EPS,-5.93
SANE,annual,2022,EPS,-6.23
SANE,annual,2021,EPS,-6.53
SANE,quarterly,Q3 2025,Profit after Taxation,-5842.0
SANE,quarterly,Q2 2025,Profit after Taxation,-5902.0
SANE,quarterly,Q1 2025,Profit after Taxation,-5887.0
SANE,quarterly,Q3 2024,Profit after Taxation,-6546.0
SANE,quarterly,Q3 2025,EPS,-1.31
SANE,quarterly,Q2 2025,EPS,-1.32
SANE,quarterly,Q1 2025,EPS,-1.32
SANE,quarterly,Q3 2024,EPS,-1.47
SANE,annual,2024,EPS Growth (%),5.56
SANE,annual,2023,EPS Growth (%),4.82
SANE,annual,2022,EPS Growth (%),4.59
SANE,annual,2021,EPS Growth (%),5.09
SANE,annual,2024,PEG,-0.13
SANE,annual,2023,PEG,-0.07
SANE,annual,2022,PEG,-0.07
SANE,annual,2021,PEG,-0.06
SANSM,annual,2025,Sales,6739085.0
SANSM,annual,2024,Sales,5415294.0
SANSM,annual,2023,Sales,3922156.0
SANSM,annual,2022,Sales,3872185.0
SANSM,annual,2025,Profit after Taxation,142686.0
SANSM,annual,2024,Profit after Taxation,-139660.0
SANSM,annual,2023,Profit after Taxation,104883.0
SANSM,annual,2022,Profit after Taxation,1609.0
SANSM,annual,2025,EPS,11.94
SANSM,annual,2024,EPS,-11.69
SANSM,annual,2023,EPS,8.78
SANSM,annual,2022,EPS,0.13
SANSM,quarterly,Q3 2026,Sales,2150946.0
SANSM,quarterly,Q2 2026,Sales,914936.0
SANSM,quarterly,Q1 2026,Sales,1285031.0
SANSM,quarterly,Q3 2025,Sales,1883612.0
SANSM,quarterly,Q3 2026,Profit after Taxation,37441.0
SANSM,quarterly,Q2 2026,Profit after Taxation,-42026.0
SANSM,quarterly,Q1 2026,Profit after Taxation,127380.0
SANSM,quarterly,Q3 2025,Profit after Taxation,27326.0
SANSM,quarterly,Q3 2026,EPS,3.14
SANSM,quarterly,Q2 2026,EPS,-3.52
SANSM,quarterly,Q1 2026,EPS,10.66
SANSM,quarterly,Q3 2025,EPS,2.28
SANSM,annual,2025,Gross Profit Margin (%),9.49
SANSM,annual,2024,Gross Profit Margin (%),6.27
SANSM,annual,2023,Gross Profit Margin (%),13.25
SANSM,annual,2022,Gross Profit Margin (%),9.31
SANSM,annual,2025,Net Profit Margin (%),2.12
SANSM,annual,2024,Net Profit Margin (%),-2.58
SANSM,annual,2023,Net Profit Margin (%),2.67
SANSM,annual,2022,Net Profit Margin (%),0.04
SANSM,annual,2025,EPS Growth (%),202.14
SANSM,annual,2024,EPS Growth (%),-233.14
SANSM,annual,2023,EPS Growth (%),6653.85
SANSM,annual,2022,EPS Growth (%),105.2
SANSM,annual,2025,PEG,0.02
SANSM,annual,2024,PEG,0.01
SANSM,annual,2023,PEG,0.0
SANSM,annual,2022,PEG,1.02
SAPL,annual,2022,Sales,18559884.0
SAPL,annual,2021,Sales,15880932.0
SAPL,annual,2020,Sales,14107802.0
SAPL,annual,2019,Sales,14500678.0
SAPL,annual,2022,Profit after Taxation,166783.0
SAPL,annual,2021,Profit after Taxation,905952.0
SAPL,annual,2020,Profit after Taxation,493067.0
SAPL,annual,2019,Profit after Taxation,154836.0
SAPL,annual,2022,EPS,17.29
SAPL,annual,2021,EPS,93.93
SAPL,annual,2020,EPS,51.12
SAPL,annual,2019,EPS,16.05
SAPL,quarterly,Q3 2023,Sales,5831380.0
SAPL,quarterly,Q2 2023,Sales,5285241.0
SAPL,quarterly,Q1 2023,Sales,4762608.0
SAPL,quarterly,Q3 2022,Sales,4521404.0
SAPL,quarterly,Q3 2023,Profit after Taxation,469498.0
SAPL,quarterly,Q2 2023,Profit after Taxation,-165187.0
SAPL,quarterly,Q1 2023,Profit after Taxation,-357143.0
SAPL,quarterly,Q3 2022,Profit after Taxation,24155.0
SAPL,quarterly,Q3 2023,EPS,48.68
SAPL,quarterly,Q2 2023,EPS,-17.13
SAPL,quarterly,Q1 2023,EPS,-37.03
SAPL,quarterly,Q3 2022,EPS,2.5
SAPL,annual,2022,Gross Profit Margin (%),26.24
SAPL,annual,2021,Gross Profit Margin (%),25.96
SAPL,annual,2020,Gross Profit Margin (%),26.97
SAPL,annual,2019,Gross Profit Margin (%),25.69
SAPL,annual,2022,Net Profit Margin (%),0.9
SAPL,annual,2021,Net Profit Margin (%),5.7
SAPL,annual,2020,Net Profit Margin (%),3.49
SAPL,annual,2019,Net Profit Margin (%),1.07
SAPL,annual,2022,EPS Growth (%),-81.59
SAPL,annual,2021,EPS Growth (%),83.74
SAPL,annual,2020,EPS Growth (%),218.5
SAPL,annual,2019,EPS Growth (%),-74.74
SAPL,annual,2022,PEG,-0.68
SAPL,annual,2021,PEG,0.11
SAPL,annual,2020,PEG,0.07
SAPL,annual,2019,PEG,-0.69
SAPT,annual,2026,Sales,81180573.0
SAPT,annual,2025,Sales,93258687.0
SAPT,annual,2024,Sales,82399262.0
SAPT,annual,2023,Sales,72837269.0
SAPT,annual,2026,Profit after Taxation,6820608.0
SAPT,annual,2025,Profit after Taxation,3950967.0
SAPT,annual,2024,Profit after Taxation,5173737.0
SAPT,annual,2023,Profit after Taxation,3291173.0
SAPT,annual,2026,EPS,314.46
SAPT,annual,2025,EPS,182.16
SAPT,annual,2024,EPS,238.53
SAPT,annual,2023,EPS,151.74
SAPT,quarterly,Q3 2026,Sales,18494809.0
SAPT,quarterly,Q2 2026,Sales,19127497.0
SAPT,quarterly,Q1 2026,Sales,21983703.0
SAPT,quarterly,Q3 2025,Sales,24619228.0
SAPT,quarterly,Q3 2026,Profit after Taxation,857696.0
SAPT,quarterly,Q2 2026,Profit after Taxation,3108327.0
SAPT,quarterly,Q1 2026,Profit after Taxation,900153.0
SAPT,quarterly,Q3 2025,Profit after Taxation,1625185.0
SAPT,quarterly,Q3 2026,EPS,39.54
SAPT,quarterly,Q2 2026,EPS,143.31
SAPT,quarterly,Q1 2026,EPS,41.5
SAPT,quarterly,Q3 2025,EPS,74.93
SAPT,annual,2026,Gross Profit Margin (%),12.68
SAPT,annual,2025,Gross Profit Margin (%),13.65
SAPT,annual,2024,Gross Profit Margin (%),13.43
SAPT,annual,2023,Gross Profit Margin (%),14.24
SAPT,annual,2026,Net Profit Margin (%),8.4
SAPT,annual,2025,Net Profit Margin (%),4.24
SAPT,annual,2024,Net Profit Margin (%),6.28
SAPT,annual,2023,Net Profit Margin (%),4.52
SAPT,annual,2026,EPS Growth (%),72.63
SAPT,annual,2025,EPS Growth (%),-23.63
SAPT,annual,2024,EPS Growth (%),57.2
SAPT,annual,2023,EPS Growth (%),-53.09
SAPT,annual,2026,PEG,0.07
SAPT,annual,2025,PEG,-0.28
SAPT,annual,2024,PEG,0.1
SAPT,annual,2023,PEG,-0.14
SARC,annual,2026,Sales,528552.0
SARC,annual,2025,Sales,533860.0
SARC,annual,2024,Sales,503870.0
SARC,annual,2023,Sales,366291.0
SARC,annual,2026,EPS,6.33
SARC,annual,2025,EPS,7.6
SARC,annual,2024,EPS,8.76
SARC,annual,2023,EPS,4.05
SARC,quarterly,Q3 2026,Sales,129667.0
SARC,quarterly,Q2 2026,Sales,129517.0
SARC,quarterly,Q1 2026,Sales,143880.0
SARC,quarterly,Q3 2025,Sales,139873.0
SARC,quarterly,Q3 2026,EPS,2.05
SARC,quarterly,Q2 2026,EPS,2.1
SARC,quarterly,Q1 2026,EPS,3.84
SARC,quarterly,Q3 2025,EPS,1.23
SARC,annual,2026,Gross Profit Margin (%),31.71
SARC,annual,2025,Gross Profit Margin (%),27.8
SARC,annual,2024,Gross Profit Margin (%),34.83
SARC,annual,2023,Gross Profit Margin (%),29.49
SARC,annual,2026,Net Profit Margin (%),7.18
SARC,annual,2025,Net Profit Margin (%),8.54
SARC,annual,2024,Net Profit Margin (%),10.43
SARC,annual,2023,Net Profit Margin (%),6.64
SARC,annual,2026,EPS Growth (%),-16.71
SARC,annual,2025,EPS Growth (%),-13.24
SARC,annual,2024,EPS Growth (%),116.3
SARC,annual,2023,EPS Growth (%),-16.32
SARC,annual,2026,PEG,-0.74
SARC,annual,2025,PEG,-0.56
SARC,annual,2024,PEG,0.03
SARC,annual,2023,PEG,-0.35
SASML,annual,2025,Sales,6195776.0
SASML,annual,2024,Sales,5766181.0
SASML,annual,2023,Sales,5534666.0
SASML,annual,2022,Sales,3392097.0
SASML,annual,2025,Profit after Taxation,139972.0
SASML,annual,2024,Profit after Taxation,-296408.0
SASML,annual,2023,Profit after Taxation,373369.0
SASML,annual,2022,Profit after Taxation,-40940.0
SASML,annual,2025,EPS,13.43
SASML,annual,2024,EPS,-28.43
SASML,annual,2023,EPS,35.81
SASML,annual,2022,EPS,-3.93
SASML,quarterly,Q3 2026,Sales,1346506.0
SASML,quarterly,Q2 2026,Sales,70881.0
SASML,quarterly,Q1 2026,Sales,1218290.0
SASML,quarterly,Q3 2025,Sales,2279288.0
SASML,quarterly,Q3 2026,Profit after Taxation,-165370.0
SASML,quarterly,Q2 2026,Profit after Taxation,46293.0
SASML,quarterly,Q1 2026,Profit after Taxation,-45468.0
SASML,quarterly,Q3 2025,Profit after Taxation,41779.0
SASML,quarterly,Q3 2026,EPS,-15.86
SASML,quarterly,Q2 2026,EPS,4.44
SASML,quarterly,Q1 2026,EPS,-4.36
SASML,quarterly,Q3 2025,EPS,4.01
SASML,annual,2025,Gross Profit Margin (%),9.5
SASML,annual,2024,Gross Profit Margin (%),3.53
SASML,annual,2023,Gross Profit Margin (%),20.48
SASML,annual,2022,Gross Profit Margin (%),8.61
SASML,annual,2025,Net Profit Margin (%),2.26
SASML,annual,2024,Net Profit Margin (%),-5.14
SASML,annual,2023,Net Profit Margin (%),6.75
SASML,annual,2022,Net Profit Margin (%),-1.21
SASML,annual,2025,EPS Growth (%),147.24
SASML,annual,2024,EPS Growth (%),-179.39
SASML,annual,2023,EPS Growth (%),1011.2
SASML,annual,2022,EPS Growth (%),48.89
SASML,annual,2025,PEG,0.1
SASML,annual,2024,PEG,0.01
SASML,annual,2023,PEG,0.0
SASML,annual,2022,PEG,-0.08
SAZEW,annual,2026,Sales,191715354.0
SAZEW,annual,2025,Sales,108694500.0
SAZEW,annual,2024,Sales,57642469.0
SAZEW,annual,2023,Sales,18174297.0
SAZEW,annual,2026,Profit after Taxation,23604643.0
SAZEW,annual,2025,Profit after Taxation,16336201.0
SAZEW,annual,2024,Profit after Taxation,7935677.0
SAZEW,annual,2023,Profit after Taxation,995077.0
SAZEW,annual,2026,EPS,390.51
SAZEW,annual,2025,EPS,270.26
SAZEW,annual,2024,EPS,131.29
SAZEW,annual,2023,EPS,16.46
SAZEW,quarterly,Q3 2026,Sales,47356413.0
SAZEW,quarterly,Q2 2026,Sales,34021275.0
SAZEW,quarterly,Q1 2026,Sales,33824586.0
SAZEW,quarterly,Q3 2025,Sales,36738155.0
SAZEW,quarterly,Q3 2026,Profit after Taxation,6438296.0
SAZEW,quarterly,Q2 2026,Profit after Taxation,4023553.0
SAZEW,quarterly,Q1 2026,Profit after Taxation,4417012.0
SAZEW,quarterly,Q3 2025,Profit after Taxation,6229713.0
SAZEW,quarterly,Q3 2026,EPS,106.51
SAZEW,quarterly,Q2 2026,EPS,66.56
SAZEW,quarterly,Q1 2026,EPS,73.07
SAZEW,quarterly,Q3 2025,EPS,103.06
SAZEW,annual,2026,Gross Profit Margin (%),24.24
SAZEW,annual,2025,Gross Profit Margin (%),29.11
SAZEW,annual,2024,Gross Profit Margin (%),27.14
SAZEW,annual,2023,Gross Profit Margin (%),14.03
SAZEW,annual,2026,Net Profit Margin (%),12.31
SAZEW,annual,2025,Net Profit Margin (%),15.03
SAZEW,annual,2024,Net Profit Margin (%),13.77
SAZEW,annual,2023,Net Profit Margin (%),5.48
SAZEW,annual,2026,EPS Growth (%),44.49
SAZEW,annual,2025,EPS Growth (%),105.85
SAZEW,annual,2024,EPS Growth (%),697.63
SAZEW,annual,2023,EPS Growth (%),744.1
SAZEW,annual,2026,PEG,0.12
SAZEW,annual,2025,PEG,0.04
SAZEW,annual,2024,PEG,0.01
SAZEW,annual,2023,PEG,0.0
SBL,annual,2025,Mark-up Earned,22111696.0
SBL,annual,2024,Mark-up Earned,28720686.0
SBL,annual,2023,Mark-up Earned,28705206.0
SBL,annual,2022,Mark-up Earned,22545096.0
SBL,annual,2025,Total Income,7721708.0
SBL,annual,2024,Total Income,9012933.0
SBL,annual,2023,Total Income,9309580.0
SBL,annual,2022,Total Income,4977866.0
SBL,annual,2025,Profit after Taxation,727248.0
SBL,annual,2024,Profit after Taxation,699332.0
SBL,annual,2023,Profit after Taxation,1235296.0
SBL,annual,2022,Profit after Taxation,-427940.0
SBL,annual,2025,EPS,0.72
SBL,annual,2024,EPS,0.69
SBL,annual,2023,EPS,1.23
SBL,annual,2022,EPS,-0.42
SBL,quarterly,Q2 2026,Mark-up Earned,5771532.0
SBL,quarterly,Q1 2026,Mark-up Earned,5300237.0
SBL,quarterly,Q3 2025,Mark-up Earned,5802937.0
SBL,quarterly,Q2 2025,Mark-up Earned,5260140.0
SBL,quarterly,Q2 2026,Total Income,1380525.0
SBL,quarterly,Q1 2026,Total Income,1643311.0
SBL,quarterly,Q3 2025,Total Income,1889654.0
SBL,quarterly,Q2 2025,Total Income,1888047.0
SBL,quarterly,Q2 2026,Profit after Taxation,80342.0
SBL,quarterly,Q1 2026,Profit after Taxation,193330.0
SBL,quarterly,Q3 2025,Profit after Taxation,286877.0
SBL,quarterly,Q2 2025,Profit after Taxation,18677.0
SBL,quarterly,Q2 2026,EPS,0.08
SBL,quarterly,Q1 2026,EPS,0.19
SBL,quarterly,Q3 2025,EPS,0.28
SBL,quarterly,Q2 2025,EPS,0.02
SBL,annual,2025,Net Profit Margin (%),3.29
SBL,annual,2024,Net Profit Margin (%),2.43
SBL,annual,2023,Net Profit Margin (%),4.3
SBL,annual,2022,Net Profit Margin (%),-1.9
SBL,annual,2025,EPS Growth (%),3.75
SBL,annual,2024,EPS Growth (%),-43.35
SBL,annual,2023,EPS Growth (%),391.67
SBL,annual,2022,EPS Growth (%),-153.64
SBL,annual,2025,PEG,5.28
SBL,annual,2024,PEG,-0.31
SBL,annual,2023,PEG,0.02
SBL,annual,2022,PEG,0.1
SCBPL,annual,2025,Mark-up Earned,88812551.0
SCBPL,annual,2024,Mark-up Earned,159132943.0
SCBPL,annual,2023,Mark-up Earned,151851124.0
SCBPL,annual,2022,Mark-up Earned,90430254.0
SCBPL,annual,2025,Total Income,80553356.0
SCBPL,annual,2024,Total Income,118171954.0
SCBPL,annual,2023,Total Income,107484064.0
SCBPL,annual,2022,Total Income,62649443.0
SCBPL,annual,2025,Profit after Taxation,28780854.0
SCBPL,annual,2024,Profit after Taxation,46066764.0
SCBPL,annual,2023,Profit after Taxation,42621831.0
SCBPL,annual,2022,Profit after Taxation,19844375.0
SCBPL,annual,2025,EPS,7.43
SCBPL,annual,2024,EPS,11.9
SCBPL,annual,2023,EPS,11.01
SCBPL,annual,2022,EPS,5.13
SCBPL,quarterly,Q2 2026,Mark-up Earned,18492571.0
SCBPL,quarterly,Q1 2026,Mark-up Earned,17933371.0
SCBPL,quarterly,Q3 2025,Mark-up Earned,20601427.0
SCBPL,quarterly,Q2 2025,Mark-up Earned,21907870.0
SCBPL,quarterly,Q2 2026,Total Income,18195998.0
SCBPL,quarterly,Q1 2026,Total Income,16611417.0
SCBPL,quarterly,Q3 2025,Total Income,18923456.0
SCBPL,quarterly,Q2 2025,Total Income,21298601.0
SCBPL,quarterly,Q2 2026,Profit after Taxation,6183616.0
SCBPL,quarterly,Q1 2026,Profit after Taxation,5596374.0
SCBPL,quarterly,Q3 2025,Profit after Taxation,5986868.0
SCBPL,quarterly,Q2 2025,Profit after Taxation,8577485.0
SCBPL,quarterly,Q2 2026,EPS,1.6
SCBPL,quarterly,Q1 2026,EPS,1.45
SCBPL,quarterly,Q3 2025,EPS,1.55
SCBPL,quarterly,Q2 2025,EPS,2.22
SCBPL,annual,2025,Net Profit Margin (%),32.41
SCBPL,annual,2024,Net Profit Margin (%),28.95
SCBPL,annual,2023,Net Profit Margin (%),28.07
SCBPL,annual,2022,Net Profit Margin (%),21.94
SCBPL,annual,2025,EPS Growth (%),-37.56
SCBPL,annual,2024,EPS Growth (%),8.08
SCBPL,annual,2023,EPS Growth (%),114.62
SCBPL,annual,2022,EPS Growth (%),44.51
SCBPL,annual,2025,PEG,-0.25
SCBPL,annual,2024,PEG,0.55
SCBPL,annual,2023,PEG,0.03
SCBPL,annual,2022,PEG,0.09
SCL,annual,2025,Sales,2965832.0
SCL,annual,2024,Sales,3867121.0
SCL,annual,2023,Sales,4357631.0
SCL,annual,2022,Sales,2662055.0
SCL,annual,2025,Profit after Taxation,-12658.0
SCL,annual,2024,Profit after Taxation,-362679.0
SCL,annual,2023,Profit after Taxation,144964.0
SCL,annual,2022,Profit after Taxation,17762.0
SCL,annual,2025,EPS,-3.25
SCL,annual,2024,EPS,-92.99
SCL,annual,2023,EPS,37.17
SCL,annual,2022,EPS,4.55
SCL,quarterly,Q3 2026,Sales,697709.0
SCL,quarterly,Q2 2026,Sales,587481.0
SCL,quarterly,Q1 2026,Sales,717666.0
SCL,quarterly,Q3 2025,Sales,762209.0
SCL,quarterly,Q3 2026,Profit after Taxation,31460.0
SCL,quarterly,Q2 2026,Profit after Taxation,-4094.0
SCL,quarterly,Q1 2026,Profit after Taxation,-36226.0
SCL,quarterly,Q3 2025,Profit after Taxation,-13272.0
SCL,quarterly,Q3 2026,EPS,8.07
SCL,quarterly,Q2 2026,EPS,-1.05
SCL,quarterly,Q1 2026,EPS,-9.29
SCL,quarterly,Q3 2025,EPS,-3.4
SCL,annual,2025,Gross Profit Margin (%),23.52
SCL,annual,2024,Gross Profit Margin (%),22.52
SCL,annual,2023,Gross Profit Margin (%),25.99
SCL,annual,2022,Gross Profit Margin (%),23.98
SCL,annual,2025,Net Profit Margin (%),-0.43
SCL,annual,2024,Net Profit Margin (%),-9.38
SCL,annual,2023,Net Profit Margin (%),3.33
SCL,annual,2022,Net Profit Margin (%),0.67
SCL,annual,2025,EPS Growth (%),96.51
SCL,annual,2024,EPS Growth (%),-350.17
SCL,annual,2023,EPS Growth (%),716.92
SCL,annual,2022,EPS Growth (%),-88.56
SCL,annual,2025,PEG,-1.04
SCL,annual,2024,PEG,0.01
SCL,annual,2023,PEG,0.01
SCL,annual,2022,PEG,-0.63
SEARL,annual,2026,Sales,31641832.0
SEARL,annual,2025,Sales,24773372.0
SEARL,annual,2024,Sales,25827210.0
SEARL,annual,2023,Sales,21641282.0
SEARL,annual,2026,Profit after Taxation,4003223.0
SEARL,annual,2025,Profit after Taxation,434038.0
SEARL,annual,2024,Profit after Taxation,-3330859.0
SEARL,annual,2023,Profit after Taxation,302137.0
SEARL,annual,2026,EPS,6.81
SEARL,annual,2025,EPS,0.74
SEARL,annual,2024,EPS,-6.95
SEARL,annual,2023,EPS,0.75
SEARL,quarterly,Q3 2026,Sales,8603072.0
SEARL,quarterly,Q2 2026,Sales,9015072.0
SEARL,quarterly,Q1 2026,Sales,8567319.0
SEARL,quarterly,Q3 2025,Sales,5957034.0
SEARL,quarterly,Q3 2026,Profit after Taxation,524354.0
SEARL,quarterly,Q2 2026,Profit after Taxation,931286.0
SEARL,quarterly,Q1 2026,Profit after Taxation,853520.0
SEARL,quarterly,Q3 2025,Profit after Taxation,307543.0
SEARL,quarterly,Q3 2026,EPS,0.89
SEARL,quarterly,Q2 2026,EPS,1.58
SEARL,quarterly,Q1 2026,EPS,1.67
SEARL,quarterly,Q3 2025,EPS,0.52
SEARL,annual,2026,Gross Profit Margin (%),52.94
SEARL,annual,2025,Gross Profit Margin (%),50.81
SEARL,annual,2024,Gross Profit Margin (%),48.62
SEARL,annual,2023,Gross Profit Margin (%),44.1
SEARL,annual,2026,Net Profit Margin (%),12.65
SEARL,annual,2025,Net Profit Margin (%),1.75
SEARL,annual,2024,Net Profit Margin (%),-12.9
SEARL,annual,2023,Net Profit Margin (%),1.4
SEARL,annual,2026,EPS Growth (%),820.27
SEARL,annual,2025,EPS Growth (%),110.65
SEARL,annual,2024,EPS Growth (%),-1026.67
SEARL,annual,2023,EPS Growth (%),-86.01
SEARL,annual,2026,PEG,0.02
SEARL,annual,2025,PEG,1.07
SEARL,annual,2024,PEG,0.01
SEARL,annual,2023,PEG,-0.59
SEL,annual,2026,Sales,33205.0
SEL,annual,2025,Sales,176070.0
SEL,annual,2024,Sales,916056.0
SEL,annual,2023,Sales,1067686.0
SEL,annual,2026,Profit after Taxation,36289.0
SEL,annual,2025,Profit after Taxation,167137.0
SEL,annual,2024,Profit after Taxation,41991.0
SEL,annual,2023,Profit after Taxation,-103282.0
SEL,quarterly,Q3 2026,Sales,5557.0
SEL,quarterly,Q2 2026,Sales,5702.0
SEL,quarterly,Q1 2026,Sales,7967.0
SEL,quarterly,Q3 2025,Sales,6576.0
SEL,quarterly,Q3 2026,Profit after Taxation,-35310.0
SEL,quarterly,Q2 2026,Profit after Taxation,96638.0
SEL,quarterly,Q1 2026,Profit after Taxation,1860.0
SEL,quarterly,Q3 2025,Profit after Taxation,-32437.0
SEL,annual,2026,Gross Profit Margin (%),-40.62
SEL,annual,2025,Gross Profit Margin (%),-21.92
SEL,annual,2024,Gross Profit Margin (%),0.79
SEL,annual,2023,Gross Profit Margin (%),4.57
SEL,annual,2026,Net Profit Margin (%),109.29
SEL,annual,2025,Net Profit Margin (%),94.93
SEL,annual,2024,Net Profit Margin (%),4.58
SEL,annual,2023,Net Profit Margin (%),-9.67
SEL,annual,2026,EPS Growth (%),-78.29
SEL,annual,2025,EPS Growth (%),297.73
SEL,annual,2024,EPS Growth (%),140.67
SEL,annual,2023,EPS Growth (%),33.29
SEL,annual,2026,PEG,-0.21
SEL,annual,2025,PEG,0.0
SEL,annual,2024,PEG,0.04
SEL,annual,2023,PEG,-0.04
SELECT,annual,2026,Sales,31558501.0
SELECT,annual,2025,Sales,48892698.0
SELECT,annual,2026,Profit after Taxation,2701453.0
SELECT,annual,2025,Profit after Taxation,1303951.0
SELECT,annual,2026,EPS,3.38
SELECT,annual,2025,EPS,1.63
SELECT,annual,2026,Gross Profit Margin (%),16.69
SELECT,annual,2025,Gross Profit Margin (%),8.94
SELECT,annual,2024,Gross Profit Margin (%),5.41
SELECT,annual,2026,Net Profit Margin (%),8.56
SELECT,annual,2025,Net Profit Margin (%),2.67
SELECT,annual,2024,Net Profit Margin (%),2.13
SELECT,annual,2026,EPS Growth (%),107.36
SELECT,annual,2025,EPS Growth (%),-16.84
SELECT,annual,2026,PEG,0.09
SEPCO,annual,2016,Sales,822139.0
SEPCO,annual,2015,Sales,1121270.0
SEPCO,annual,2014,Sales,1277383.0
SEPCO,annual,2013,Sales,2670811.0
SEPCO,annual,2016,Profit after Taxation,-1761987.0
SEPCO,annual,2015,Profit after Taxation,-1759741.0
SEPCO,annual,2014,Profit after Taxation,-1594721.0
SEPCO,annual,2013,Profit after Taxation,-1882694.0
SEPCO,annual,2016,EPS,-12.89
SEPCO,annual,2015,EPS,-12.87
SEPCO,annual,2014,EPS,-11.67
SEPCO,annual,2013,EPS,-13.77
SEPCO,annual,2016,Gross Profit Margin (%),-62.84
SEPCO,annual,2015,Gross Profit Margin (%),-51.76
SEPCO,annual,2014,Gross Profit Margin (%),-51.18
SEPCO,annual,2013,Gross Profit Margin (%),-26.45
SEPCO,annual,2016,Net Profit Margin (%),-214.32
SEPCO,annual,2015,Net Profit Margin (%),-156.94
SEPCO,annual,2014,Net Profit Margin (%),-124.84
SEPCO,annual,2013,Net Profit Margin (%),-70.49
SEPCO,annual,2016,EPS Growth (%),-0.16
SEPCO,annual,2015,EPS Growth (%),-10.28
SEPCO,annual,2014,EPS Growth (%),15.25
SEPCO,annual,2013,EPS Growth (%),-2.76
SEPCO,annual,2016,PEG,1.1
SEPCO,annual,2015,PEG,0.03
SEPCO,annual,2014,PEG,-0.01
SEPCO,annual,2013,PEG,0.12
SEPL,annual,2026,Sales,7306320.0
SEPL,annual,2025,Sales,7870700.0
SEPL,annual,2024,Sales,7311732.0
SEPL,annual,2023,Sales,5794593.0
SEPL,annual,2026,Profit after Taxation,907160.0
SEPL,annual,2025,Profit after Taxation,1523793.0
SEPL,annual,2024,Profit after Taxation,1488684.0
SEPL,annual,2023,Profit after Taxation,967380.0
SEPL,annual,2026,EPS,15.31
SEPL,annual,2025,EPS,25.72
SEPL,annual,2024,EPS,25.12
SEPL,annual,2023,EPS,16.33
SEPL,quarterly,Q3 2026,Sales,1574561.0
SEPL,quarterly,Q2 2026,Sales,1898146.0
SEPL,quarterly,Q1 2026,Sales,1842823.0
SEPL,quarterly,Q3 2025,Sales,1656958.0
SEPL,quarterly,Q3 2026,Profit after Taxation,129642.0
SEPL,quarterly,Q2 2026,Profit after Taxation,213283.0
SEPL,quarterly,Q1 2026,Profit after Taxation,288483.0
SEPL,quarterly,Q3 2025,Profit after Taxation,298670.0
SEPL,quarterly,Q3 2026,EPS,2.19
SEPL,quarterly,Q2 2026,EPS,3.6
SEPL,quarterly,Q1 2026,EPS,4.87
SEPL,quarterly,Q3 2025,EPS,5.04
SEPL,annual,2026,Gross Profit Margin (%),21.7
SEPL,annual,2025,Gross Profit Margin (%),28.0
SEPL,annual,2024,Gross Profit Margin (%),28.0
SEPL,annual,2023,Gross Profit Margin (%),26.2
SEPL,annual,2026,Net Profit Margin (%),12.42
SEPL,annual,2025,Net Profit Margin (%),19.36
SEPL,annual,2024,Net Profit Margin (%),20.36
SEPL,annual,2023,Net Profit Margin (%),16.69
SEPL,annual,2026,EPS Growth (%),-40.47
SEPL,annual,2025,EPS Growth (%),2.39
SEPL,annual,2024,EPS Growth (%),53.83
SEPL,annual,2023,EPS Growth (%),1.94
SEPL,annual,2026,PEG,-0.24
SEPL,annual,2025,PEG,2.61
SEPL,annual,2024,PEG,0.1
SEPL,annual,2023,PEG,2.94
SERF,annual,2021,Profit after Taxation,-31126.0
SERF,annual,2020,Profit after Taxation,-2166.0
SERF,annual,2019,Profit after Taxation,-1301.0
SERF,annual,2018,Profit after Taxation,-2536.0
SERF,annual,2021,EPS,-1.98
SERF,annual,2020,EPS,-0.14
SERF,annual,2019,EPS,-0.08
SERF,annual,2018,EPS,-0.16
SERF,annual,2021,EPS Growth (%),-1314.29
SERF,annual,2020,EPS Growth (%),-75.0
SERF,annual,2019,EPS Growth (%),50.0
SERF,annual,2018,EPS Growth (%),20.0
SERF,annual,2021,PEG,0.01
SERF,annual,2020,PEG,0.29
SERF,annual,2019,PEG,-0.67
SERF,annual,2018,PEG,-1.16
SERT,annual,2026,Sales,1276206.0
SERT,annual,2025,Sales,1370514.0
SERT,annual,2024,Sales,1341318.0
SERT,annual,2023,Sales,1051603.0
SERT,annual,2026,EPS,-8.08
SERT,annual,2025,EPS,-5.29
SERT,annual,2024,EPS,-7.3
SERT,annual,2023,EPS,-11.45
SERT,quarterly,Q3 2026,Sales,328870.0
SERT,quarterly,Q2 2026,Sales,339613.0
SERT,quarterly,Q1 2026,Sales,335153.0
SERT,quarterly,Q3 2025,Sales,316577.0
SERT,quarterly,Q3 2026,EPS,-1.3
SERT,quarterly,Q2 2026,EPS,-3.2
SERT,quarterly,Q1 2026,EPS,-0.71
SERT,quarterly,Q3 2025,EPS,-2.28
SERT,annual,2026,Gross Profit Margin (%),-2.76
SERT,annual,2025,Gross Profit Margin (%),0.41
SERT,annual,2024,Gross Profit Margin (%),-2.63
SERT,annual,2023,Gross Profit Margin (%),-10.45
SERT,annual,2026,Net Profit Margin (%),-8.73
SERT,annual,2025,Net Profit Margin (%),-5.32
SERT,annual,2024,Net Profit Margin (%),-7.5
SERT,annual,2023,Net Profit Margin (%),-15.02
SERT,annual,2026,EPS Growth (%),-52.74
SERT,annual,2025,EPS Growth (%),27.53
SERT,annual,2024,EPS Growth (%),36.24
SERT,annual,2023,EPS Growth (%),-1296.34
SERT,annual,2026,PEG,0.09
SERT,annual,2025,PEG,-0.18
SERT,annual,2024,PEG,-0.05
SERT,annual,2023,PEG,0.0
SFAT,annual,2017,Sales,2264.0
SFAT,annual,2016,Sales,322730.0
SFAT,annual,2015,Sales,613966.0
SFAT,annual,2014,Sales,731675.0
SFAT,annual,2017,Profit after Taxation,-26066.0
SFAT,annual,2016,Profit after Taxation,-183624.0
SFAT,annual,2015,Profit after Taxation,-192635.0
SFAT,annual,2014,Profit after Taxation,-8206.0
SFAT,annual,2017,EPS,-6.52
SFAT,annual,2016,EPS,-45.91
SFAT,annual,2015,EPS,-48.16
SFAT,annual,2014,EPS,-2.05
SFAT,annual,2017,Gross Profit Margin (%),-732.16
SFAT,annual,2016,Gross Profit Margin (%),-37.17
SFAT,annual,2015,Gross Profit Margin (%),-10.53
SFAT,annual,2014,Gross Profit Margin (%),11.71
SFAT,annual,2017,Net Profit Margin (%),-1151.42
SFAT,annual,2016,Net Profit Margin (%),-56.9
SFAT,annual,2015,Net Profit Margin (%),-31.38
SFAT,annual,2014,Net Profit Margin (%),-1.12
SFAT,annual,2017,EPS Growth (%),85.8
SFAT,annual,2016,EPS Growth (%),4.67
SFAT,annual,2015,EPS Growth (%),-2249.27
SFAT,annual,2014,EPS Growth (%),-103.39
SFAT,annual,2017,PEG,-0.04
SFAT,annual,2016,PEG,-0.03
SFAT,annual,2015,PEG,0.0
SFAT,annual,2014,PEG,0.08
SFL,annual,2026,Sales,50983358.0
SFL,annual,2025,Sales,50561850.0
SFL,annual,2024,Sales,47420211.0
SFL,annual,2023,Sales,46446991.0
SFL,annual,2026,Profit after Taxation,2562708.0
SFL,annual,2025,Profit after Taxation,13676837.0
SFL,annual,2024,Profit after Taxation,3373032.0
SFL,annual,2023,Profit after Taxation,5120787.0
SFL,annual,2026,EPS,117.98
SFL,annual,2025,EPS,661.62
SFL,annual,2024,EPS,163.17
SFL,annual,2023,EPS,247.72
SFL,quarterly,Q3 2026,Sales,11410324.0
SFL,quarterly,Q2 2026,Sales,11483506.0
SFL,quarterly,Q1 2026,Sales,11693166.0
SFL,quarterly,Q3 2025,Sales,12990561.0
SFL,quarterly,Q3 2026,Profit after Taxation,-730844.0
SFL,quarterly,Q2 2026,Profit after Taxation,2406761.0
SFL,quarterly,Q1 2026,Profit after Taxation,-134241.0
SFL,quarterly,Q3 2025,Profit after Taxation,310332.0
SFL,quarterly,Q3 2026,EPS,-35.35
SFL,quarterly,Q2 2026,EPS,116.43
SFL,quarterly,Q1 2026,EPS,-6.49
SFL,quarterly,Q3 2025,EPS,15.01
SFL,annual,2026,Gross Profit Margin (%),7.96
SFL,annual,2025,Gross Profit Margin (%),8.8
SFL,annual,2024,Gross Profit Margin (%),11.95
SFL,annual,2023,Gross Profit Margin (%),19.2
SFL,annual,2026,Net Profit Margin (%),5.03
SFL,annual,2025,Net Profit Margin (%),27.05
SFL,annual,2024,Net Profit Margin (%),7.11
SFL,annual,2023,Net Profit Margin (%),11.03
SFL,annual,2026,EPS Growth (%),-82.17
SFL,annual,2025,EPS Growth (%),305.48
SFL,annual,2024,EPS Growth (%),-34.13
SFL,annual,2023,EPS Growth (%),-17.61
SFL,annual,2026,PEG,-0.12
SFL,annual,2025,PEG,0.01
SFL,annual,2024,PEG,-0.29
SFL,annual,2023,PEG,-0.26
SFLL,annual,2019,Profit after Taxation,-3055.0
SFLL,annual,2018,Profit after Taxation,913.0
SFLL,annual,2017,Profit after Taxation,32771.0
SFLL,annual,2016,Profit after Taxation,31790.0
SFLL,annual,2019,EPS,-0.15
SFLL,annual,2018,EPS,0.05
SFLL,annual,2017,EPS,1.63
SFLL,annual,2016,EPS,1.58
SFLL,annual,2019,EPS Growth (%),-400.0
SFLL,annual,2018,EPS Growth (%),-96.93
SFLL,annual,2017,EPS Growth (%),3.16
SFLL,annual,2016,EPS Growth (%),-68.65
SFLL,annual,2019,PEG,2.67
SFLL,annual,2018,PEG,-30.54
SFLL,annual,2017,PEG,28.5
SFLL,annual,2016,PEG,-0.92
SGABL,annual,2026,Sales,76197.0
SGABL,annual,2025,Sales,85218.0
SGABL,annual,2024,Sales,57199.0
SGABL,annual,2023,Sales,22139.0
SGABL,annual,2026,Profit after Taxation,37434.0
SGABL,annual,2025,Profit after Taxation,-15170.0
SGABL,annual,2024,Profit after Taxation,-16138.0
SGABL,annual,2023,Profit after Taxation,-8359.0
SGABL,annual,2026,EPS,2.5
SGABL,annual,2025,EPS,-1.01
SGABL,annual,2024,EPS,-1.08
SGABL,annual,2023,EPS,-0.56
SGABL,quarterly,Q3 2026,Sales,17742.0
SGABL,quarterly,Q2 2026,Sales,18232.0
SGABL,quarterly,Q1 2026,Sales,21628.0
SGABL,quarterly,Q3 2025,Sales,20178.0
SGABL,quarterly,Q3 2026,Profit after Taxation,-4341.0
SGABL,quarterly,Q2 2026,Profit after Taxation,-8484.0
SGABL,quarterly,Q1 2026,Profit after Taxation,189.0
SGABL,quarterly,Q3 2025,Profit after Taxation,1333.0
SGABL,quarterly,Q3 2026,EPS,-0.29
SGABL,quarterly,Q2 2026,EPS,-0.57
SGABL,quarterly,Q1 2026,EPS,0.01
SGABL,quarterly,Q3 2025,EPS,0.09
SGABL,annual,2026,Gross Profit Margin (%),17.9
SGABL,annual,2025,Gross Profit Margin (%),33.44
SGABL,annual,2024,Gross Profit Margin (%),27.34
SGABL,annual,2023,Gross Profit Margin (%),55.9
SGABL,annual,2026,Net Profit Margin (%),49.13
SGABL,annual,2025,Net Profit Margin (%),-17.8
SGABL,annual,2024,Net Profit Margin (%),-28.21
SGABL,annual,2023,Net Profit Margin (%),-37.76
SGABL,annual,2026,EPS Growth (%),347.52
SGABL,annual,2025,EPS Growth (%),6.48
SGABL,annual,2024,EPS Growth (%),-92.86
SGABL,annual,2023,EPS Growth (%),22.22
SGABL,annual,2026,PEG,0.15
SGABL,annual,2025,PEG,-19.25
SGABL,annual,2024,PEG,1.26
SGABL,annual,2023,PEG,-10.13
SGF,annual,2025,Sales,19886480.0
SGF,annual,2024,Sales,17391854.0
SGF,annual,2023,Sales,15061817.0
SGF,annual,2022,Sales,11753088.0
SGF,annual,2025,Profit after Taxation,1935040.0
SGF,annual,2024,Profit after Taxation,1105237.0
SGF,annual,2023,Profit after Taxation,1181607.0
SGF,annual,2022,Profit after Taxation,342059.0
SGF,annual,2025,EPS,9.38
SGF,annual,2024,EPS,5.37
SGF,annual,2023,EPS,5.75
SGF,annual,2022,EPS,1.67
SGF,quarterly,Q2 2026,Sales,4108072.0
SGF,quarterly,Q1 2026,Sales,3995831.0
SGF,quarterly,Q3 2025,Sales,5644758.0
SGF,quarterly,Q2 2025,Sales,4748262.0
SGF,quarterly,Q2 2026,Profit after Taxation,1985876.0
SGF,quarterly,Q1 2026,Profit after Taxation,515705.0
SGF,quarterly,Q3 2025,Profit after Taxation,525195.0
SGF,quarterly,Q2 2025,Profit after Taxation,1018538.0
SGF,quarterly,Q2 2026,EPS,9.62
SGF,quarterly,Q1 2026,EPS,2.5
SGF,quarterly,Q3 2025,EPS,2.55
SGF,quarterly,Q2 2025,EPS,4.94
SGF,annual,2025,Gross Profit Margin (%),17.39
SGF,annual,2024,Gross Profit Margin (%),16.62
SGF,annual,2023,Gross Profit Margin (%),21.92
SGF,annual,2022,Gross Profit Margin (%),18.6
SGF,annual,2025,Net Profit Margin (%),9.73
SGF,annual,2024,Net Profit Margin (%),6.35
SGF,annual,2023,Net Profit Margin (%),7.85
SGF,annual,2022,Net Profit Margin (%),2.91
SGF,annual,2025,EPS Growth (%),74.67
SGF,annual,2024,EPS Growth (%),-6.61
SGF,annual,2023,EPS Growth (%),244.31
SGF,annual,2022,EPS Growth (%),-20.48
SGF,annual,2025,PEG,0.17
SGF,annual,2024,PEG,-2.81
SGF,annual,2023,PEG,0.04
SGF,annual,2022,PEG,-0.97
SGPL,annual,2025,Sales,6145.0
SGPL,annual,2024,Sales,17302.0
SGPL,annual,2023,Sales,3348.0
SGPL,annual,2026,Profit after Taxation,-8208.0
SGPL,annual,2025,Profit after Taxation,-8405.0
SGPL,annual,2024,Profit after Taxation,1668.0
SGPL,annual,2023,Profit after Taxation,-2904.0
SGPL,annual,2026,EPS,-0.46
SGPL,annual,2025,EPS,-0.47
SGPL,annual,2024,EPS,0.09
SGPL,annual,2023,EPS,-0.16
SGPL,quarterly,Q3 2025,Sales,448.0
SGPL,quarterly,Q3 2026,Profit after Taxation,-493.0
SGPL,quarterly,Q2 2026,Profit after Taxation,-1124.0
SGPL,quarterly,Q1 2026,Profit after Taxation,-266.0
SGPL,quarterly,Q3 2025,Profit after Taxation,-2294.0
SGPL,quarterly,Q3 2026,EPS,-0.03
SGPL,quarterly,Q2 2026,EPS,-0.06
SGPL,quarterly,Q1 2026,EPS,-0.01
SGPL,quarterly,Q3 2025,EPS,-0.13
SGPL,annual,2025,Gross Profit Margin (%),-29.07
SGPL,annual,2024,Gross Profit Margin (%),13.47
SGPL,annual,2023,Gross Profit Margin (%),-81.43
SGPL,annual,2025,Net Profit Margin (%),-136.77
SGPL,annual,2024,Net Profit Margin (%),9.64
SGPL,annual,2023,Net Profit Margin (%),-86.75
SGPL,annual,2026,EPS Growth (%),2.13
SGPL,annual,2025,EPS Growth (%),-600.0
SGPL,annual,2024,EPS Growth (%),157.67
SGPL,annual,2023,EPS Growth (%),-352.78
SGPL,annual,2026,PEG,-81.88
SGPL,annual,2025,PEG,0.03
SGPL,annual,2024,PEG,0.81
SGPL,annual,2023,PEG,0.1
SHCI,annual,2024,Profit after Taxation,-14984.0
SHCI,annual,2023,Profit after Taxation,3130.0
SHCI,annual,2022,Profit after Taxation,-10404.0
SHCI,annual,2021,Profit after Taxation,-4155.0
SHCI,annual,2024,EPS,-1.25
SHCI,annual,2023,EPS,0.78
SHCI,annual,2022,EPS,-0.87
SHCI,annual,2021,EPS,-0.35
SHCI,quarterly,Q3 2025,Profit after Taxation,-525.0
SHCI,quarterly,Q2 2025,Profit after Taxation,-17180.0
SHCI,quarterly,Q1 2025,Profit after Taxation,766.0
SHCI,quarterly,Q3 2024,Profit after Taxation,-1152.0
SHCI,quarterly,Q3 2025,EPS,-0.04
SHCI,quarterly,Q2 2025,EPS,-1.43
SHCI,quarterly,Q1 2025,EPS,0.06
SHCI,quarterly,Q3 2024,EPS,-0.1
SHCI,annual,2024,Gross Profit Margin (%),20.95
SHCI,annual,2023,Gross Profit Margin (%),37.7
SHCI,annual,2024,Net Profit Margin (%),-74.04
SHCI,annual,2023,Net Profit Margin (%),16.63
SHCI,annual,2024,EPS Growth (%),-260.26
SHCI,annual,2023,EPS Growth (%),189.66
SHCI,annual,2022,EPS Growth (%),-148.57
SHCI,annual,2021,EPS Growth (%),41.67
SHCI,annual,2024,PEG,0.02
SHCI,annual,2023,PEG,0.04
SHCI,annual,2022,PEG,0.05
SHCI,annual,2021,PEG,-0.45
SHCM,annual,2026,Sales,737631.0
SHCM,annual,2025,Sales,509963.0
SHCM,annual,2024,Sales,731307.0
SHCM,annual,2023,Sales,349130.0
SHCM,annual,2026,Profit after Taxation,30821.0
SHCM,annual,2025,Profit after Taxation,-16572.0
SHCM,annual,2024,Profit after Taxation,-108698.0
SHCM,annual,2023,Profit after Taxation,93712.0
SHCM,annual,2026,EPS,1.75
SHCM,annual,2025,EPS,-0.94
SHCM,annual,2024,EPS,-6.16
SHCM,annual,2023,EPS,5.31
SHCM,quarterly,Q3 2026,Sales,211285.0
SHCM,quarterly,Q2 2026,Sales,188332.0
SHCM,quarterly,Q1 2026,Sales,75360.0
SHCM,quarterly,Q3 2025,Sales,136232.0
SHCM,quarterly,Q3 2026,Profit after Taxation,-21934.0
SHCM,quarterly,Q2 2026,Profit after Taxation,-14226.0
SHCM,quarterly,Q1 2026,Profit after Taxation,9482.0
SHCM,quarterly,Q3 2025,Profit after Taxation,1090.0
SHCM,quarterly,Q3 2026,EPS,-1.24
SHCM,quarterly,Q2 2026,EPS,-0.81
SHCM,quarterly,Q1 2026,EPS,0.54
SHCM,quarterly,Q3 2025,EPS,0.06
SHCM,annual,2026,Gross Profit Margin (%),0.32
SHCM,annual,2025,Gross Profit Margin (%),-3.86
SHCM,annual,2024,Gross Profit Margin (%),0.67
SHCM,annual,2023,Gross Profit Margin (%),0.74
SHCM,annual,2026,Net Profit Margin (%),4.18
SHCM,annual,2025,Net Profit Margin (%),-3.25
SHCM,annual,2024,Net Profit Margin (%),-14.86
SHCM,annual,2023,Net Profit Margin (%),26.84
SHCM,annual,2026,EPS Growth (%),286.17
SHCM,annual,2025,EPS Growth (%),84.74
SHCM,annual,2024,EPS Growth (%),-216.01
SHCM,annual,2023,EPS Growth (%),742.86
SHCM,annual,2026,PEG,0.1
SHCM,annual,2025,PEG,-0.55
SHCM,annual,2024,PEG,0.01
SHCM,annual,2023,PEG,0.0
SHDT,annual,2026,Sales,7786923.0
SHDT,annual,2025,Sales,8002565.0
SHDT,annual,2024,Sales,7280768.0
SHDT,annual,2023,Sales,5962782.0
SHDT,annual,2026,Profit after Taxation,241384.0
SHDT,annual,2025,Profit after Taxation,185025.0
SHDT,annual,2024,Profit after Taxation,98466.0
SHDT,annual,2023,Profit after Taxation,-107742.0
SHDT,annual,2026,EPS,13.4
SHDT,annual,2025,EPS,11.09
SHDT,annual,2024,EPS,5.93
SHDT,annual,2023,EPS,-6.49
SHDT,quarterly,Q3 2026,Sales,1923735.0
SHDT,quarterly,Q2 2026,Sales,2026149.0
SHDT,quarterly,Q1 2026,Sales,2154417.0
SHDT,quarterly,Q3 2025,Sales,1983363.0
SHDT,quarterly,Q3 2026,Profit after Taxation,36704.0
SHDT,quarterly,Q2 2026,Profit after Taxation,98495.0
SHDT,quarterly,Q1 2026,Profit after Taxation,88805.0
SHDT,quarterly,Q3 2025,Profit after Taxation,50540.0
SHDT,quarterly,Q3 2026,EPS,2.21
SHDT,quarterly,Q2 2026,EPS,5.93
SHDT,quarterly,Q1 2026,EPS,5.35
SHDT,quarterly,Q3 2025,EPS,3.04
SHDT,annual,2026,Gross Profit Margin (%),9.24
SHDT,annual,2025,Gross Profit Margin (%),7.06
SHDT,annual,2024,Gross Profit Margin (%),5.48
SHDT,annual,2023,Gross Profit Margin (%),3.08
SHDT,annual,2026,Net Profit Margin (%),3.1
SHDT,annual,2025,Net Profit Margin (%),2.31
SHDT,annual,2024,Net Profit Margin (%),1.35
SHDT,annual,2023,Net Profit Margin (%),-1.81
SHDT,annual,2026,EPS Growth (%),20.83
SHDT,annual,2025,EPS Growth (%),87.02
SHDT,annual,2024,EPS Growth (%),191.37
SHDT,annual,2023,EPS Growth (%),-155.19
SHDT,annual,2026,PEG,0.25
SHDT,annual,2025,PEG,0.07
SHDT,annual,2024,PEG,0.01
SHDT,annual,2023,PEG,0.01
SHEL,annual,2024,Sales,427946465.0
SHEL,annual,2023,Sales,431650228.0
SHEL,annual,2022,Sales,412699059.0
SHEL,annual,2021,Sales,249209984.0
SHEL,annual,2024,Profit after Taxation,3297349.0
SHEL,annual,2023,Profit after Taxation,5851393.0
SHEL,annual,2022,Profit after Taxation,-72313.0
SHEL,annual,2021,Profit after Taxation,4466855.0
SHEL,annual,2024,EPS,15.41
SHEL,annual,2023,EPS,27.34
SHEL,annual,2022,EPS,-0.34
SHEL,annual,2021,EPS,21.88
SHEL,quarterly,Q3 2024,Sales,102157450.0
SHEL,quarterly,Q2 2024,Sales,112449464.0
SHEL,quarterly,Q1 2024,Sales,107390551.0
SHEL,quarterly,Q3 2023,Sales,109077998.0
SHEL,quarterly,Q3 2024,Profit after Taxation,-594381.0
SHEL,quarterly,Q2 2024,Profit after Taxation,1004267.0
SHEL,quarterly,Q1 2024,Profit after Taxation,313938.0
SHEL,quarterly,Q3 2023,Profit after Taxation,2910419.0
SHEL,quarterly,Q3 2024,EPS,-2.78
SHEL,quarterly,Q2 2024,EPS,4.69
SHEL,quarterly,Q1 2024,EPS,1.47
SHEL,quarterly,Q3 2023,EPS,13.6
SHEL,annual,2024,Gross Profit Margin (%),5.5
SHEL,annual,2023,Gross Profit Margin (%),7.13
SHEL,annual,2022,Gross Profit Margin (%),8.14
SHEL,annual,2021,Gross Profit Margin (%),9.5
SHEL,annual,2024,Net Profit Margin (%),0.77
SHEL,annual,2023,Net Profit Margin (%),1.36
SHEL,annual,2022,Net Profit Margin (%),-0.02
SHEL,annual,2021,Net Profit Margin (%),1.79
SHEL,annual,2024,EPS Growth (%),-43.64
SHEL,annual,2023,EPS Growth (%),8141.18
SHEL,annual,2022,EPS Growth (%),-101.55
SHEL,annual,2021,EPS Growth (%),170.15
SHEL,annual,2024,PEG,-0.32
SHEL,annual,2023,PEG,0.0
SHEL,annual,2022,PEG,3.11
SHEL,annual,2021,PEG,0.03
SHEZ,annual,2026,Sales,9634075.0
SHEZ,annual,2025,Sales,9182592.0
SHEZ,annual,2024,Sales,8154971.0
SHEZ,annual,2023,Sales,8745424.0
SHEZ,annual,2026,Profit after Taxation,354550.0
SHEZ,annual,2025,Profit after Taxation,163050.0
SHEZ,annual,2024,Profit after Taxation,-462809.0
SHEZ,annual,2023,Profit after Taxation,47810.0
SHEZ,annual,2026,EPS,36.69
SHEZ,annual,2025,EPS,16.87
SHEZ,annual,2024,EPS,-47.89
SHEZ,annual,2023,EPS,4.95
SHEZ,quarterly,Q3 2026,Sales,2399629.0
SHEZ,quarterly,Q2 2026,Sales,1619004.0
SHEZ,quarterly,Q1 2026,Sales,2486496.0
SHEZ,quarterly,Q3 2025,Sales,2228036.0
SHEZ,quarterly,Q3 2026,Profit after Taxation,110716.0
SHEZ,quarterly,Q2 2026,Profit after Taxation,-83933.0
SHEZ,quarterly,Q1 2026,Profit after Taxation,111357.0
SHEZ,quarterly,Q3 2025,Profit after Taxation,47786.0
SHEZ,quarterly,Q3 2026,EPS,11.46
SHEZ,quarterly,Q2 2026,EPS,-8.69
SHEZ,quarterly,Q1 2026,EPS,11.52
SHEZ,quarterly,Q3 2025,EPS,4.95
SHEZ,annual,2026,Gross Profit Margin (%),28.04
SHEZ,annual,2025,Gross Profit Margin (%),24.52
SHEZ,annual,2024,Gross Profit Margin (%),19.75
SHEZ,annual,2023,Gross Profit Margin (%),23.79
SHEZ,annual,2026,Net Profit Margin (%),3.68
SHEZ,annual,2025,Net Profit Margin (%),1.78
SHEZ,annual,2024,Net Profit Margin (%),-5.68
SHEZ,annual,2023,Net Profit Margin (%),0.55
SHEZ,annual,2026,EPS Growth (%),117.49
SHEZ,annual,2025,EPS Growth (%),135.23
SHEZ,annual,2024,EPS Growth (%),-1067.47
SHEZ,annual,2023,EPS Growth (%),-40.15
SHEZ,annual,2026,PEG,0.07
SHEZ,annual,2025,PEG,0.08
SHEZ,annual,2024,PEG,0.0
SHEZ,annual,2023,PEG,-0.53
SHFA,annual,2026,Sales,30283833.0
SHFA,annual,2025,Sales,27967661.0
SHFA,annual,2024,Sales,23563840.0
SHFA,annual,2023,Sales,19721425.0
SHFA,annual,2026,Profit after Taxation,2792549.0
SHFA,annual,2025,Profit after Taxation,2328980.0
SHFA,annual,2024,Profit after Taxation,1362074.0
SHFA,annual,2023,Profit after Taxation,1181406.0
SHFA,quarterly,Q3 2026,Sales,7295690.0
SHFA,quarterly,Q2 2026,Sales,7771133.0
SHFA,quarterly,Q1 2026,Sales,7615508.0
SHFA,quarterly,Q3 2025,Sales,6948721.0
SHFA,quarterly,Q3 2026,Profit after Taxation,591484.0
SHFA,quarterly,Q2 2026,Profit after Taxation,874253.0
SHFA,quarterly,Q1 2026,Profit after Taxation,743577.0
SHFA,quarterly,Q3 2025,Profit after Taxation,569442.0
SHFA,annual,2026,Gross Profit Margin (%),100.0
SHFA,annual,2025,Gross Profit Margin (%),100.0
SHFA,annual,2024,Gross Profit Margin (%),100.0
SHFA,annual,2023,Gross Profit Margin (%),100.0
SHFA,annual,2026,Net Profit Margin (%),9.22
SHFA,annual,2025,Net Profit Margin (%),8.33
SHFA,annual,2024,Net Profit Margin (%),5.78
SHFA,annual,2023,Net Profit Margin (%),5.99
SHFA,annual,2026,EPS Growth (%),19.76
SHFA,annual,2025,EPS Growth (%),70.95
SHFA,annual,2024,EPS Growth (%),15.3
SHFA,annual,2023,EPS Growth (%),1.63
SHFA,annual,2026,PEG,0.58
SHFA,annual,2025,PEG,0.18
SHFA,annual,2024,PEG,0.44
SHFA,annual,2023,PEG,4.02
SHJS,annual,2025,Sales,8648772.0
SHJS,annual,2024,Sales,8821018.0
SHJS,annual,2023,Sales,9476053.0
SHJS,annual,2022,Sales,6615125.0
SHJS,annual,2025,Profit after Taxation,32679.0
SHJS,annual,2024,Profit after Taxation,32145.0
SHJS,annual,2023,Profit after Taxation,405472.0
SHJS,annual,2022,Profit after Taxation,1077.0
SHJS,annual,2025,EPS,2.72
SHJS,annual,2024,EPS,2.68
SHJS,annual,2023,EPS,33.76
SHJS,annual,2022,EPS,0.09
SHJS,quarterly,Q3 2026,Sales,1902232.0
SHJS,quarterly,Q2 2026,Sales,3031076.0
SHJS,quarterly,Q1 2026,Sales,1682499.0
SHJS,quarterly,Q3 2025,Sales,2121714.0
SHJS,quarterly,Q3 2026,Profit after Taxation,-295456.0
SHJS,quarterly,Q2 2026,Profit after Taxation,193327.0
SHJS,quarterly,Q1 2026,Profit after Taxation,8652.0
SHJS,quarterly,Q3 2025,Profit after Taxation,48877.0
SHJS,quarterly,Q3 2026,EPS,-24.6
SHJS,quarterly,Q2 2026,EPS,16.1
SHJS,quarterly,Q1 2026,EPS,0.72
SHJS,quarterly,Q3 2025,EPS,4.07
SHJS,annual,2025,Gross Profit Margin (%),9.94
SHJS,annual,2024,Gross Profit Margin (%),10.51
SHJS,annual,2023,Gross Profit Margin (%),16.79
SHJS,annual,2022,Gross Profit Margin (%),11.7
SHJS,annual,2025,Net Profit Margin (%),0.38
SHJS,annual,2024,Net Profit Margin (%),0.36
SHJS,annual,2023,Net Profit Margin (%),4.28
SHJS,annual,2022,Net Profit Margin (%),0.02
SHJS,annual,2025,EPS Growth (%),1.49
SHJS,annual,2024,EPS Growth (%),-92.06
SHJS,annual,2023,EPS Growth (%),37411.11
SHJS,annual,2022,EPS Growth (%),-99.47
SHJS,annual,2025,PEG,41.16
SHJS,annual,2024,PEG,-0.35
SHJS,annual,2023,PEG,0.0
SHJS,annual,2022,PEG,-5.16
SHNI,annual,2025,Profit after Taxation,152336.0
SHNI,annual,2024,Profit after Taxation,165269.0
SHNI,annual,2023,Profit after Taxation,116304.0
SHNI,annual,2022,Profit after Taxation,53376.0
SHNI,annual,2025,EPS,1.89
SHNI,annual,2024,EPS,2.05
SHNI,annual,2023,EPS,1.94
SHNI,annual,2022,EPS,0.89
SHNI,quarterly,Q2 2026,Profit after Taxation,74464.0
SHNI,quarterly,Q1 2026,Profit after Taxation,31830.0
SHNI,quarterly,Q3 2025,Profit after Taxation,31220.0
SHNI,quarterly,Q2 2025,Profit after Taxation,37000.0
SHNI,quarterly,Q2 2026,EPS,0.71
SHNI,quarterly,Q1 2026,EPS,0.39
SHNI,quarterly,Q3 2025,EPS,0.39
SHNI,quarterly,Q2 2025,EPS,0.35
SHNI,annual,2025,Gross Profit Margin (%),6.88
SHNI,annual,2024,Gross Profit Margin (%),7.2
SHNI,annual,2023,Gross Profit Margin (%),5.03
SHNI,annual,2022,Gross Profit Margin (%),-11.82
SHNI,annual,2025,Net Profit Margin (%),13.53
SHNI,annual,2024,Net Profit Margin (%),17.94
SHNI,annual,2023,Net Profit Margin (%),26.21
SHNI,annual,2022,Net Profit Margin (%),17.74
SHNI,annual,2025,EPS Growth (%),-7.8
SHNI,annual,2024,EPS Growth (%),5.67
SHNI,annual,2023,EPS Growth (%),117.98
SHNI,annual,2022,EPS Growth (%),71.15
SHNI,annual,2025,PEG,-0.69
SHNI,annual,2024,PEG,0.58
SHNI,annual,2023,PEG,0.02
SHNI,annual,2022,PEG,0.05
SHSML,annual,2025,Sales,23465318.0
SHSML,annual,2024,Sales,25737193.0
SHSML,annual,2023,Sales,22884469.0
SHSML,annual,2022,Sales,17806813.0
SHSML,annual,2025,Profit after Taxation,911356.0
SHSML,annual,2024,Profit after Taxation,52400.0
SHSML,annual,2023,Profit after Taxation,3827611.0
SHSML,annual,2022,Profit after Taxation,1650851.0
SHSML,annual,2025,EPS,43.15
SHSML,annual,2024,EPS,2.48
SHSML,annual,2023,EPS,181.24
SHSML,annual,2022,EPS,78.17
SHSML,quarterly,Q3 2026,Sales,7878976.0
SHSML,quarterly,Q2 2026,Sales,2941365.0
SHSML,quarterly,Q1 2026,Sales,4376710.0
SHSML,quarterly,Q3 2025,Sales,6015205.0
SHSML,quarterly,Q3 2026,Profit after Taxation,196093.0
SHSML,quarterly,Q2 2026,Profit after Taxation,167241.0
SHSML,quarterly,Q1 2026,Profit after Taxation,152471.0
SHSML,quarterly,Q3 2025,Profit after Taxation,293974.0
SHSML,quarterly,Q3 2026,EPS,9.29
SHSML,quarterly,Q2 2026,EPS,7.92
SHSML,quarterly,Q1 2026,EPS,7.22
SHSML,quarterly,Q3 2025,EPS,13.92
SHSML,annual,2025,Gross Profit Margin (%),10.56
SHSML,annual,2024,Gross Profit Margin (%),8.48
SHSML,annual,2023,Gross Profit Margin (%),24.64
SHSML,annual,2022,Gross Profit Margin (%),19.38
SHSML,annual,2025,Net Profit Margin (%),3.88
SHSML,annual,2024,Net Profit Margin (%),0.2
SHSML,annual,2023,Net Profit Margin (%),16.73
SHSML,annual,2022,Net Profit Margin (%),9.27
SHSML,annual,2025,EPS Growth (%),1639.92
SHSML,annual,2024,EPS Growth (%),-98.63
SHSML,annual,2023,EPS Growth (%),131.85
SHSML,annual,2022,EPS Growth (%),1117.6
SHSML,annual,2025,PEG,0.01
SHSML,annual,2024,PEG,-1.41
SHSML,annual,2023,PEG,0.01
SHSML,annual,2022,PEG,0.0
SIBL,annual,2025,EPS,0.34
SIBL,annual,2024,EPS,1.31
SIBL,annual,2023,EPS,1.35
SIBL,annual,2022,EPS,-0.64
SIBL,quarterly,Q2 2026,EPS,0.02
SIBL,quarterly,Q1 2026,EPS,0.07
SIBL,quarterly,Q3 2025,EPS,0.09
SIBL,quarterly,Q2 2025,EPS,0.1
SIBL,annual,2025,Net Profit Margin (%),17.66
SIBL,annual,2024,Net Profit Margin (%),55.6
SIBL,annual,2023,Net Profit Margin (%),63.18
SIBL,annual,2022,Net Profit Margin (%),-66.98
SIBL,annual,2025,EPS Growth (%),-74.18
SIBL,annual,2024,EPS Growth (%),-2.97
SIBL,annual,2023,EPS Growth (%),309.8
SIBL,annual,2022,EPS Growth (%),-231.76
SIBL,annual,2025,PEG,-0.34
SIBL,annual,2024,PEG,-2.57
SIBL,annual,2023,PEG,0.01
SIBL,annual,2022,PEG,0.03
SICL,annual,2022,Profit after Taxation,-1505631.0
SICL,annual,2021,Profit after Taxation,-13020965.0
SICL,annual,2020,Profit after Taxation,-8978333.0
SICL,annual,2019,Profit after Taxation,-1750035.0
SICL,annual,2022,EPS,-1.51
SICL,annual,2021,EPS,-13.02
SICL,annual,2020,EPS,-8.98
SICL,annual,2019,EPS,-1.75
SICL,quarterly,Q2 2022,Profit after Taxation,-1625511.0
SICL,quarterly,Q2 2021,Profit after Taxation,-28975608.0
SICL,quarterly,Q2 2022,EPS,-1.63
SICL,quarterly,Q2 2021,EPS,-28.98
SICL,annual,2022,EPS Growth (%),88.4
SICL,annual,2021,EPS Growth (%),-44.99
SICL,annual,2020,EPS Growth (%),-413.14
SICL,annual,2022,PEG,-0.33
SICL,annual,2021,PEG,0.08
SICL,annual,2020,PEG,0.01
SIEM,annual,2025,Sales,8854548.0
SIEM,annual,2024,Sales,9697992.0
SIEM,annual,2023,Sales,29351725.0
SIEM,annual,2022,Sales,21484209.0
SIEM,annual,2025,Profit after Taxation,829413.0
SIEM,annual,2024,Profit after Taxation,-2048087.0
SIEM,annual,2023,Profit after Taxation,970844.0
SIEM,annual,2022,Profit after Taxation,1680849.0
SIEM,annual,2025,EPS,100.57
SIEM,annual,2024,EPS,-248.34
SIEM,annual,2023,EPS,117.72
SIEM,annual,2022,EPS,203.81
SIEM,quarterly,Q3 2026,Sales,1850439.0
SIEM,quarterly,Q2 2026,Sales,1616235.0
SIEM,quarterly,Q1 2026,Sales,1888047.0
SIEM,quarterly,Q3 2025,Sales,3168521.0
SIEM,quarterly,Q3 2026,Profit after Taxation,-35454.0
SIEM,quarterly,Q2 2026,Profit after Taxation,-47282.0
SIEM,quarterly,Q1 2026,Profit after Taxation,59924.0
SIEM,quarterly,Q3 2025,Profit after Taxation,185729.0
SIEM,quarterly,Q3 2026,EPS,-4.3
SIEM,quarterly,Q2 2026,EPS,-5.73
SIEM,quarterly,Q1 2026,EPS,7.27
SIEM,quarterly,Q3 2025,EPS,22.52
SIEM,annual,2025,Gross Profit Margin (%),15.94
SIEM,annual,2024,Gross Profit Margin (%),11.98
SIEM,annual,2023,Gross Profit Margin (%),7.81
SIEM,annual,2022,Gross Profit Margin (%),23.22
SIEM,annual,2025,Net Profit Margin (%),9.37
SIEM,annual,2024,Net Profit Margin (%),-21.12
SIEM,annual,2023,Net Profit Margin (%),3.31
SIEM,annual,2022,Net Profit Margin (%),7.82
SIEM,annual,2025,EPS Growth (%),140.5
SIEM,annual,2024,EPS Growth (%),-310.96
SIEM,annual,2023,EPS Growth (%),-42.24
SIEM,annual,2022,EPS Growth (%),97.74
SIEM,annual,2025,PEG,0.11
SIEM,annual,2024,PEG,0.01
SIEM,annual,2023,PEG,-0.13
SIEM,annual,2022,PEG,0.04
SILK,annual,2024,Mark-up Earned,40167417.0
SILK,annual,2023,Mark-up Earned,41134988.0
SILK,annual,2022,Mark-up Earned,27340292.0
SILK,annual,2021,Mark-up Earned,16605275.0
SILK,annual,2024,Total Income,-9594470.0
SILK,annual,2023,Total Income,-8293878.0
SILK,annual,2022,Total Income,902502.0
SILK,annual,2021,Total Income,-1087270.0
SILK,annual,2024,Profit after Taxation,-13042674.0
SILK,annual,2023,Profit after Taxation,-12786437.0
SILK,annual,2022,Profit after Taxation,-6386345.0
SILK,annual,2021,Profit after Taxation,-12281221.0
SILK,annual,2024,EPS,-1.44
SILK,annual,2023,EPS,-1.41
SILK,annual,2022,EPS,-0.7
SILK,annual,2021,EPS,-1.35
SILK,quarterly,Q3 2024,Mark-up Earned,10325220.0
SILK,quarterly,Q2 2024,Mark-up Earned,10286127.0
SILK,quarterly,Q1 2024,Mark-up Earned,10626997.0
SILK,quarterly,Q3 2023,Mark-up Earned,12697698.0
SILK,quarterly,Q3 2024,Total Income,-2424946.0
SILK,quarterly,Q2 2024,Total Income,-3406715.0
SILK,quarterly,Q1 2024,Total Income,-2884418.0
SILK,quarterly,Q3 2023,Total Income,-1548736.0
SILK,quarterly,Q3 2024,Profit after Taxation,-3146939.0
SILK,quarterly,Q2 2024,Profit after Taxation,-6280794.0
SILK,quarterly,Q1 2024,Profit after Taxation,-3242517.0
SILK,quarterly,Q3 2023,Profit after Taxation,-5635478.0
SILK,quarterly,Q3 2024,EPS,-0.35
SILK,quarterly,Q2 2024,EPS,-0.69
SILK,quarterly,Q1 2024,EPS,-0.36
SILK,quarterly,Q3 2023,EPS,-0.28
SILK,annual,2024,Net Profit Margin (%),-32.47
SILK,annual,2023,Net Profit Margin (%),-31.08
SILK,annual,2022,Net Profit Margin (%),-23.36
SILK,annual,2021,Net Profit Margin (%),-73.96
SILK,annual,2024,EPS Growth (%),-2.13
SILK,annual,2023,EPS Growth (%),-101.43
SILK,annual,2022,EPS Growth (%),48.15
SILK,annual,2021,EPS Growth (%),-87.5
SILK,annual,2024,PEG,0.33
SILK,annual,2022,PEG,-0.03
SILK,annual,2021,PEG,0.01
SINDM,annual,2026,Profit after Taxation,161347.0
SINDM,annual,2025,Profit after Taxation,180114.0
SINDM,annual,2024,Profit after Taxation,201331.0
SINDM,annual,2023,Profit after Taxation,130411.0
SINDM,quarterly,Q3 2026,Profit after Taxation,36557.0
SINDM,quarterly,Q2 2026,Profit after Taxation,39183.0
SINDM,quarterly,Q1 2026,Profit after Taxation,36386.0
SINDM,quarterly,Q3 2025,Profit after Taxation,36706.0
SINDM,annual,2026,EPS Growth (%),-10.25
SINDM,annual,2025,EPS Growth (%),-10.51
SINDM,annual,2024,EPS Growth (%),54.14
SINDM,annual,2023,EPS Growth (%),97.28
SINDM,annual,2026,PEG,-0.62
SINDM,annual,2025,PEG,-0.3
SINDM,annual,2024,PEG,0.04
SINDM,annual,2023,PEG,0.03
SING,annual,2017,Sales,3685623.0
SING,annual,2016,Sales,1399606.0
SING,annual,2015,Sales,1487934.0
SING,annual,2014,Sales,1668291.0
SING,annual,2017,Profit after Taxation,327508.0
SING,annual,2016,Profit after Taxation,95377.0
SING,annual,2015,Profit after Taxation,-150766.0
SING,annual,2014,Profit after Taxation,-285719.0
SING,annual,2017,EPS,3.5
SING,annual,2016,EPS,2.1
SING,annual,2015,EPS,-3.32
SING,annual,2014,EPS,-6.29
SING,annual,2017,Gross Profit Margin (%),29.77
SING,annual,2016,Gross Profit Margin (%),34.96
SING,annual,2015,Gross Profit Margin (%),20.07
SING,annual,2014,Gross Profit Margin (%),23.7
SING,annual,2017,Net Profit Margin (%),8.89
SING,annual,2016,Net Profit Margin (%),6.81
SING,annual,2015,Net Profit Margin (%),-10.13
SING,annual,2014,Net Profit Margin (%),-17.13
SING,annual,2017,EPS Growth (%),66.67
SING,annual,2016,EPS Growth (%),163.25
SING,annual,2015,EPS Growth (%),47.22
SING,annual,2014,EPS Growth (%),-886.25
SING,annual,2017,PEG,0.16
SING,annual,2016,PEG,0.15
SING,annual,2015,PEG,-0.18
SING,annual,2014,PEG,0.0
SITC,annual,2026,Sales,32552862.0
SITC,annual,2025,Sales,32530216.0
SITC,annual,2024,Sales,31111880.0
SITC,annual,2023,Sales,27492639.0
SITC,annual,2026,Profit after Taxation,1450275.0
SITC,annual,2025,Profit after Taxation,939275.0
SITC,annual,2024,Profit after Taxation,585508.0
SITC,annual,2023,Profit after Taxation,993351.0
SITC,annual,2026,EPS,67.68
SITC,annual,2025,EPS,43.83
SITC,annual,2024,EPS,27.32
SITC,annual,2023,EPS,46.35
SITC,quarterly,Q3 2025,Sales,8359046.0
SITC,quarterly,Q2 2026,Sales,7767566.0
SITC,quarterly,Q1 2026,Sales,7917940.0
SITC,quarterly,Q3 2025,Sales,8359046.0
SITC,quarterly,Q3 2025,Profit after Taxation,347108.0
SITC,quarterly,Q2 2026,Profit after Taxation,375735.0
SITC,quarterly,Q1 2026,Profit after Taxation,349043.0
SITC,quarterly,Q3 2025,Profit after Taxation,347108.0
SITC,quarterly,Q3 2025,EPS,16.2
SITC,quarterly,Q2 2026,EPS,17.53
SITC,quarterly,Q1 2026,EPS,16.29
SITC,quarterly,Q3 2025,EPS,16.2
SITC,annual,2026,Gross Profit Margin (%),18.91
SITC,annual,2025,Gross Profit Margin (%),17.27
SITC,annual,2024,Gross Profit Margin (%),15.81
SITC,annual,2023,Gross Profit Margin (%),16.29
SITC,annual,2026,Net Profit Margin (%),4.46
SITC,annual,2025,Net Profit Margin (%),2.89
SITC,annual,2024,Net Profit Margin (%),1.88
SITC,annual,2023,Net Profit Margin (%),3.61
SITC,annual,2026,EPS Growth (%),54.41
SITC,annual,2025,EPS Growth (%),60.43
SITC,annual,2024,EPS Growth (%),-41.06
SITC,annual,2023,EPS Growth (%),51.47
SITC,annual,2026,PEG,0.23
SITC,annual,2025,PEG,0.19
SITC,annual,2024,PEG,-0.31
SITC,annual,2023,PEG,0.09
SJTM,annual,2017,Sales,139813.0
SJTM,annual,2016,Sales,793087.0
SJTM,annual,2019,Profit after Taxation,-51846.0
SJTM,annual,2018,Profit after Taxation,-83172.0
SJTM,annual,2017,Profit after Taxation,-74424.0
SJTM,annual,2016,Profit after Taxation,-282104.0
SJTM,annual,2019,EPS,-2.44
SJTM,annual,2018,EPS,-3.91
SJTM,annual,2017,EPS,-3.5
SJTM,annual,2016,EPS,-13.26
SJTM,quarterly,Q3 2020,Profit after Taxation,-9953.0
SJTM,quarterly,Q2 2020,Profit after Taxation,-12382.0
SJTM,quarterly,Q1 2020,Profit after Taxation,-13849.0
SJTM,quarterly,Q3 2019,Profit after Taxation,-11537.0
SJTM,quarterly,Q3 2020,EPS,-0.47
SJTM,quarterly,Q2 2020,EPS,-0.58
SJTM,quarterly,Q1 2020,EPS,-0.65
SJTM,quarterly,Q3 2019,EPS,-0.54
SJTM,annual,2017,Gross Profit Margin (%),-24.69
SJTM,annual,2016,Gross Profit Margin (%),-28.61
SJTM,annual,2017,Net Profit Margin (%),-53.23
SJTM,annual,2016,Net Profit Margin (%),-35.57
SJTM,annual,2019,EPS Growth (%),37.6
SJTM,annual,2018,EPS Growth (%),-11.71
SJTM,annual,2017,EPS Growth (%),73.6
SJTM,annual,2016,EPS Growth (%),-508.26
SJTM,annual,2019,PEG,-0.01
SJTM,annual,2018,PEG,0.09
SJTM,annual,2017,PEG,-0.02
SJTM,annual,2016,PEG,0.0
SKRS,annual,2025,Profit after Taxation,-16950.0
SKRS,annual,2024,Profit after Taxation,-245990.0
SKRS,annual,2023,Profit after Taxation,-156067.0
SKRS,annual,2022,Profit after Taxation,-297848.0
SKRS,annual,2025,EPS,-0.38
SKRS,annual,2024,EPS,-5.51
SKRS,annual,2023,EPS,-3.5
SKRS,annual,2022,EPS,-6.68
SKRS,quarterly,Q3 2026,Profit after Taxation,3867.0
SKRS,quarterly,Q2 2026,Profit after Taxation,281142.0
SKRS,quarterly,Q1 2026,Profit after Taxation,2724.0
SKRS,quarterly,Q3 2025,Profit after Taxation,-41188.0
SKRS,quarterly,Q3 2026,EPS,0.09
SKRS,quarterly,Q2 2026,EPS,6.3
SKRS,quarterly,Q1 2026,EPS,0.06
SKRS,quarterly,Q3 2025,EPS,-0.92
SKRS,annual,2025,Gross Profit Margin (%),3.51
SKRS,annual,2024,Gross Profit Margin (%),-1.93
SKRS,annual,2023,Gross Profit Margin (%),3.7
SKRS,annual,2022,Gross Profit Margin (%),-1.92
SKRS,annual,2025,Net Profit Margin (%),-0.44
SKRS,annual,2024,Net Profit Margin (%),-7.37
SKRS,annual,2023,Net Profit Margin (%),-5.94
SKRS,annual,2022,Net Profit Margin (%),-7.46
SKRS,annual,2025,EPS Growth (%),93.1
SKRS,annual,2024,EPS Growth (%),-57.43
SKRS,annual,2023,EPS Growth (%),47.6
SKRS,annual,2022,EPS Growth (%),17.12
SKRS,annual,2025,PEG,-0.59
SKRS,annual,2024,PEG,0.03
SKRS,annual,2023,PEG,-0.05
SKRS,annual,2022,PEG,-0.09
SLCL,annual,2025,EPS,-0.09
SLCL,annual,2024,EPS,0.44
SLCL,annual,2023,EPS,-0.58
SLCL,annual,2022,EPS,-0.24
SLCL,quarterly,Q1 2025,EPS,0.02
SLCL,quarterly,Q3 2024,EPS,0.01
SLCL,annual,2025,Net Profit Margin (%),-18.75
SLCL,annual,2024,Net Profit Margin (%),47.58
SLCL,annual,2023,Net Profit Margin (%),-135.21
SLCL,annual,2022,Net Profit Margin (%),-100.31
SLCL,annual,2025,EPS Growth (%),-120.45
SLCL,annual,2024,EPS Growth (%),175.86
SLCL,annual,2023,EPS Growth (%),-141.67
SLCL,annual,2022,EPS Growth (%),35.14
SLCL,annual,2025,PEG,0.09
SLCL,annual,2024,PEG,0.01
SLCL,annual,2023,PEG,0.01
SLCL,annual,2022,PEG,-0.12
SLGL,annual,2025,Sales,1138622.0
SLGL,annual,2024,Sales,1803632.0
SLGL,annual,2023,Sales,1566829.0
SLGL,annual,2025,Profit after Taxation,777389.0
SLGL,annual,2024,Profit after Taxation,615131.0
SLGL,annual,2023,Profit after Taxation,353875.0
SLGL,annual,2025,EPS,2.25
SLGL,annual,2024,EPS,2.49
SLGL,annual,2023,EPS,2.13
SLGL,quarterly,Q2 2026,Sales,302230.0
SLGL,quarterly,Q1 2026,Sales,280159.0
SLGL,quarterly,Q3 2025,Sales,412309.0
SLGL,quarterly,Q2 2025,Sales,362181.0
SLGL,quarterly,Q2 2026,Profit after Taxation,249234.0
SLGL,quarterly,Q1 2026,Profit after Taxation,212006.0
SLGL,quarterly,Q3 2025,Profit after Taxation,271424.0
SLGL,quarterly,Q2 2025,Profit after Taxation,160814.0
SLGL,quarterly,Q2 2026,EPS,0.59
SLGL,quarterly,Q1 2026,EPS,0.5
SLGL,quarterly,Q3 2025,EPS,0.65
SLGL,quarterly,Q2 2025,EPS,0.59
SLGL,annual,2025,Gross Profit Margin (%),29.29
SLGL,annual,2024,Gross Profit Margin (%),26.81
SLGL,annual,2023,Gross Profit Margin (%),25.07
SLGL,annual,2022,Gross Profit Margin (%),28.89
SLGL,annual,2025,Net Profit Margin (%),68.27
SLGL,annual,2024,Net Profit Margin (%),34.11
SLGL,annual,2023,Net Profit Margin (%),22.59
SLGL,annual,2022,Net Profit Margin (%),20.28
SLGL,annual,2025,EPS Growth (%),-9.64
SLGL,annual,2024,EPS Growth (%),16.9
SLGL,annual,2023,EPS Growth (%),25.29
SLGL,annual,2025,PEG,-1.07
SLGL,annual,2024,PEG,0.38
SLL,annual,2023,Profit after Taxation,-69350.0
SLL,annual,2022,Profit after Taxation,1230.0
SLL,annual,2021,Profit after Taxation,-13399.0
SLL,annual,2020,Profit after Taxation,-57677.0
SLL,quarterly,Q3 2023,Profit after Taxation,-14117.0
SLL,quarterly,Q2 2023,Profit after Taxation,-14432.0
SLL,quarterly,Q1 2023,Profit after Taxation,-12671.0
SLL,quarterly,Q3 2022,Profit after Taxation,1910.0
SLL,annual,2023,Net Profit Margin (%),-545.71
SLL,annual,2022,Net Profit Margin (%),5.86
SLL,annual,2021,Net Profit Margin (%),-62.63
SLL,annual,2020,Net Profit Margin (%),-262.7
SLL,annual,2023,EPS Growth (%),-5525.0
SLL,annual,2022,EPS Growth (%),109.52
SLL,annual,2021,EPS Growth (%),76.67
SLL,annual,2020,EPS Growth (%),-60.71
SLL,annual,2023,PEG,0.0
SLL,annual,2022,PEG,0.62
SLL,annual,2021,PEG,-0.11
SLL,annual,2020,PEG,0.03
SLM,annual,2026,Sales,71708895.0
SLM,annual,2025,Sales,49840191.0
SLM,annual,2026,Profit after Taxation,13528977.0
SLM,annual,2025,Profit after Taxation,10025318.0
SLM,annual,2026,EPS,1.83
SLM,annual,2025,EPS,1.4
SLM,annual,2026,Gross Profit Margin (%),25.31
SLM,annual,2025,Gross Profit Margin (%),21.57
SLM,annual,2024,Gross Profit Margin (%),24.68
SLM,annual,2026,Net Profit Margin (%),18.87
SLM,annual,2025,Net Profit Margin (%),20.11
SLM,annual,2024,Net Profit Margin (%),14.12
SLM,annual,2026,EPS Growth (%),30.88
SLM,annual,2025,EPS Growth (%),-64.94
SLM,annual,2026,PEG,0.45
SLYT,annual,2026,Profit after Taxation,-30574.0
SLYT,annual,2025,Profit after Taxation,-29197.0
SLYT,annual,2024,Profit after Taxation,-195115.0
SLYT,annual,2023,Profit after Taxation,-96167.0
SLYT,annual,2026,EPS,-3.48
SLYT,annual,2025,EPS,-3.33
SLYT,annual,2024,EPS,-22.24
SLYT,annual,2023,EPS,-10.96
SLYT,quarterly,Q3 2026,Profit after Taxation,-8250.0
SLYT,quarterly,Q2 2026,Profit after Taxation,-8280.0
SLYT,quarterly,Q1 2026,Profit after Taxation,-8447.0
SLYT,quarterly,Q3 2025,Profit after Taxation,-8622.0
SLYT,quarterly,Q3 2026,EPS,-0.94
SLYT,quarterly,Q2 2026,EPS,-0.94
SLYT,quarterly,Q1 2026,EPS,-0.96
SLYT,quarterly,Q3 2025,EPS,-0.98
SLYT,annual,2026,EPS Growth (%),-4.5
SLYT,annual,2025,EPS Growth (%),85.03
SLYT,annual,2024,EPS Growth (%),-102.92
SLYT,annual,2023,EPS Growth (%),-205.89
SLYT,annual,2026,PEG,0.95
SLYT,annual,2025,PEG,-0.04
SLYT,annual,2024,PEG,0.0
SLYT,annual,2023,PEG,0.0
SMBL,annual,2022,Mark-up Earned,8140810.0
SMBL,annual,2021,Mark-up Earned,4565026.0
SMBL,annual,2020,Mark-up Earned,5114028.0
SMBL,annual,2019,Mark-up Earned,5909299.0
SMBL,annual,2022,Total Income,-866661.0
SMBL,annual,2021,Total Income,197711.0
SMBL,annual,2020,Total Income,15102.0
SMBL,annual,2019,Total Income,-74975.0
SMBL,annual,2022,Profit after Taxation,-3166888.0
SMBL,annual,2021,Profit after Taxation,-2886924.0
SMBL,annual,2020,Profit after Taxation,-6947981.0
SMBL,annual,2019,Profit after Taxation,-9450619.0
SMBL,annual,2022,EPS,-1.2
SMBL,annual,2021,EPS,-1.09
SMBL,annual,2020,EPS,-2.63
SMBL,annual,2019,EPS,-3.58
SMBL,quarterly,Q3 2023,Mark-up Earned,9971426.0
SMBL,quarterly,Q2 2023,Mark-up Earned,6492251.0
SMBL,quarterly,Q1 2023,Mark-up Earned,3609391.0
SMBL,quarterly,Q3 2022,Mark-up Earned,2379484.0
SMBL,quarterly,Q3 2023,Total Income,-472974.0
SMBL,quarterly,Q2 2023,Total Income,133321.0
SMBL,quarterly,Q1 2023,Total Income,-372438.0
SMBL,quarterly,Q3 2022,Total Income,-268770.0
SMBL,quarterly,Q3 2023,Profit after Taxation,-2053558.0
SMBL,quarterly,Q2 2023,Profit after Taxation,-793872.0
SMBL,quarterly,Q1 2023,Profit after Taxation,-927920.0
SMBL,quarterly,Q3 2022,Profit after Taxation,-1322278.0
SMBL,quarterly,Q3 2023,EPS,-0.34
SMBL,quarterly,Q2 2023,EPS,-0.08
SMBL,quarterly,Q1 2023,EPS,-0.35
SMBL,quarterly,Q3 2022,EPS,-0.51
SMBL,annual,2022,Net Profit Margin (%),-38.9
SMBL,annual,2021,Net Profit Margin (%),-63.24
SMBL,annual,2020,Net Profit Margin (%),-135.86
SMBL,annual,2019,Net Profit Margin (%),-159.93
SMBL,annual,2022,EPS Growth (%),-10.09
SMBL,annual,2021,EPS Growth (%),58.56
SMBL,annual,2020,EPS Growth (%),26.54
SMBL,annual,2019,EPS Growth (%),-7.83
SMBL,annual,2022,PEG,0.14
SMBL,annual,2021,PEG,-0.04
SMBL,annual,2020,PEG,-0.03
SMBL,annual,2019,PEG,0.04
SMCPL,annual,2026,Sales,2227393.0
SMCPL,annual,2025,Sales,1652008.0
SMCPL,annual,2024,Sales,1262480.0
SMCPL,annual,2023,Sales,1432035.0
SMCPL,annual,2026,EPS,5.01
SMCPL,annual,2025,EPS,4.11
SMCPL,annual,2024,EPS,4.57
SMCPL,annual,2023,EPS,5.33
SMCPL,quarterly,Q3 2026,Sales,556560.0
SMCPL,quarterly,Q2 2026,Sales,578496.0
SMCPL,quarterly,Q1 2026,Sales,596292.0
SMCPL,quarterly,Q3 2025,Sales,440764.0
SMCPL,quarterly,Q3 2026,EPS,0.89
SMCPL,quarterly,Q2 2026,EPS,1.26
SMCPL,quarterly,Q1 2026,EPS,1.87
SMCPL,quarterly,Q3 2025,EPS,0.57
SMCPL,annual,2026,Gross Profit Margin (%),14.76
SMCPL,annual,2025,Gross Profit Margin (%),15.52
SMCPL,annual,2024,Gross Profit Margin (%),20.6
SMCPL,annual,2023,Gross Profit Margin (%),22.43
SMCPL,annual,2026,Net Profit Margin (%),5.62
SMCPL,annual,2025,Net Profit Margin (%),6.22
SMCPL,annual,2024,Net Profit Margin (%),9.04
SMCPL,annual,2023,Net Profit Margin (%),9.31
SMCPL,annual,2026,EPS Growth (%),21.9
SMCPL,annual,2025,EPS Growth (%),-10.07
SMCPL,annual,2024,EPS Growth (%),-14.26
SMCPL,annual,2023,EPS Growth (%),186.56
SMCPL,annual,2026,PEG,0.42
SMCPL,annual,2025,PEG,-0.56
SMCPL,annual,2024,PEG,-0.3
SMCPL,annual,2023,PEG,0.02
SML,annual,2025,Sales,5515540.0
SML,annual,2024,Sales,8831779.0
SML,annual,2023,Sales,9561824.0
SML,annual,2022,Sales,12325570.0
SML,annual,2025,Profit after Taxation,-2592804.0
SML,annual,2024,Profit after Taxation,-2937775.0
SML,annual,2023,Profit after Taxation,-546219.0
SML,annual,2022,Profit after Taxation,-225302.0
SML,annual,2025,EPS,-20.74
SML,annual,2024,EPS,-23.5
SML,annual,2023,EPS,-4.37
SML,annual,2022,EPS,-1.8
SML,quarterly,Q3 2026,Sales,391765.0
SML,quarterly,Q2 2026,Sales,9071728.0
SML,quarterly,Q1 2026,Sales,2080022.0
SML,quarterly,Q3 2025,Sales,39469.0
SML,quarterly,Q3 2026,Profit after Taxation,-686914.0
SML,quarterly,Q2 2026,Profit after Taxation,-1299247.0
SML,quarterly,Q1 2026,Profit after Taxation,-762145.0
SML,quarterly,Q3 2025,Profit after Taxation,-377894.0
SML,quarterly,Q3 2026,EPS,-5.5
SML,quarterly,Q2 2026,EPS,-10.39
SML,quarterly,Q1 2026,EPS,-6.1
SML,quarterly,Q3 2025,EPS,-3.02
SML,annual,2025,Gross Profit Margin (%),-31.61
SML,annual,2024,Gross Profit Margin (%),-22.53
SML,annual,2023,Gross Profit Margin (%),-3.38
SML,annual,2022,Gross Profit Margin (%),3.01
SML,annual,2025,Net Profit Margin (%),-47.01
SML,annual,2024,Net Profit Margin (%),-33.26
SML,annual,2023,Net Profit Margin (%),-5.71
SML,annual,2022,Net Profit Margin (%),-1.83
SML,annual,2025,EPS Growth (%),11.74
SML,annual,2024,EPS Growth (%),-437.76
SML,annual,2023,EPS Growth (%),-142.78
SML,annual,2022,EPS Growth (%),83.78
SML,annual,2025,PEG,-0.27
SML,annual,2024,PEG,0.0
SML,annual,2023,PEG,0.06
SML,annual,2022,PEG,-0.3
SMTM,annual,2019,Sales,44753.0
SMTM,annual,2018,Sales,395667.0
SMTM,annual,2021,Profit after Taxation,-18695.0
SMTM,annual,2020,Profit after Taxation,-1903.0
SMTM,annual,2019,Profit after Taxation,91152.0
SMTM,annual,2018,Profit after Taxation,-898118.0
SMTM,annual,2021,EPS,-0.7
SMTM,annual,2020,EPS,-0.07
SMTM,annual,2019,EPS,3.41
SMTM,annual,2018,EPS,-33.6
SMTM,quarterly,Q3 2022,Sales,17464.0
SMTM,quarterly,Q1 2022,Sales,33259.0
SMTM,quarterly,Q3 2022,Profit after Taxation,1054.0
SMTM,quarterly,Q2 2022,Profit after Taxation,-653.0
SMTM,quarterly,Q1 2022,Profit after Taxation,1083.0
SMTM,quarterly,Q3 2021,Profit after Taxation,-6631.0
SMTM,quarterly,Q3 2022,EPS,0.04
SMTM,quarterly,Q2 2022,EPS,-0.02
SMTM,quarterly,Q1 2022,EPS,0.04
SMTM,quarterly,Q3 2021,EPS,-0.25
SMTM,annual,2019,Gross Profit Margin (%),-81.05
SMTM,annual,2018,Gross Profit Margin (%),-91.68
SMTM,annual,2019,Net Profit Margin (%),203.68
SMTM,annual,2018,Net Profit Margin (%),-226.99
SMTM,annual,2021,EPS Growth (%),-900.0
SMTM,annual,2020,EPS Growth (%),-102.05
SMTM,annual,2019,EPS Growth (%),110.15
SMTM,annual,2018,EPS Growth (%),-217.28
SMTM,annual,2021,PEG,0.02
SMTM,annual,2020,PEG,0.42
SMTM,annual,2019,PEG,0.01
SMTM,annual,2018,PEG,0.0
SNAI,annual,2026,Sales,1802425.0
SNAI,annual,2025,Sales,2416293.0
SNAI,annual,2024,Sales,3804189.0
SNAI,annual,2023,Sales,2885601.0
SNAI,annual,2026,Profit after Taxation,35250.0
SNAI,annual,2025,Profit after Taxation,111433.0
SNAI,annual,2024,Profit after Taxation,-75494.0
SNAI,annual,2023,Profit after Taxation,-105214.0
SNAI,annual,2026,EPS,1.77
SNAI,annual,2025,EPS,5.58
SNAI,annual,2024,EPS,-3.78
SNAI,annual,2023,EPS,-5.27
SNAI,quarterly,Q3 2026,Sales,347749.0
SNAI,quarterly,Q2 2026,Sales,407704.0
SNAI,quarterly,Q1 2026,Sales,502651.0
SNAI,quarterly,Q3 2025,Sales,620286.0
SNAI,quarterly,Q3 2026,Profit after Taxation,7228.0
SNAI,quarterly,Q2 2026,Profit after Taxation,-43309.0
SNAI,quarterly,Q1 2026,Profit after Taxation,-24889.0
SNAI,quarterly,Q3 2025,Profit after Taxation,-73712.0
SNAI,quarterly,Q3 2026,EPS,0.36
SNAI,quarterly,Q2 2026,EPS,-2.17
SNAI,quarterly,Q1 2026,EPS,-1.25
SNAI,quarterly,Q3 2025,EPS,-3.69
SNAI,annual,2026,Gross Profit Margin (%),13.98
SNAI,annual,2025,Gross Profit Margin (%),8.42
SNAI,annual,2024,Gross Profit Margin (%),7.9
SNAI,annual,2023,Gross Profit Margin (%),4.38
SNAI,annual,2026,Net Profit Margin (%),1.96
SNAI,annual,2025,Net Profit Margin (%),4.61
SNAI,annual,2024,Net Profit Margin (%),-1.98
SNAI,annual,2023,Net Profit Margin (%),-3.65
SNAI,annual,2026,EPS Growth (%),-68.28
SNAI,annual,2025,EPS Growth (%),247.62
SNAI,annual,2024,EPS Growth (%),28.27
SNAI,annual,2023,EPS Growth (%),-181.96
SNAI,annual,2026,PEG,-0.31
SNAI,annual,2025,PEG,0.02
SNAI,annual,2024,PEG,-0.25
SNAI,annual,2023,PEG,0.02
SNBL,annual,2025,Mark-up Earned,84375456.0
SNBL,annual,2024,Mark-up Earned,114093160.0
SNBL,annual,2023,Mark-up Earned,98033321.0
SNBL,annual,2022,Mark-up Earned,63056613.0
SNBL,annual,2025,Total Income,35175907.0
SNBL,annual,2024,Total Income,31702244.0
SNBL,annual,2023,Total Income,29217473.0
SNBL,annual,2022,Total Income,16424208.0
SNBL,annual,2025,Profit after Taxation,4557734.0
SNBL,annual,2024,Profit after Taxation,5901294.0
SNBL,annual,2023,Profit after Taxation,6075460.0
SNBL,annual,2022,Profit after Taxation,1883243.0
SNBL,annual,2025,EPS,4.13
SNBL,annual,2024,EPS,5.35
SNBL,annual,2023,EPS,5.51
SNBL,annual,2022,EPS,1.71
SNBL,quarterly,Q2 2026,Mark-up Earned,20741991.0
SNBL,quarterly,Q1 2026,Mark-up Earned,19641658.0
SNBL,quarterly,Q3 2025,Mark-up Earned,20861033.0
SNBL,quarterly,Q2 2025,Mark-up Earned,21250686.0
SNBL,quarterly,Q2 2026,Total Income,8007529.0
SNBL,quarterly,Q1 2026,Total Income,8796430.0
SNBL,quarterly,Q3 2025,Total Income,9701014.0
SNBL,quarterly,Q2 2025,Total Income,8962110.0
SNBL,quarterly,Q2 2026,Profit after Taxation,1056848.0
SNBL,quarterly,Q1 2026,Profit after Taxation,1339034.0
SNBL,quarterly,Q3 2025,Profit after Taxation,806909.0
SNBL,quarterly,Q2 2025,Profit after Taxation,1349631.0
SNBL,quarterly,Q2 2026,EPS,0.96
SNBL,quarterly,Q1 2026,EPS,1.21
SNBL,quarterly,Q3 2025,EPS,0.73
SNBL,quarterly,Q2 2025,EPS,1.22
SNBL,annual,2025,Net Profit Margin (%),5.4
SNBL,annual,2024,Net Profit Margin (%),5.17
SNBL,annual,2023,Net Profit Margin (%),6.2
SNBL,annual,2022,Net Profit Margin (%),2.99
SNBL,annual,2025,EPS Growth (%),-22.77
SNBL,annual,2024,EPS Growth (%),-2.87
SNBL,annual,2023,EPS Growth (%),222.61
SNBL,annual,2022,EPS Growth (%),-34.02
SNBL,annual,2025,PEG,-0.28
SNBL,annual,2024,PEG,-1.15
SNBL,annual,2023,PEG,0.01
SNBL,annual,2022,PEG,-0.17
SNGP,annual,2025,Sales,1408551237.0
SNGP,annual,2024,Sales,1532911219.0
SNGP,annual,2023,Sales,1459043969.0
SNGP,annual,2022,Sales,1293677464.0
SNGP,annual,2025,Profit after Taxation,14591947.0
SNGP,annual,2024,Profit after Taxation,18976540.0
SNGP,annual,2023,Profit after Taxation,10563704.0
SNGP,annual,2022,Profit after Taxation,10366231.0
SNGP,annual,2025,EPS,23.01
SNGP,annual,2024,EPS,29.92
SNGP,annual,2023,EPS,16.66
SNGP,annual,2022,EPS,16.34
SNGP,quarterly,Q3 2026,Sales,274691342.0
SNGP,quarterly,Q2 2026,Sales,304909334.0
SNGP,quarterly,Q1 2026,Sales,318599092.0
SNGP,quarterly,Q3 2025,Sales,366826131.0
SNGP,quarterly,Q3 2026,Profit after Taxation,2928624.0
SNGP,quarterly,Q2 2026,Profit after Taxation,3721899.0
SNGP,quarterly,Q1 2026,Profit after Taxation,3445994.0
SNGP,quarterly,Q3 2025,Profit after Taxation,2388256.0
SNGP,quarterly,Q3 2026,EPS,4.62
SNGP,quarterly,Q2 2026,EPS,5.87
SNGP,quarterly,Q1 2026,EPS,5.43
SNGP,quarterly,Q3 2025,EPS,3.77
SNGP,annual,2025,Gross Profit Margin (%),5.71
SNGP,annual,2024,Gross Profit Margin (%),2.9
SNGP,annual,2023,Gross Profit Margin (%),8.74
SNGP,annual,2022,Gross Profit Margin (%),6.61
SNGP,annual,2025,Net Profit Margin (%),1.04
SNGP,annual,2024,Net Profit Margin (%),1.24
SNGP,annual,2023,Net Profit Margin (%),0.72
SNGP,annual,2022,Net Profit Margin (%),0.8
SNGP,annual,2025,EPS Growth (%),-23.09
SNGP,annual,2024,EPS Growth (%),79.59
SNGP,annual,2023,EPS Growth (%),1.96
SNGP,annual,2022,EPS Growth (%),-5.66
SNGP,annual,2025,PEG,-0.22
SNGP,annual,2024,PEG,0.05
SNGP,annual,2023,PEG,1.21
SNGP,annual,2022,PEG,-0.37
SOYASUP,annual,2026,Sales,19933390.0
SOYASUP,annual,2026,Profit after Taxation,875574.0
SOYASUP,annual,2026,EPS,2.66
SOYASUP,annual,2026,Gross Profit Margin (%),16.44
SOYASUP,annual,2025,Gross Profit Margin (%),14.35
SOYASUP,annual,2026,Net Profit Margin (%),4.39
SOYASUP,annual,2025,Net Profit Margin (%),3.08
SOYASUP,annual,2026,EPS Growth (%),57.4
SPAC1,annual,2026,Profit after Taxation,-29608.0
SPAC1,annual,2026,EPS,-6.04
SPAC1,annual,2026,Net Profit Margin (%),-5313.88
SPAC1,annual,2025,Net Profit Margin (%),-286.83
SPAC1,annual,2026,EPS Growth (%),-322.38
SPAC1,annual,2026,PEG,0.01
SPCL,annual,2024,Total Income,186525.0
SPCL,annual,2023,Total Income,88185.0
SPCL,annual,2022,Total Income,23408.0
SPCL,annual,2021,Total Income,42799.0
SPCL,annual,2024,Profit after Taxation,107178.0
SPCL,annual,2023,Profit after Taxation,14581.0
SPCL,annual,2022,Profit after Taxation,-64606.0
SPCL,annual,2021,Profit after Taxation,1347.0
SPCL,annual,2024,EPS,2.37
SPCL,annual,2023,EPS,0.32
SPCL,annual,2022,EPS,-1.43
SPCL,annual,2021,EPS,0.03
SPCL,quarterly,Q3 2025,Total Income,16570.0
SPCL,quarterly,Q2 2025,Total Income,60136.0
SPCL,quarterly,Q1 2025,Total Income,32338.0
SPCL,quarterly,Q3 2024,Total Income,40028.0
SPCL,quarterly,Q3 2025,Profit after Taxation,20042.0
SPCL,quarterly,Q2 2025,Profit after Taxation,32698.0
SPCL,quarterly,Q1 2025,Profit after Taxation,9459.0
SPCL,quarterly,Q3 2024,Profit after Taxation,18098.0
SPCL,quarterly,Q3 2025,EPS,0.44
SPCL,quarterly,Q2 2025,EPS,0.72
SPCL,quarterly,Q1 2025,EPS,0.21
SPCL,quarterly,Q3 2024,EPS,0.4
SPCL,annual,2024,Net Profit Margin (%),57.46
SPCL,annual,2023,Net Profit Margin (%),16.53
SPCL,annual,2022,Net Profit Margin (%),-276.0
SPCL,annual,2021,Net Profit Margin (%),3.15
SPCL,annual,2024,EPS Growth (%),640.63
SPCL,annual,2023,EPS Growth (%),122.38
SPCL,annual,2022,EPS Growth (%),-4866.67
SPCL,annual,2021,EPS Growth (%),102.54
SPCL,annual,2024,PEG,0.0
SPCL,annual,2023,PEG,0.02
SPCL,annual,2022,PEG,0.0
SPCL,annual,2021,PEG,0.8
SPEL,annual,2026,Sales,9408868.0
SPEL,annual,2025,Sales,9633217.0
SPEL,annual,2024,Sales,6965105.0
SPEL,annual,2023,Sales,6430965.0
SPEL,annual,2026,Profit after Taxation,1136320.0
SPEL,annual,2025,Profit after Taxation,1253122.0
SPEL,annual,2024,Profit after Taxation,640967.0
SPEL,annual,2023,Profit after Taxation,491098.0
SPEL,annual,2026,EPS,5.99
SPEL,annual,2025,EPS,6.6
SPEL,annual,2024,EPS,3.36
SPEL,annual,2023,EPS,2.47
SPEL,quarterly,Q3 2026,Sales,2361615.0
SPEL,quarterly,Q2 2026,Sales,2002956.0
SPEL,quarterly,Q1 2026,Sales,2352442.0
SPEL,quarterly,Q3 2025,Sales,2379674.0
SPEL,quarterly,Q3 2026,Profit after Taxation,310700.0
SPEL,quarterly,Q2 2026,Profit after Taxation,206495.0
SPEL,quarterly,Q1 2026,Profit after Taxation,261605.0
SPEL,quarterly,Q3 2025,Profit after Taxation,339077.0
SPEL,quarterly,Q3 2026,EPS,1.64
SPEL,quarterly,Q2 2026,EPS,1.09
SPEL,quarterly,Q1 2026,EPS,1.38
SPEL,quarterly,Q3 2025,EPS,1.79
SPEL,annual,2026,Gross Profit Margin (%),26.27
SPEL,annual,2025,Gross Profit Margin (%),26.86
SPEL,annual,2024,Gross Profit Margin (%),18.98
SPEL,annual,2023,Gross Profit Margin (%),20.42
SPEL,annual,2026,Net Profit Margin (%),12.08
SPEL,annual,2025,Net Profit Margin (%),13.01
SPEL,annual,2024,Net Profit Margin (%),9.2
SPEL,annual,2023,Net Profit Margin (%),7.64
SPEL,annual,2026,EPS Growth (%),-9.24
SPEL,annual,2025,EPS Growth (%),96.43
SPEL,annual,2024,EPS Growth (%),36.03
SPEL,annual,2023,EPS Growth (%),-8.52
SPEL,annual,2026,PEG,-0.93
SPEL,annual,2025,PEG,0.07
SPEL,annual,2024,PEG,0.13
SPEL,annual,2023,PEG,-0.49
SPL,annual,2024,Sales,14900.0
SPL,annual,2023,Sales,823998.0
SPL,annual,2022,Sales,1742727.0
SPL,annual,2025,Profit after Taxation,-222519.0
SPL,annual,2024,Profit after Taxation,-169350.0
SPL,annual,2023,Profit after Taxation,-732555.0
SPL,annual,2022,Profit after Taxation,-341211.0
SPL,annual,2025,EPS,-4.04
SPL,annual,2024,EPS,-3.07
SPL,annual,2023,EPS,-14.39
SPL,annual,2022,EPS,-6.19
SPL,quarterly,Q3 2026,Profit after Taxation,-24221.0
SPL,quarterly,Q2 2026,Profit after Taxation,297448.0
SPL,quarterly,Q1 2026,Profit after Taxation,-49527.0
SPL,quarterly,Q3 2025,Profit after Taxation,-52637.0
SPL,quarterly,Q3 2026,EPS,-0.44
SPL,quarterly,Q2 2026,EPS,5.4
SPL,quarterly,Q1 2026,EPS,-0.9
SPL,quarterly,Q3 2025,EPS,-0.96
SPL,annual,2024,Gross Profit Margin (%),-1345.34
SPL,annual,2023,Gross Profit Margin (%),-35.24
SPL,annual,2022,Gross Profit Margin (%),-3.63
SPL,annual,2024,Net Profit Margin (%),-1136.58
SPL,annual,2023,Net Profit Margin (%),-88.9
SPL,annual,2022,Net Profit Margin (%),-19.58
SPL,annual,2025,EPS Growth (%),-31.6
SPL,annual,2024,EPS Growth (%),78.67
SPL,annual,2023,EPS Growth (%),-132.47
SPL,annual,2022,EPS Growth (%),-1082.54
SPL,annual,2025,PEG,0.18
SPL,annual,2024,PEG,-0.05
SPL,annual,2023,PEG,0.01
SPL,annual,2022,PEG,0.0
SPLC,annual,2024,Total Income,186525.0
SPLC,annual,2023,Total Income,88185.0
SPLC,annual,2022,Total Income,23408.0
SPLC,annual,2021,Total Income,42799.0
SPLC,annual,2024,Profit after Taxation,107178.0
SPLC,annual,2023,Profit after Taxation,14581.0
SPLC,annual,2022,Profit after Taxation,-64606.0
SPLC,annual,2021,Profit after Taxation,1347.0
SPLC,annual,2024,EPS,2.37
SPLC,annual,2023,EPS,0.32
SPLC,annual,2022,EPS,-1.43
SPLC,annual,2021,EPS,0.03
SPLC,quarterly,Q1 2025,Total Income,32338.0
SPLC,quarterly,Q3 2024,Total Income,40028.0
SPLC,quarterly,Q2 2024,Total Income,98276.0
SPLC,quarterly,Q1 2024,Total Income,56529.0
SPLC,quarterly,Q1 2025,Profit after Taxation,9459.0
SPLC,quarterly,Q3 2024,Profit after Taxation,18098.0
SPLC,quarterly,Q2 2024,Profit after Taxation,168949.0
SPLC,quarterly,Q1 2024,Profit after Taxation,33630.0
SPLC,quarterly,Q1 2025,EPS,0.21
SPLC,quarterly,Q3 2024,EPS,0.4
SPLC,quarterly,Q2 2024,EPS,3.74
SPLC,quarterly,Q1 2024,EPS,0.74
SPLC,annual,2024,Net Profit Margin (%),57.46
SPLC,annual,2023,Net Profit Margin (%),16.53
SPLC,annual,2022,Net Profit Margin (%),-276.0
SPLC,annual,2021,Net Profit Margin (%),3.15
SPLC,annual,2024,EPS Growth (%),640.63
SPLC,annual,2023,EPS Growth (%),122.38
SPLC,annual,2022,EPS Growth (%),-4866.67
SPLC,annual,2021,EPS Growth (%),102.54
SPLC,annual,2024,PEG,0.0
SPLC,annual,2023,PEG,0.02
SPLC,annual,2022,PEG,0.0
SPLC,annual,2021,PEG,0.8
SPSL,annual,2026,Sales,133225250.0
SPSL,annual,2025,Sales,121946706.0
SPSL,annual,2024,Sales,40930969.0
SPSL,annual,2026,Profit after Taxation,4975693.0
SPSL,annual,2025,Profit after Taxation,2951186.0
SPSL,annual,2024,Profit after Taxation,221177.0
SPSL,annual,2026,EPS,3.46
SPSL,annual,2025,EPS,2.11
SPSL,annual,2024,EPS,1.58
SPSL,quarterly,Q3 2026,Sales,33806428.0
SPSL,quarterly,Q2 2026,Sales,37725068.0
SPSL,quarterly,Q3 2025,Sales,31546897.0
SPSL,quarterly,Q2 2025,Sales,25505875.0
SPSL,quarterly,Q3 2026,Profit after Taxation,1691939.0
SPSL,quarterly,Q2 2026,Profit after Taxation,1289096.0
SPSL,quarterly,Q3 2025,Profit after Taxation,1130578.0
SPSL,quarterly,Q2 2025,Profit after Taxation,509611.0
SPSL,quarterly,Q3 2026,EPS,1.21
SPSL,quarterly,Q2 2026,EPS,0.92
SPSL,quarterly,Q3 2025,EPS,0.81
SPSL,quarterly,Q2 2025,EPS,0.36
SPSL,annual,2026,Gross Profit Margin (%),6.04
SPSL,annual,2025,Gross Profit Margin (%),4.52
SPSL,annual,2024,Gross Profit Margin (%),4.36
SPSL,annual,2023,Gross Profit Margin (%),3.22
SPSL,annual,2026,Net Profit Margin (%),3.73
SPSL,annual,2025,Net Profit Margin (%),2.42
SPSL,annual,2024,Net Profit Margin (%),0.54
SPSL,annual,2023,Net Profit Margin (%),1.39
SPSL,annual,2026,EPS Growth (%),63.98
SPSL,annual,2025,EPS Growth (%),33.54
SPSL,annual,2024,EPS Growth (%),-67.29
SPSL,annual,2026,PEG,0.09
SPWL,annual,2025,Sales,9188771.0
SPWL,annual,2024,Sales,8060647.0
SPWL,annual,2023,Sales,19043731.0
SPWL,annual,2022,Sales,22869650.0
SPWL,annual,2025,Profit after Taxation,-38448.0
SPWL,annual,2024,Profit after Taxation,-272421.0
SPWL,annual,2023,Profit after Taxation,336104.0
SPWL,annual,2022,Profit after Taxation,1950659.0
SPWL,annual,2025,EPS,-0.1
SPWL,annual,2024,EPS,-0.7
SPWL,annual,2023,EPS,0.87
SPWL,annual,2022,EPS,5.05
SPWL,quarterly,Q2 2026,Sales,1635612.0
SPWL,quarterly,Q1 2026,Sales,794144.0
SPWL,quarterly,Q3 2025,Sales,2609926.0
SPWL,quarterly,Q2 2025,Sales,3057983.0
SPWL,quarterly,Q2 2026,Profit after Taxation,2716.0
SPWL,quarterly,Q1 2026,Profit after Taxation,57768.0
SPWL,quarterly,Q3 2025,Profit after Taxation,-65673.0
SPWL,quarterly,Q2 2025,Profit after Taxation,-131819.0
SPWL,quarterly,Q2 2026,EPS,0.01
SPWL,quarterly,Q1 2026,EPS,0.15
SPWL,quarterly,Q3 2025,EPS,-0.17
SPWL,quarterly,Q2 2025,EPS,-0.34
SPWL,annual,2025,Gross Profit Margin (%),2.87
SPWL,annual,2024,Gross Profit Margin (%),16.26
SPWL,annual,2023,Gross Profit Margin (%),14.69
SPWL,annual,2022,Gross Profit Margin (%),15.3
SPWL,annual,2025,Net Profit Margin (%),-0.42
SPWL,annual,2024,Net Profit Margin (%),-3.38
SPWL,annual,2023,Net Profit Margin (%),1.76
SPWL,annual,2022,Net Profit Margin (%),8.53
SPWL,annual,2025,EPS Growth (%),85.71
SPWL,annual,2024,EPS Growth (%),-180.46
SPWL,annual,2023,EPS Growth (%),-82.77
SPWL,annual,2022,EPS Growth (%),-0.39
SPWL,annual,2025,PEG,-1.3
SPWL,annual,2024,PEG,0.11
SPWL,annual,2023,PEG,-0.27
SPWL,annual,2022,PEG,-9.32
SRR,annual,2026,Total Income,46931.0
SRR,annual,2025,Total Income,989187.0
SRR,annual,2026,Profit after Taxation,12238.0
SRR,annual,2025,Profit after Taxation,99835.0
SRR,annual,2026,EPS,0.37
SRR,annual,2025,EPS,3.03
SRR,quarterly,Q3 2026,Total Income,13661.0
SRR,quarterly,Q2 2026,Total Income,12698.0
SRR,quarterly,Q3 2025,Total Income,8153.0
SRR,quarterly,Q2 2025,Total Income,485267.0
SRR,quarterly,Q3 2026,Profit after Taxation,-1491.0
SRR,quarterly,Q2 2026,Profit after Taxation,4820.0
SRR,quarterly,Q3 2025,Profit after Taxation,-287.0
SRR,quarterly,Q2 2025,Profit after Taxation,-4938.0
SRR,quarterly,Q3 2026,EPS,-0.05
SRR,quarterly,Q2 2026,EPS,0.15
SRR,quarterly,Q3 2025,EPS,-0.01
SRR,quarterly,Q2 2025,EPS,-0.15
SRR,annual,2026,Net Profit Margin (%),26.08
SRR,annual,2025,Net Profit Margin (%),10.09
SRR,annual,2024,Net Profit Margin (%),-106.13
SRR,annual,2026,EPS Growth (%),-87.75
SRR,annual,2025,EPS Growth (%),698.08
SRR,annual,2026,PEG,-0.5
SRSM,annual,2018,Sales,148.0
SRSM,annual,2017,Sales,43270.0
SRSM,annual,2016,Sales,142492.0
SRSM,annual,2015,Sales,2051787.0
SRSM,annual,2018,Profit after Taxation,-162543.0
SRSM,annual,2017,Profit after Taxation,-76700.0
SRSM,annual,2016,Profit after Taxation,-58941.0
SRSM,annual,2015,Profit after Taxation,-146746.0
SRSM,annual,2018,EPS,-5.21
SRSM,annual,2017,EPS,-2.46
SRSM,annual,2016,EPS,-1.89
SRSM,annual,2015,EPS,-4.7
SRSM,annual,2018,Gross Profit Margin (%),56.08
SRSM,annual,2017,Gross Profit Margin (%),-54.98
SRSM,annual,2016,Gross Profit Margin (%),-43.66
SRSM,annual,2015,Gross Profit Margin (%),-0.49
SRSM,annual,2018,Net Profit Margin (%),-109826.35
SRSM,annual,2017,Net Profit Margin (%),-177.26
SRSM,annual,2016,Net Profit Margin (%),-41.36
SRSM,annual,2015,Net Profit Margin (%),-7.15
SRSM,annual,2018,EPS Growth (%),-111.79
SRSM,annual,2017,EPS Growth (%),-30.16
SRSM,annual,2016,EPS Growth (%),59.79
SRSM,annual,2015,EPS Growth (%),-301.71
SRSM,annual,2018,PEG,0.04
SRSM,annual,2017,PEG,0.22
SRSM,annual,2016,PEG,-0.19
SRSM,annual,2015,PEG,0.02
SRVI,annual,2025,Sales,6687003.0
SRVI,annual,2024,Sales,16636187.0
SRVI,annual,2023,Sales,55744034.0
SRVI,annual,2022,Sales,42599481.0
SRVI,annual,2025,Profit after Taxation,710279.0
SRVI,annual,2024,Profit after Taxation,324421.0
SRVI,annual,2023,Profit after Taxation,1342136.0
SRVI,annual,2022,Profit after Taxation,354427.0
SRVI,annual,2025,EPS,15.12
SRVI,annual,2024,EPS,6.9
SRVI,annual,2023,EPS,28.56
SRVI,annual,2022,EPS,7.54
SRVI,quarterly,Q2 2026,Sales,1520877.0
SRVI,quarterly,Q1 2026,Sales,1309031.0
SRVI,quarterly,Q3 2025,Sales,1263367.0
SRVI,quarterly,Q2 2025,Sales,1542786.0
SRVI,quarterly,Q2 2026,Profit after Taxation,324336.0
SRVI,quarterly,Q1 2026,Profit after Taxation,532306.0
SRVI,quarterly,Q3 2025,Profit after Taxation,243691.0
SRVI,quarterly,Q2 2025,Profit after Taxation,269627.0
SRVI,quarterly,Q2 2026,EPS,0.69
SRVI,quarterly,Q1 2026,EPS,11.33
SRVI,quarterly,Q3 2025,EPS,5.19
SRVI,quarterly,Q2 2025,EPS,0.57
SRVI,annual,2025,Gross Profit Margin (%),9.68
SRVI,annual,2024,Gross Profit Margin (%),3.27
SRVI,annual,2023,Gross Profit Margin (%),24.56
SRVI,annual,2022,Gross Profit Margin (%),18.72
SRVI,annual,2025,Net Profit Margin (%),10.62
SRVI,annual,2024,Net Profit Margin (%),1.95
SRVI,annual,2023,Net Profit Margin (%),2.41
SRVI,annual,2022,Net Profit Margin (%),0.83
SRVI,annual,2025,EPS Growth (%),119.13
SRVI,annual,2024,EPS Growth (%),-75.84
SRVI,annual,2023,EPS Growth (%),278.78
SRVI,annual,2022,EPS Growth (%),-0.66
SRVI,annual,2025,PEG,0.87
SRVI,annual,2024,PEG,-3.03
SRVI,annual,2023,PEG,0.08
SRVI,annual,2022,PEG,-68.4
SSGC,annual,2025,Sales,435073670.0
SSGC,annual,2024,Sales,465869723.0
SSGC,annual,2023,Sales,451479771.0
SSGC,annual,2022,Sales,375559048.0
SSGC,annual,2025,Profit after Taxation,2689308.0
SSGC,annual,2024,Profit after Taxation,6839126.0
SSGC,annual,2023,Profit after Taxation,-1601133.0
SSGC,annual,2022,Profit after Taxation,-11444115.0
SSGC,annual,2025,EPS,3.05
SSGC,annual,2024,EPS,7.76
SSGC,annual,2023,EPS,-1.82
SSGC,annual,2022,EPS,-12.99
SSGC,quarterly,Q3 2026,Sales,91285166.0
SSGC,quarterly,Q2 2026,Sales,94138720.0
SSGC,quarterly,Q1 2026,Sales,87375153.0
SSGC,quarterly,Q3 2025,Sales,123604791.0
SSGC,quarterly,Q3 2026,Profit after Taxation,-114912.0
SSGC,quarterly,Q2 2026,Profit after Taxation,-52366.0
SSGC,quarterly,Q1 2026,Profit after Taxation,270979.0
SSGC,quarterly,Q3 2025,Profit after Taxation,254606.0
SSGC,quarterly,Q3 2026,EPS,-0.13
SSGC,quarterly,Q2 2026,EPS,-0.06
SSGC,quarterly,Q1 2026,EPS,0.31
SSGC,quarterly,Q3 2025,EPS,0.29
SSGC,annual,2025,Gross Profit Margin (%),2.53
SSGC,annual,2024,Gross Profit Margin (%),2.23
SSGC,annual,2023,Gross Profit Margin (%),6.24
SSGC,annual,2022,Gross Profit Margin (%),2.06
SSGC,annual,2025,Net Profit Margin (%),0.62
SSGC,annual,2024,Net Profit Margin (%),1.47
SSGC,annual,2023,Net Profit Margin (%),-0.35
SSGC,annual,2022,Net Profit Margin (%),-3.05
SSGC,annual,2025,EPS Growth (%),-60.7
SSGC,annual,2024,EPS Growth (%),526.37
SSGC,annual,2023,EPS Growth (%),85.99
SSGC,annual,2022,EPS Growth (%),-685.14
SSGC,annual,2025,PEG,-0.23
SSGC,annual,2024,PEG,0.0
SSGC,annual,2023,PEG,-0.05
SSGC,annual,2022,PEG,0.0
SSIC,annual,2013,Profit after Taxation,1444.0
SSIC,annual,2012,Profit after Taxation,41881.0
SSIC,annual,2011,Profit after Taxation,48454.0
SSIC,annual,2010,Profit after Taxation,37291.0
SSIC,annual,2013,Gross Profit Margin (%),-0.99
SSIC,annual,2012,Gross Profit Margin (%),23.18
SSIC,annual,2011,Gross Profit Margin (%),37.05
SSIC,annual,2010,Gross Profit Margin (%),33.02
SSIC,annual,2013,Net Profit Margin (%),0.63
SSIC,annual,2012,Net Profit Margin (%),19.03
SSIC,annual,2011,Net Profit Margin (%),25.71
SSIC,annual,2010,Net Profit Margin (%),24.2
SSIC,annual,2013,EPS Growth (%),-96.35
SSIC,annual,2012,EPS Growth (%),-13.84
SSIC,annual,2011,EPS Growth (%),8.16
SSIC,annual,2010,EPS Growth (%),-9.26
SSIC,annual,2013,PEG,-1.57
SSIC,annual,2012,PEG,-0.44
SSIC,annual,2011,PEG,0.35
SSIC,annual,2010,PEG,-0.52
SSML,annual,2025,Sales,19229.0
SSML,annual,2024,Sales,2222878.0
SSML,annual,2023,Sales,3600124.0
SSML,annual,2026,Profit after Taxation,-69327.0
SSML,annual,2025,Profit after Taxation,-598205.0
SSML,annual,2024,Profit after Taxation,-308700.0
SSML,annual,2023,Profit after Taxation,-445370.0
SSML,annual,2026,EPS,-2.32
SSML,annual,2025,EPS,-20.05
SSML,annual,2024,EPS,-10.34
SSML,annual,2023,EPS,-14.92
SSML,quarterly,Q3 2026,Profit after Taxation,-25653.0
SSML,quarterly,Q2 2026,Profit after Taxation,-29586.0
SSML,quarterly,Q1 2026,Profit after Taxation,-25557.0
SSML,quarterly,Q3 2025,Profit after Taxation,-26711.0
SSML,quarterly,Q3 2026,EPS,-0.86
SSML,quarterly,Q2 2026,EPS,-0.99
SSML,quarterly,Q1 2026,EPS,-0.86
SSML,quarterly,Q3 2025,EPS,-0.9
SSML,annual,2025,Gross Profit Margin (%),-2992.92
SSML,annual,2024,Gross Profit Margin (%),-5.74
SSML,annual,2023,Gross Profit Margin (%),-4.78
SSML,annual,2025,Net Profit Margin (%),-3110.95
SSML,annual,2024,Net Profit Margin (%),-13.89
SSML,annual,2023,Net Profit Margin (%),-12.37
SSML,annual,2026,EPS Growth (%),88.43
SSML,annual,2025,EPS Growth (%),-93.91
SSML,annual,2024,EPS Growth (%),30.7
SSML,annual,2023,EPS Growth (%),-587.58
SSML,annual,2026,PEG,-0.12
SSML,annual,2025,PEG,0.01
SSML,annual,2024,PEG,-0.02
SSML,annual,2023,PEG,0.0
SSOM,annual,2026,Sales,13684345.0
SSOM,annual,2025,Sales,7828870.0
SSOM,annual,2024,Sales,4516347.0
SSOM,annual,2023,Sales,6230794.0
SSOM,annual,2026,Profit after Taxation,401427.0
SSOM,annual,2025,Profit after Taxation,250633.0
SSOM,annual,2024,Profit after Taxation,-122999.0
SSOM,annual,2023,Profit after Taxation,134337.0
SSOM,annual,2026,EPS,70.94
SSOM,annual,2025,EPS,44.29
SSOM,annual,2024,EPS,-21.74
SSOM,annual,2023,EPS,23.74
SSOM,quarterly,Q3 2026,Sales,3588998.0
SSOM,quarterly,Q2 2026,Sales,3152651.0
SSOM,quarterly,Q1 2026,Sales,3018280.0
SSOM,quarterly,Q3 2025,Sales,2445632.0
SSOM,quarterly,Q3 2026,Profit after Taxation,79046.0
SSOM,quarterly,Q2 2026,Profit after Taxation,239590.0
SSOM,quarterly,Q1 2026,Profit after Taxation,143141.0
SSOM,quarterly,Q3 2025,Profit after Taxation,128766.0
SSOM,quarterly,Q3 2026,EPS,13.97
SSOM,quarterly,Q2 2026,EPS,42.34
SSOM,quarterly,Q1 2026,EPS,25.3
SSOM,quarterly,Q3 2025,EPS,22.76
SSOM,annual,2026,Gross Profit Margin (%),6.89
SSOM,annual,2025,Gross Profit Margin (%),7.4
SSOM,annual,2024,Gross Profit Margin (%),5.15
SSOM,annual,2023,Gross Profit Margin (%),9.28
SSOM,annual,2026,Net Profit Margin (%),2.93
SSOM,annual,2025,Net Profit Margin (%),3.2
SSOM,annual,2024,Net Profit Margin (%),-2.72
SSOM,annual,2023,Net Profit Margin (%),2.16
SSOM,annual,2026,EPS Growth (%),60.17
SSOM,annual,2025,EPS Growth (%),303.73
SSOM,annual,2024,EPS Growth (%),-191.58
SSOM,annual,2023,EPS Growth (%),-38.92
SSOM,annual,2026,PEG,0.11
SSOM,annual,2025,PEG,0.07
SSOM,annual,2024,PEG,0.02
SSOM,annual,2023,PEG,-0.1
STCL,annual,2026,Sales,11898887.0
STCL,annual,2025,Sales,13846058.0
STCL,annual,2024,Sales,15581047.0
STCL,annual,2023,Sales,14182479.0
STCL,annual,2026,Profit after Taxation,-802104.0
STCL,annual,2025,Profit after Taxation,-192131.0
STCL,annual,2024,Profit after Taxation,320165.0
STCL,annual,2023,Profit after Taxation,37613.0
STCL,annual,2026,EPS,-3.35
STCL,annual,2025,EPS,-0.8
STCL,annual,2024,EPS,1.34
STCL,annual,2023,EPS,0.16
STCL,quarterly,Q3 2026,Sales,2775282.0
STCL,quarterly,Q2 2026,Sales,2880944.0
STCL,quarterly,Q1 2026,Sales,3190983.0
STCL,quarterly,Q3 2025,Sales,3543830.0
STCL,quarterly,Q3 2026,Profit after Taxation,-347757.0
STCL,quarterly,Q2 2026,Profit after Taxation,-366494.0
STCL,quarterly,Q1 2026,Profit after Taxation,-192024.0
STCL,quarterly,Q3 2025,Profit after Taxation,18583.0
STCL,quarterly,Q3 2026,EPS,-1.45
STCL,quarterly,Q2 2026,EPS,-1.53
STCL,quarterly,Q1 2026,EPS,-0.8
STCL,quarterly,Q3 2025,EPS,0.08
STCL,annual,2026,Gross Profit Margin (%),15.77
STCL,annual,2025,Gross Profit Margin (%),19.85
STCL,annual,2024,Gross Profit Margin (%),23.23
STCL,annual,2023,Gross Profit Margin (%),21.06
STCL,annual,2026,Net Profit Margin (%),-6.74
STCL,annual,2025,Net Profit Margin (%),-1.39
STCL,annual,2024,Net Profit Margin (%),2.05
STCL,annual,2023,Net Profit Margin (%),0.27
STCL,annual,2026,EPS Growth (%),-318.75
STCL,annual,2025,EPS Growth (%),-159.7
STCL,annual,2024,EPS Growth (%),737.5
STCL,annual,2023,EPS Growth (%),-92.31
STCL,annual,2026,PEG,0.01
STCL,annual,2025,PEG,0.11
STCL,annual,2024,PEG,0.01
STCL,annual,2023,PEG,-0.56
STJT,annual,2026,Sales,5997268.0
STJT,annual,2025,Sales,6619681.0
STJT,annual,2024,Sales,7953428.0
STJT,annual,2023,Sales,8085182.0
STJT,annual,2026,EPS,19.82
STJT,annual,2025,EPS,11.49
STJT,annual,2024,EPS,2.81
STJT,annual,2023,EPS,15.84
STJT,quarterly,Q3 2026,Sales,1595645.0
STJT,quarterly,Q2 2026,Sales,1527774.0
STJT,quarterly,Q1 2026,Sales,1658985.0
STJT,quarterly,Q3 2025,Sales,1691236.0
STJT,quarterly,Q3 2026,EPS,9.13
STJT,quarterly,Q2 2026,EPS,6.63
STJT,quarterly,Q1 2026,EPS,5.93
STJT,quarterly,Q3 2025,EPS,2.74
STJT,annual,2026,Gross Profit Margin (%),12.82
STJT,annual,2025,Gross Profit Margin (%),9.78
STJT,annual,2024,Gross Profit Margin (%),8.47
STJT,annual,2023,Gross Profit Margin (%),7.93
STJT,annual,2026,Net Profit Margin (%),3.19
STJT,annual,2025,Net Profit Margin (%),1.68
STJT,annual,2024,Net Profit Margin (%),0.34
STJT,annual,2023,Net Profit Margin (%),1.89
STJT,annual,2026,EPS Growth (%),72.5
STJT,annual,2025,EPS Growth (%),308.9
STJT,annual,2024,EPS Growth (%),-82.26
STJT,annual,2023,EPS Growth (%),-49.0
STJT,annual,2026,PEG,0.1
STJT,annual,2025,PEG,0.03
STJT,annual,2024,PEG,-0.34
STJT,annual,2023,PEG,-0.12
STL,annual,2026,Sales,5729565.0
STL,annual,2025,Sales,3601938.0
STL,annual,2024,Sales,55570.0
STL,annual,2023,Sales,1806.0
STL,annual,2026,Profit after Taxation,288436.0
STL,annual,2025,Profit after Taxation,-83401.0
STL,annual,2024,Profit after Taxation,34849.0
STL,annual,2023,Profit after Taxation,-2840.0
STL,annual,2026,EPS,2.68
STL,annual,2025,EPS,-1.55
STL,annual,2024,EPS,69.7
STL,annual,2023,EPS,-5.68
STL,quarterly,Q3 2026,Sales,1487743.0
STL,quarterly,Q2 2026,Sales,998.0
STL,quarterly,Q3 2025,Sales,1560722.0
STL,quarterly,Q3 2026,Profit after Taxation,127697.0
STL,quarterly,Q2 2026,Profit after Taxation,24993.0
STL,quarterly,Q1 2026,Profit after Taxation,-2307.0
STL,quarterly,Q3 2025,Profit after Taxation,-20733.0
STL,quarterly,Q3 2026,EPS,1.19
STL,quarterly,Q2 2026,EPS,49.99
STL,quarterly,Q1 2026,EPS,91.21
STL,quarterly,Q3 2025,EPS,-0.19
STL,annual,2026,Gross Profit Margin (%),24.36
STL,annual,2025,Gross Profit Margin (%),15.17
STL,annual,2024,Gross Profit Margin (%),63.82
STL,annual,2023,Gross Profit Margin (%),70.25
STL,annual,2026,Net Profit Margin (%),5.03
STL,annual,2025,Net Profit Margin (%),-2.32
STL,annual,2024,Net Profit Margin (%),62.71
STL,annual,2023,Net Profit Margin (%),-157.22
STL,annual,2026,EPS Growth (%),272.9
STL,annual,2025,EPS Growth (%),-102.22
STL,annual,2024,EPS Growth (%),1327.11
STL,annual,2023,EPS Growth (%),18.62
STL,annual,2026,PEG,0.07
STL,annual,2025,PEG,5.78
STL,annual,2024,PEG,0.0
STL,annual,2023,PEG,-0.95
STML,annual,2026,Sales,3756865.0
STML,annual,2025,Sales,4104812.0
STML,annual,2024,Sales,6916185.0
STML,annual,2023,Sales,3309014.0
STML,annual,2026,Profit after Taxation,-44161.0
STML,annual,2025,Profit after Taxation,-137194.0
STML,annual,2024,Profit after Taxation,-33895.0
STML,annual,2023,Profit after Taxation,-153292.0
STML,annual,2026,EPS,-5.11
STML,annual,2025,EPS,-15.88
STML,annual,2024,EPS,-3.92
STML,annual,2023,EPS,-17.74
STML,quarterly,Q3 2025,Sales,1173798.0
STML,quarterly,Q2 2026,Sales,979961.0
STML,quarterly,Q1 2026,Sales,919102.0
STML,quarterly,Q3 2024,Sales,928910.0
STML,quarterly,Q3 2025,Profit after Taxation,41931.0
STML,quarterly,Q2 2026,Profit after Taxation,811.0
STML,quarterly,Q1 2026,Profit after Taxation,-55810.0
STML,quarterly,Q3 2024,Profit after Taxation,-31181.0
STML,quarterly,Q3 2025,EPS,4.85
STML,quarterly,Q2 2026,EPS,0.09
STML,quarterly,Q1 2026,EPS,-6.46
STML,quarterly,Q3 2024,EPS,-3.61
STML,annual,2026,Gross Profit Margin (%),7.24
STML,annual,2025,Gross Profit Margin (%),2.24
STML,annual,2024,Gross Profit Margin (%),3.91
STML,annual,2023,Gross Profit Margin (%),-1.65
STML,annual,2026,Net Profit Margin (%),-1.18
STML,annual,2025,Net Profit Margin (%),-3.34
STML,annual,2024,Net Profit Margin (%),-0.49
STML,annual,2023,Net Profit Margin (%),-4.63
STML,annual,2026,EPS Growth (%),67.82
STML,annual,2025,EPS Growth (%),-305.1
STML,annual,2024,EPS Growth (%),77.9
STML,annual,2023,EPS Growth (%),-169.62
STML,annual,2026,PEG,-0.14
STML,annual,2025,PEG,0.01
STML,annual,2024,PEG,-0.08
STML,annual,2023,PEG,0.01
STPL,annual,2026,Sales,2834138.0
STPL,annual,2025,Sales,2023042.0
STPL,annual,2024,Sales,4075585.0
STPL,annual,2023,Sales,4393767.0
STPL,annual,2026,Profit after Taxation,3185.0
STPL,annual,2025,Profit after Taxation,-255116.0
STPL,annual,2024,Profit after Taxation,-2058499.0
STPL,annual,2023,Profit after Taxation,3083.0
STPL,annual,2026,EPS,0.01
STPL,annual,2025,EPS,-1.11
STPL,annual,2024,EPS,-8.98
STPL,annual,2023,EPS,0.01
STPL,quarterly,Q3 2026,Sales,665104.0
STPL,quarterly,Q2 2026,Sales,854149.0
STPL,quarterly,Q1 2026,Sales,639401.0
STPL,quarterly,Q3 2025,Sales,608290.0
STPL,quarterly,Q3 2026,Profit after Taxation,7375.0
STPL,quarterly,Q2 2026,Profit after Taxation,16754.0
STPL,quarterly,Q1 2026,Profit after Taxation,8726.0
STPL,quarterly,Q3 2025,Profit after Taxation,-20430.0
STPL,quarterly,Q3 2026,EPS,0.03
STPL,quarterly,Q2 2026,EPS,0.07
STPL,quarterly,Q1 2026,EPS,0.04
STPL,quarterly,Q3 2025,EPS,-0.09
STPL,annual,2026,Gross Profit Margin (%),11.81
STPL,annual,2025,Gross Profit Margin (%),10.96
STPL,annual,2024,Gross Profit Margin (%),-1.36
STPL,annual,2023,Gross Profit Margin (%),9.1
STPL,annual,2026,Net Profit Margin (%),0.11
STPL,annual,2025,Net Profit Margin (%),-12.61
STPL,annual,2024,Net Profit Margin (%),-50.51
STPL,annual,2023,Net Profit Margin (%),0.07
STPL,annual,2026,EPS Growth (%),100.9
STPL,annual,2025,EPS Growth (%),87.64
STPL,annual,2024,EPS Growth (%),-89900.0
STPL,annual,2023,EPS Growth (%),-98.86
STPL,annual,2026,PEG,8.17
STPL,annual,2025,PEG,-0.07
STPL,annual,2024,PEG,0.0
STPL,annual,2023,PEG,-6.0
STYLERS,annual,2026,Sales,18889270.0
STYLERS,annual,2025,Sales,20727707.0
STYLERS,annual,2024,Sales,14439261.0
STYLERS,annual,2023,Sales,15215984.0
STYLERS,annual,2026,Profit after Taxation,1105455.0
STYLERS,annual,2025,Profit after Taxation,1273281.0
STYLERS,annual,2024,Profit after Taxation,1477545.0
STYLERS,annual,2023,Profit after Taxation,2518336.0
STYLERS,annual,2026,EPS,2.26
STYLERS,annual,2025,EPS,2.61
STYLERS,annual,2024,EPS,3.37
STYLERS,annual,2023,EPS,5.83
STYLERS,quarterly,Q3 2025,Sales,5816606.0
STYLERS,quarterly,Q2 2026,Sales,4657498.0
STYLERS,quarterly,Q1 2026,Sales,4637787.0
STYLERS,quarterly,Q3 2025,Sales,5816606.0
STYLERS,quarterly,Q3 2025,Profit after Taxation,420514.0
STYLERS,quarterly,Q2 2026,Profit after Taxation,320129.0
STYLERS,quarterly,Q1 2026,Profit after Taxation,230253.0
STYLERS,quarterly,Q3 2025,Profit after Taxation,420514.0
STYLERS,quarterly,Q3 2025,EPS,0.86
STYLERS,quarterly,Q2 2026,EPS,0.65
STYLERS,quarterly,Q1 2026,EPS,0.47
STYLERS,quarterly,Q3 2025,EPS,0.86
STYLERS,annual,2026,Gross Profit Margin (%),18.83
STYLERS,annual,2025,Gross Profit Margin (%),18.43
STYLERS,annual,2024,Gross Profit Margin (%),20.57
STYLERS,annual,2023,Gross Profit Margin (%),23.42
STYLERS,annual,2026,Net Profit Margin (%),5.85
STYLERS,annual,2025,Net Profit Margin (%),6.14
STYLERS,annual,2024,Net Profit Margin (%),10.23
STYLERS,annual,2023,Net Profit Margin (%),16.55
STYLERS,annual,2026,EPS Growth (%),-13.41
STYLERS,annual,2025,EPS Growth (%),-22.55
STYLERS,annual,2024,EPS Growth (%),-42.2
STYLERS,annual,2026,PEG,-1.72
STYLERS,annual,2025,PEG,-0.7
STYLERS,annual,2024,PEG,-0.27
SUHJ,annual,2026,Profit after Taxation,-57507.0
SUHJ,annual,2025,Profit after Taxation,-55135.0
SUHJ,annual,2024,Profit after Taxation,-65046.0
SUHJ,annual,2023,Profit after Taxation,-68183.0
SUHJ,annual,2026,EPS,-13.27
SUHJ,annual,2025,EPS,-12.72
SUHJ,annual,2024,EPS,-15.01
SUHJ,annual,2023,EPS,-15.74
SUHJ,quarterly,Q3 2026,Profit after Taxation,-15203.0
SUHJ,quarterly,Q2 2026,Profit after Taxation,-12033.0
SUHJ,quarterly,Q1 2026,Profit after Taxation,-15238.0
SUHJ,quarterly,Q3 2025,Profit after Taxation,-14201.0
SUHJ,quarterly,Q3 2026,EPS,-3.51
SUHJ,quarterly,Q2 2026,EPS,-2.78
SUHJ,quarterly,Q1 2026,EPS,-3.52
SUHJ,quarterly,Q3 2025,EPS,-3.28
SUHJ,annual,2026,EPS Growth (%),-4.32
SUHJ,annual,2025,EPS Growth (%),15.26
SUHJ,annual,2024,EPS Growth (%),4.64
SUHJ,annual,2023,EPS Growth (%),-24.72
SUHJ,annual,2026,PEG,2.45
SUHJ,annual,2025,PEG,-0.48
SUHJ,annual,2024,PEG,-0.32
SUHJ,annual,2023,PEG,0.06
SURC,annual,2026,Sales,28650080.0
SURC,annual,2025,Sales,27411458.0
SURC,annual,2024,Sales,29744290.0
SURC,annual,2023,Sales,18860335.0
SURC,annual,2026,Profit after Taxation,1800967.0
SURC,annual,2025,Profit after Taxation,1118683.0
SURC,annual,2024,Profit after Taxation,1006418.0
SURC,annual,2023,Profit after Taxation,-412278.0
SURC,annual,2026,EPS,36.9
SURC,annual,2025,EPS,22.92
SURC,annual,2024,EPS,20.62
SURC,annual,2023,EPS,-8.45
SURC,quarterly,Q3 2026,Sales,7895093.0
SURC,quarterly,Q2 2026,Sales,7556276.0
SURC,quarterly,Q1 2026,Sales,6489899.0
SURC,quarterly,Q3 2025,Sales,6842548.0
SURC,quarterly,Q3 2026,Profit after Taxation,286549.0
SURC,quarterly,Q2 2026,Profit after Taxation,429043.0
SURC,quarterly,Q1 2026,Profit after Taxation,396496.0
SURC,quarterly,Q3 2025,Profit after Taxation,267765.0
SURC,quarterly,Q3 2026,EPS,5.87
SURC,quarterly,Q2 2026,EPS,8.79
SURC,quarterly,Q1 2026,EPS,8.12
SURC,quarterly,Q3 2025,EPS,5.49
SURC,annual,2026,Gross Profit Margin (%),9.82
SURC,annual,2025,Gross Profit Margin (%),8.34
SURC,annual,2024,Gross Profit Margin (%),8.06
SURC,annual,2023,Gross Profit Margin (%),2.43
SURC,annual,2026,Net Profit Margin (%),6.29
SURC,annual,2025,Net Profit Margin (%),4.08
SURC,annual,2024,Net Profit Margin (%),3.38
SURC,annual,2023,Net Profit Margin (%),-2.19
SURC,annual,2026,EPS Growth (%),60.99
SURC,annual,2025,EPS Growth (%),11.15
SURC,annual,2024,EPS Growth (%),344.02
SURC,annual,2023,EPS Growth (%),-113.44
SURC,annual,2026,PEG,0.07
SURC,annual,2025,PEG,0.46
SURC,annual,2024,PEG,0.02
SURC,annual,2023,PEG,0.11
SUTM,annual,2026,Sales,19601219.0
SUTM,annual,2025,Sales,19257156.0
SUTM,annual,2024,Sales,20148888.0
SUTM,annual,2023,Sales,9654366.0
SUTM,annual,2026,Profit after Taxation,370496.0
SUTM,annual,2025,Profit after Taxation,76623.0
SUTM,annual,2024,Profit after Taxation,177194.0
SUTM,annual,2023,Profit after Taxation,287817.0
SUTM,annual,2026,EPS,17.9
SUTM,annual,2025,EPS,3.7
SUTM,annual,2024,EPS,8.56
SUTM,annual,2023,EPS,13.9
SUTM,quarterly,Q3 2026,Sales,4772709.0
SUTM,quarterly,Q2 2026,Sales,4991068.0
SUTM,quarterly,Q1 2026,Sales,4858537.0
SUTM,quarterly,Q3 2025,Sales,4586829.0
SUTM,quarterly,Q3 2026,Profit after Taxation,11524.0
SUTM,quarterly,Q2 2026,Profit after Taxation,14243.0
SUTM,quarterly,Q1 2026,Profit after Taxation,10813.0
SUTM,quarterly,Q3 2025,Profit after Taxation,97647.0
SUTM,quarterly,Q3 2026,EPS,0.56
SUTM,quarterly,Q2 2026,EPS,0.69
SUTM,quarterly,Q1 2026,EPS,0.52
SUTM,quarterly,Q3 2025,EPS,4.72
SUTM,annual,2026,Gross Profit Margin (%),9.13
SUTM,annual,2025,Gross Profit Margin (%),7.81
SUTM,annual,2024,Gross Profit Margin (%),7.96
SUTM,annual,2023,Gross Profit Margin (%),8.55
SUTM,annual,2026,Net Profit Margin (%),1.89
SUTM,annual,2025,Net Profit Margin (%),0.4
SUTM,annual,2024,Net Profit Margin (%),0.88
SUTM,annual,2023,Net Profit Margin (%),2.98
SUTM,annual,2026,EPS Growth (%),383.78
SUTM,annual,2025,EPS Growth (%),-56.78
SUTM,annual,2024,EPS Growth (%),-38.42
SUTM,annual,2023,EPS Growth (%),-84.93
SUTM,annual,2026,PEG,0.02
SUTM,annual,2025,PEG,-0.89
SUTM,annual,2024,PEG,-0.26
SUTM,annual,2023,PEG,-0.08
SWL,annual,2025,Profit after Taxation,-2384.0
SWL,annual,2024,Profit after Taxation,-110.0
SWL,annual,2023,Profit after Taxation,-1017.0
SWL,annual,2022,Profit after Taxation,-1506.0
SWL,annual,2025,EPS,-2.38
SWL,annual,2024,EPS,-0.11
SWL,annual,2023,EPS,-1.02
SWL,annual,2022,EPS,-1.51
SWL,quarterly,Q2 2026,Profit after Taxation,-764.0
SWL,quarterly,Q1 2026,Profit after Taxation,-1466.0
SWL,quarterly,Q3 2025,Profit after Taxation,1373.0
SWL,quarterly,Q2 2025,Profit after Taxation,-666.0
SWL,quarterly,Q2 2026,EPS,-0.76
SWL,quarterly,Q1 2026,EPS,-0.01
SWL,quarterly,Q3 2025,EPS,1.37
SWL,quarterly,Q2 2025,EPS,-0.67
SWL,annual,2025,EPS Growth (%),-2063.64
SWL,annual,2024,EPS Growth (%),89.22
SWL,annual,2023,EPS Growth (%),32.45
SWL,annual,2022,EPS Growth (%),88.4
SWL,annual,2025,PEG,0.01
SWL,annual,2024,PEG,-4.48
SWL,annual,2023,PEG,-1.33
SWL,annual,2022,PEG,-0.33
SYM,annual,2026,Sales,549956.0
SYM,annual,2025,Sales,526050.0
SYM,annual,2024,Sales,412935.0
SYM,annual,2023,Sales,255620.0
SYM,annual,2026,Profit after Taxation,163137.0
SYM,annual,2025,Profit after Taxation,157959.0
SYM,annual,2024,Profit after Taxation,127976.0
SYM,annual,2023,Profit after Taxation,127602.0
SYM,annual,2026,EPS,0.57
SYM,annual,2025,EPS,0.55
SYM,annual,2024,EPS,0.47
SYM,annual,2023,EPS,0.65
SYM,quarterly,Q3 2026,Sales,77565.0
SYM,quarterly,Q2 2026,Sales,163976.0
SYM,quarterly,Q1 2026,Sales,107448.0
SYM,quarterly,Q3 2025,Sales,136414.0
SYM,quarterly,Q3 2026,Profit after Taxation,9726.0
SYM,quarterly,Q2 2026,Profit after Taxation,125650.0
SYM,quarterly,Q1 2026,Profit after Taxation,22708.0
SYM,quarterly,Q3 2025,Profit after Taxation,17087.0
SYM,quarterly,Q3 2026,EPS,0.03
SYM,quarterly,Q2 2026,EPS,0.44
SYM,quarterly,Q1 2026,EPS,0.08
SYM,quarterly,Q3 2025,EPS,0.06
SYM,annual,2026,Gross Profit Margin (%),53.52
SYM,annual,2025,Gross Profit Margin (%),60.22
SYM,annual,2024,Gross Profit Margin (%),67.6
SYM,annual,2023,Gross Profit Margin (%),68.99
SYM,annual,2026,Net Profit Margin (%),29.66
SYM,annual,2025,Net Profit Margin (%),30.03
SYM,annual,2024,Net Profit Margin (%),30.99
SYM,annual,2023,Net Profit Margin (%),49.92
SYM,annual,2026,EPS Growth (%),3.64
SYM,annual,2025,EPS Growth (%),17.02
SYM,annual,2024,EPS Growth (%),-27.69
SYM,annual,2023,EPS Growth (%),124.14
SYM,annual,2026,PEG,5.8
SYM,annual,2025,PEG,1.58
SYM,annual,2024,PEG,-0.37
SYS,annual,2025,Sales,44230607.0
SYS,annual,2024,Sales,38526984.0
SYS,annual,2023,Sales,32037995.0
SYS,annual,2022,Sales,20644765.0
SYS,annual,2025,Profit after Taxation,8019014.0
SYS,annual,2024,Profit after Taxation,6115297.0
SYS,annual,2023,Profit after Taxation,8559160.0
SYS,annual,2022,Profit after Taxation,6299837.0
SYS,annual,2025,EPS,5.46
SYS,annual,2024,EPS,4.19
SYS,annual,2023,EPS,29.41
SYS,annual,2022,EPS,22.44
SYS,quarterly,Q2 2026,Sales,13313126.0
SYS,quarterly,Q1 2026,Sales,12585021.0
SYS,quarterly,Q3 2025,Sales,11343580.0
SYS,quarterly,Q2 2025,Sales,10819760.0
SYS,quarterly,Q2 2026,Profit after Taxation,1428137.0
SYS,quarterly,Q1 2026,Profit after Taxation,2032410.0
SYS,quarterly,Q3 2025,Profit after Taxation,1998149.0
SYS,quarterly,Q2 2025,Profit after Taxation,2003340.0
SYS,quarterly,Q2 2026,EPS,0.93
SYS,quarterly,Q1 2026,EPS,1.38
SYS,quarterly,Q3 2025,EPS,1.36
SYS,quarterly,Q2 2025,EPS,1.37
SYS,annual,2025,Gross Profit Margin (%),26.77
SYS,annual,2024,Gross Profit Margin (%),24.82
SYS,annual,2023,Gross Profit Margin (%),30.36
SYS,annual,2022,Gross Profit Margin (%),32.72
SYS,annual,2025,Net Profit Margin (%),18.13
SYS,annual,2024,Net Profit Margin (%),15.87
SYS,annual,2023,Net Profit Margin (%),26.72
SYS,annual,2022,Net Profit Margin (%),30.52
SYS,annual,2025,EPS Growth (%),30.31
SYS,annual,2024,EPS Growth (%),-85.75
SYS,annual,2023,EPS Growth (%),31.06
SYS,annual,2022,EPS Growth (%),86.07
SYS,annual,2025,PEG,1.03
SYS,annual,2024,PEG,-1.73
SYS,annual,2023,PEG,0.46
SYS,annual,2022,PEG,0.25
SZTM,annual,2026,Sales,12341775.0
SZTM,annual,2025,Sales,11371016.0
SZTM,annual,2024,Sales,11014646.0
SZTM,annual,2023,Sales,8398630.0
SZTM,annual,2026,Profit after Taxation,257401.0
SZTM,annual,2025,Profit after Taxation,158025.0
SZTM,annual,2024,Profit after Taxation,-98783.0
SZTM,annual,2023,Profit after Taxation,-269240.0
SZTM,annual,2026,EPS,14.32
SZTM,annual,2025,EPS,8.79
SZTM,annual,2024,EPS,-5.5
SZTM,annual,2023,EPS,-14.98
SZTM,quarterly,Q3 2026,Sales,3251437.0
SZTM,quarterly,Q2 2026,Sales,2834880.0
SZTM,quarterly,Q1 2026,Sales,3354647.0
SZTM,quarterly,Q3 2025,Sales,3064218.0
SZTM,quarterly,Q3 2026,Profit after Taxation,82709.0
SZTM,quarterly,Q2 2026,Profit after Taxation,59429.0
SZTM,quarterly,Q1 2026,Profit after Taxation,66008.0
SZTM,quarterly,Q3 2025,Profit after Taxation,81696.0
SZTM,quarterly,Q3 2026,EPS,4.6
SZTM,quarterly,Q2 2026,EPS,3.31
SZTM,quarterly,Q1 2026,EPS,3.67
SZTM,quarterly,Q3 2025,EPS,4.55
SZTM,annual,2026,Gross Profit Margin (%),8.58
SZTM,annual,2025,Gross Profit Margin (%),6.11
SZTM,annual,2024,Gross Profit Margin (%),4.7
SZTM,annual,2023,Gross Profit Margin (%),2.79
SZTM,annual,2026,Net Profit Margin (%),2.09
SZTM,annual,2025,Net Profit Margin (%),1.39
SZTM,annual,2024,Net Profit Margin (%),-0.9
SZTM,annual,2023,Net Profit Margin (%),-3.21
SZTM,annual,2026,EPS Growth (%),62.91
SZTM,annual,2025,EPS Growth (%),259.82
SZTM,annual,2024,EPS Growth (%),63.28
SZTM,annual,2023,EPS Growth (%),-171.33
SZTM,annual,2026,PEG,0.1
SZTM,annual,2025,PEG,0.03
SZTM,annual,2024,PEG,-0.11
SZTM,annual,2023,PEG,0.02
TAJT,annual,2017,Profit after Taxation,-10063.0
TAJT,annual,2016,Profit after Taxation,-11097.0
TAJT,annual,2017,EPS,-0.3
TAJT,annual,2016,EPS,-0.33
TAJT,quarterly,Q3 2019,Profit after Taxation,-2011.0
TAJT,quarterly,Q3 2018,Profit after Taxation,-2231.0
TAJT,quarterly,Q3 2019,EPS,-0.07
TAJT,quarterly,Q3 2018,EPS,-0.07
TAJT,annual,2017,EPS Growth (%),9.09
TAJT,annual,2017,PEG,-0.15
TATM,annual,2026,Sales,39841381.0
TATM,annual,2025,Sales,41239930.0
TATM,annual,2024,Sales,45823700.0
TATM,annual,2023,Sales,34910638.0
TATM,annual,2026,EPS,64.63
TATM,annual,2025,EPS,19.88
TATM,annual,2024,EPS,-9.89
TATM,annual,2023,EPS,4.65
TATM,quarterly,Q3 2026,Sales,8830408.0
TATM,quarterly,Q2 2026,Sales,8460796.0
TATM,quarterly,Q1 2026,Sales,11878519.0
TATM,quarterly,Q3 2025,Sales,9738791.0
TATM,quarterly,Q3 2026,EPS,-30.81
TATM,quarterly,Q2 2026,EPS,0.74
TATM,quarterly,Q1 2026,EPS,27.68
TATM,quarterly,Q3 2025,EPS,-4.01
TATM,annual,2026,Gross Profit Margin (%),9.34
TATM,annual,2025,Gross Profit Margin (%),5.55
TATM,annual,2024,Gross Profit Margin (%),7.28
TATM,annual,2023,Gross Profit Margin (%),12.16
TATM,annual,2026,Net Profit Margin (%),9.08
TATM,annual,2025,Net Profit Margin (%),2.7
TATM,annual,2024,Net Profit Margin (%),-1.21
TATM,annual,2023,Net Profit Margin (%),0.75
TATM,annual,2026,EPS Growth (%),225.1
TATM,annual,2025,EPS Growth (%),301.01
TATM,annual,2024,EPS Growth (%),-312.69
TATM,annual,2023,EPS Growth (%),-94.14
TATM,annual,2026,PEG,0.01
TATM,annual,2025,PEG,0.02
TATM,annual,2024,PEG,0.02
TATM,annual,2023,PEG,-0.15
TBL,annual,2026,Sales,6859254.0
TBL,annual,2025,Sales,8843791.0
TBL,annual,2024,Sales,8733322.0
TBL,annual,2026,Profit after Taxation,42265.0
TBL,annual,2025,Profit after Taxation,40426.0
TBL,annual,2024,Profit after Taxation,-376717.0
TBL,annual,2026,EPS,0.04
TBL,annual,2025,EPS,0.05
TBL,annual,2024,EPS,-0.43
TBL,quarterly,Q3 2026,Sales,1490971.0
TBL,quarterly,Q2 2026,Sales,1650489.0
TBL,quarterly,Q1 2026,Sales,1870804.0
TBL,quarterly,Q3 2025,Sales,1430699.0
TBL,quarterly,Q3 2026,Profit after Taxation,-64988.0
TBL,quarterly,Q2 2026,Profit after Taxation,137448.0
TBL,quarterly,Q1 2026,Profit after Taxation,-117982.0
TBL,quarterly,Q3 2025,Profit after Taxation,-38389.0
TBL,quarterly,Q3 2026,EPS,-0.06
TBL,quarterly,Q2 2026,EPS,0.13
TBL,quarterly,Q1 2026,EPS,-0.05
TBL,quarterly,Q3 2025,EPS,-0.04
TBL,annual,2026,Gross Profit Margin (%),20.57
TBL,annual,2025,Gross Profit Margin (%),19.96
TBL,annual,2024,Gross Profit Margin (%),19.81
TBL,annual,2023,Gross Profit Margin (%),23.75
TBL,annual,2026,Net Profit Margin (%),0.62
TBL,annual,2025,Net Profit Margin (%),0.46
TBL,annual,2024,Net Profit Margin (%),-4.31
TBL,annual,2023,Net Profit Margin (%),2.84
TBL,annual,2026,EPS Growth (%),-20.0
TBL,annual,2025,EPS Growth (%),111.63
TBL,annual,2024,EPS Growth (%),-265.38
TBL,annual,2026,PEG,-13.41
TBL,annual,2025,PEG,2.24
TBL,annual,2024,PEG,0.17
TCORP,annual,2025,Sales,7551875.0
TCORP,annual,2024,Sales,6876505.0
TCORP,annual,2023,Sales,7832780.0
TCORP,annual,2022,Sales,6286543.0
TCORP,annual,2025,Profit after Taxation,36620.0
TCORP,annual,2024,Profit after Taxation,21125.0
TCORP,annual,2023,Profit after Taxation,341929.0
TCORP,annual,2022,Profit after Taxation,-198857.0
TCORP,annual,2025,EPS,0.55
TCORP,annual,2024,EPS,0.36
TCORP,annual,2023,EPS,6.46
TCORP,annual,2022,EPS,-3.8
TCORP,quarterly,Q3 2026,Sales,676525.0
TCORP,quarterly,Q2 2026,Sales,5451792.0
TCORP,quarterly,Q1 2026,Sales,2714503.0
TCORP,quarterly,Q3 2025,Sales,61214.0
TCORP,quarterly,Q3 2026,Profit after Taxation,26136.0
TCORP,quarterly,Q2 2026,Profit after Taxation,29794.0
TCORP,quarterly,Q1 2026,Profit after Taxation,25320.0
TCORP,quarterly,Q3 2025,Profit after Taxation,-25753.0
TCORP,quarterly,Q3 2026,EPS,0.39
TCORP,quarterly,Q2 2026,EPS,0.45
TCORP,quarterly,Q1 2026,EPS,0.38
TCORP,quarterly,Q3 2025,EPS,-0.39
TCORP,annual,2025,Gross Profit Margin (%),2.63
TCORP,annual,2024,Gross Profit Margin (%),-6.1
TCORP,annual,2023,Gross Profit Margin (%),12.27
TCORP,annual,2022,Gross Profit Margin (%),7.64
TCORP,annual,2025,Net Profit Margin (%),0.48
TCORP,annual,2024,Net Profit Margin (%),0.31
TCORP,annual,2023,Net Profit Margin (%),4.37
TCORP,annual,2022,Net Profit Margin (%),-3.16
TCORP,annual,2025,EPS Growth (%),52.78
TCORP,annual,2024,EPS Growth (%),-94.43
TCORP,annual,2023,EPS Growth (%),270.0
TCORP,annual,2022,EPS Growth (%),-755.17
TCORP,annual,2025,PEG,0.65
TCORP,annual,2024,PEG,-0.44
TCORP,annual,2023,PEG,0.01
TCORP,annual,2022,PEG,0.0
TDIL,annual,2016,Profit after Taxation,103169.0
TDIL,annual,2015,Profit after Taxation,33278.0
TDIL,annual,2014,Profit after Taxation,24051.0
TDIL,annual,2013,Profit after Taxation,51523.0
TDIL,annual,2016,EPS,1.37
TDIL,annual,2015,EPS,0.47
TDIL,annual,2014,EPS,0.52
TDIL,annual,2013,EPS,1.12
TDIL,quarterly,Q3 2017,Profit after Taxation,42464.0
TDIL,quarterly,Q2 2017,Profit after Taxation,43785.0
TDIL,quarterly,Q1 2017,Profit after Taxation,31801.0
TDIL,quarterly,Q3 2016,Profit after Taxation,52075.0
TDIL,quarterly,Q3 2017,EPS,0.56
TDIL,quarterly,Q2 2017,EPS,0.58
TDIL,quarterly,Q1 2017,EPS,0.42
TDIL,quarterly,Q3 2016,EPS,0.69
TDIL,annual,2016,Gross Profit Margin (%),10.83
TDIL,annual,2015,Gross Profit Margin (%),4.85
TDIL,annual,2014,Gross Profit Margin (%),9.45
TDIL,annual,2013,Gross Profit Margin (%),15.49
TDIL,annual,2016,Net Profit Margin (%),8.62
TDIL,annual,2015,Net Profit Margin (%),2.94
TDIL,annual,2014,Net Profit Margin (%),2.28
TDIL,annual,2013,Net Profit Margin (%),7.02
TDIL,annual,2016,EPS Growth (%),191.49
TDIL,annual,2015,EPS Growth (%),-9.62
TDIL,annual,2014,EPS Growth (%),-53.57
TDIL,annual,2013,EPS Growth (%),20.43
TDIL,annual,2016,PEG,0.07
TDIL,annual,2015,PEG,-5.27
TDIL,annual,2014,PEG,-0.92
TDIL,annual,2013,PEG,0.44
TELE,annual,2025,Sales,2003923.0
TELE,annual,2024,Sales,2294683.0
TELE,annual,2023,Sales,1767860.0
TELE,annual,2022,Sales,1496743.0
TELE,annual,2025,Profit after Taxation,65646.0
TELE,annual,2024,Profit after Taxation,248402.0
TELE,annual,2023,Profit after Taxation,136119.0
TELE,annual,2022,Profit after Taxation,297697.0
TELE,annual,2025,EPS,0.19
TELE,annual,2024,EPS,0.73
TELE,annual,2023,EPS,0.4
TELE,annual,2022,EPS,0.88
TELE,quarterly,Q3 2026,Sales,378078.0
TELE,quarterly,Q2 2026,Sales,440832.0
TELE,quarterly,Q1 2026,Sales,499114.0
TELE,quarterly,Q3 2025,Sales,487272.0
TELE,quarterly,Q3 2026,Profit after Taxation,11778.0
TELE,quarterly,Q2 2026,Profit after Taxation,-7470.0
TELE,quarterly,Q1 2026,Profit after Taxation,32649.0
TELE,quarterly,Q3 2025,Profit after Taxation,45868.0
TELE,quarterly,Q3 2026,EPS,0.03
TELE,quarterly,Q2 2026,EPS,-0.02
TELE,quarterly,Q1 2026,EPS,0.1
TELE,quarterly,Q3 2025,EPS,0.14
TELE,annual,2025,Gross Profit Margin (%),32.59
TELE,annual,2024,Gross Profit Margin (%),34.01
TELE,annual,2023,Gross Profit Margin (%),40.65
TELE,annual,2022,Gross Profit Margin (%),35.23
TELE,annual,2025,Net Profit Margin (%),3.28
TELE,annual,2024,Net Profit Margin (%),10.83
TELE,annual,2023,Net Profit Margin (%),7.7
TELE,annual,2022,Net Profit Margin (%),19.89
TELE,annual,2025,EPS Growth (%),-73.97
TELE,annual,2024,EPS Growth (%),82.5
TELE,annual,2023,EPS Growth (%),-54.55
TELE,annual,2022,EPS Growth (%),1.15
TELE,annual,2025,PEG,-0.56
TELE,annual,2024,PEG,0.12
TELE,annual,2023,PEG,-0.3
TELE,annual,2022,PEG,10.71
TGL,annual,2026,Profit after Taxation,4013403.0
TGL,annual,2025,Profit after Taxation,4777726.0
TGL,annual,2024,Profit after Taxation,4374469.0
TGL,annual,2023,Profit after Taxation,2519131.0
TGL,annual,2026,EPS,23.31
TGL,annual,2025,EPS,27.75
TGL,annual,2024,EPS,25.41
TGL,annual,2023,EPS,14.63
TGL,quarterly,Q3 2026,Profit after Taxation,1104641.0
TGL,quarterly,Q2 2026,Profit after Taxation,957529.0
TGL,quarterly,Q1 2026,Profit after Taxation,885431.0
TGL,quarterly,Q3 2025,Profit after Taxation,1243612.0
TGL,quarterly,Q3 2026,EPS,6.42
TGL,quarterly,Q2 2026,EPS,5.56
TGL,quarterly,Q1 2026,EPS,5.14
TGL,quarterly,Q3 2025,EPS,7.22
TGL,annual,2026,Gross Profit Margin (%),28.94
TGL,annual,2025,Gross Profit Margin (%),31.03
TGL,annual,2024,Gross Profit Margin (%),26.44
TGL,annual,2023,Gross Profit Margin (%),20.17
TGL,annual,2026,Net Profit Margin (%),13.06
TGL,annual,2025,Net Profit Margin (%),14.24
TGL,annual,2024,Net Profit Margin (%),14.78
TGL,annual,2023,Net Profit Margin (%),8.86
TGL,annual,2026,EPS Growth (%),-16.0
TGL,annual,2025,EPS Growth (%),9.21
TGL,annual,2024,EPS Growth (%),73.68
TGL,annual,2023,EPS Growth (%),-39.17
TGL,annual,2026,PEG,-0.52
TGL,annual,2025,PEG,0.98
TGL,annual,2024,PEG,0.06
TGL,annual,2023,PEG,-0.12
THALL,annual,2026,Sales,35956856.0
THALL,annual,2025,Sales,29611916.0
THALL,annual,2024,Sales,26550600.0
THALL,annual,2023,Sales,31925003.0
THALL,annual,2026,Profit after Taxation,8357254.0
THALL,annual,2025,Profit after Taxation,2557725.0
THALL,annual,2024,Profit after Taxation,2190428.0
THALL,annual,2023,Profit after Taxation,2750759.0
THALL,annual,2026,EPS,103.14
THALL,annual,2025,EPS,31.57
THALL,annual,2024,EPS,27.03
THALL,annual,2023,EPS,33.95
THALL,quarterly,Q3 2026,Sales,8341286.0
THALL,quarterly,Q2 2026,Sales,9133146.0
THALL,quarterly,Q1 2026,Sales,9478415.0
THALL,quarterly,Q3 2025,Sales,7647845.0
THALL,quarterly,Q3 2026,Profit after Taxation,3930914.0
THALL,quarterly,Q2 2026,Profit after Taxation,4450615.0
THALL,quarterly,Q1 2026,Profit after Taxation,182275.0
THALL,quarterly,Q3 2025,Profit after Taxation,555042.0
THALL,quarterly,Q3 2026,EPS,48.51
THALL,quarterly,Q2 2026,EPS,54.93
THALL,quarterly,Q1 2026,EPS,2.25
THALL,quarterly,Q3 2025,EPS,6.85
THALL,annual,2026,Gross Profit Margin (%),10.01
THALL,annual,2025,Gross Profit Margin (%),10.24
THALL,annual,2024,Gross Profit Margin (%),10.53
THALL,annual,2023,Gross Profit Margin (%),13.83
THALL,annual,2026,Net Profit Margin (%),23.24
THALL,annual,2025,Net Profit Margin (%),8.64
THALL,annual,2024,Net Profit Margin (%),8.25
THALL,annual,2023,Net Profit Margin (%),8.62
THALL,annual,2026,EPS Growth (%),226.7
THALL,annual,2025,EPS Growth (%),16.8
THALL,annual,2024,EPS Growth (%),-20.38
THALL,annual,2023,EPS Growth (%),-35.38
THALL,annual,2026,PEG,0.03
THALL,annual,2025,PEG,0.75
THALL,annual,2024,PEG,-0.88
THALL,annual,2023,PEG,-0.13
THAS,annual,2017,Profit after Taxation,-4378.0
THAS,annual,2016,Profit after Taxation,-3001.0
THAS,annual,2015,Profit after Taxation,-3240.0
THAS,annual,2014,Profit after Taxation,72682.0
THAS,annual,2017,EPS,-1.08
THAS,annual,2016,EPS,-0.74
THAS,annual,2015,EPS,-0.8
THAS,annual,2014,EPS,17.95
THAS,annual,2017,EPS Growth (%),-45.95
THAS,annual,2016,EPS Growth (%),7.5
THAS,annual,2015,EPS Growth (%),-104.46
THAS,annual,2014,EPS Growth (%),341.26
THCCL,annual,2025,Sales,7566414.0
THCCL,annual,2024,Sales,7521577.0
THCCL,annual,2023,Sales,5410132.0
THCCL,annual,2022,Sales,4263894.0
THCCL,annual,2025,Profit after Taxation,2556583.0
THCCL,annual,2024,Profit after Taxation,1501037.0
THCCL,annual,2023,Profit after Taxation,249077.0
THCCL,annual,2022,Profit after Taxation,119294.0
THCCL,annual,2025,EPS,30.18
THCCL,annual,2024,EPS,17.72
THCCL,annual,2023,EPS,2.72
THCCL,annual,2022,EPS,1.2
THCCL,quarterly,Q3 2026,Sales,1533289.0
THCCL,quarterly,Q2 2026,Sales,2152808.0
THCCL,quarterly,Q1 2026,Sales,1466144.0
THCCL,quarterly,Q3 2025,Sales,1771524.0
THCCL,quarterly,Q3 2026,Profit after Taxation,620380.0
THCCL,quarterly,Q2 2026,Profit after Taxation,595517.0
THCCL,quarterly,Q1 2026,Profit after Taxation,682447.0
THCCL,quarterly,Q3 2025,Profit after Taxation,559987.0
THCCL,quarterly,Q3 2026,EPS,1.46
THCCL,quarterly,Q2 2026,EPS,1.41
THCCL,quarterly,Q1 2026,EPS,1.61
THCCL,quarterly,Q3 2025,EPS,6.61
THCCL,annual,2025,Gross Profit Margin (%),28.42
THCCL,annual,2024,Gross Profit Margin (%),28.77
THCCL,annual,2023,Gross Profit Margin (%),7.77
THCCL,annual,2022,Gross Profit Margin (%),7.52
THCCL,annual,2025,Net Profit Margin (%),33.79
THCCL,annual,2024,Net Profit Margin (%),19.96
THCCL,annual,2023,Net Profit Margin (%),4.6
THCCL,annual,2022,Net Profit Margin (%),2.8
THCCL,annual,2025,EPS Growth (%),70.32
THCCL,annual,2024,EPS Growth (%),551.47
THCCL,annual,2023,EPS Growth (%),126.67
THCCL,annual,2022,EPS Growth (%),-40.59
THCCL,annual,2025,PEG,0.09
THCCL,annual,2024,PEG,0.0
THCCL,annual,2023,PEG,0.03
THCCL,annual,2022,PEG,-0.29
TICL,annual,2025,Sales,48226080.0
TICL,annual,2024,Sales,28611252.0
TICL,annual,2023,Sales,30807763.0
TICL,annual,2022,Sales,19800471.0
TICL,annual,2025,Profit after Taxation,2328497.0
TICL,annual,2024,Profit after Taxation,1135970.0
TICL,annual,2023,Profit after Taxation,1966067.0
TICL,annual,2022,Profit after Taxation,1781871.0
TICL,annual,2025,EPS,154.99
TICL,annual,2024,EPS,75.61
TICL,annual,2023,EPS,130.87
TICL,annual,2022,EPS,118.61
TICL,quarterly,Q3 2026,Sales,10258095.0
TICL,quarterly,Q2 2026,Sales,7021287.0
TICL,quarterly,Q1 2026,Sales,4968911.0
TICL,quarterly,Q3 2025,Sales,12809439.0
TICL,quarterly,Q3 2026,Profit after Taxation,32390.0
TICL,quarterly,Q2 2026,Profit after Taxation,101707.0
TICL,quarterly,Q1 2026,Profit after Taxation,365394.0
TICL,quarterly,Q3 2025,Profit after Taxation,1152491.0
TICL,quarterly,Q3 2026,EPS,2.16
TICL,quarterly,Q2 2026,EPS,6.77
TICL,quarterly,Q1 2026,EPS,24.32
TICL,quarterly,Q3 2025,EPS,76.71
TICL,annual,2025,Gross Profit Margin (%),12.81
TICL,annual,2024,Gross Profit Margin (%),16.02
TICL,annual,2023,Gross Profit Margin (%),19.86
TICL,annual,2022,Gross Profit Margin (%),20.38
TICL,annual,2025,Net Profit Margin (%),4.83
TICL,annual,2024,Net Profit Margin (%),3.97
TICL,annual,2023,Net Profit Margin (%),6.38
TICL,annual,2022,Net Profit Margin (%),9.0
TICL,annual,2025,EPS Growth (%),104.99
TICL,annual,2024,EPS Growth (%),-42.23
TICL,annual,2023,EPS Growth (%),10.34
TICL,annual,2022,EPS Growth (%),9.3
TICL,annual,2025,PEG,0.04
TICL,annual,2024,PEG,-0.08
TICL,annual,2023,PEG,0.16
TICL,annual,2022,PEG,0.22
TISL,annual,2025,Sales,318356.0
TISL,annual,2025,Profit after Taxation,70422.0
TOMCL,annual,2026,Sales,12310212.0
TOMCL,annual,2025,Sales,14006065.0
TOMCL,annual,2024,Sales,11797754.0
TOMCL,annual,2023,Sales,6365238.0
TOMCL,annual,2026,Profit after Taxation,139489.0
TOMCL,annual,2025,Profit after Taxation,406088.0
TOMCL,annual,2024,Profit after Taxation,497373.0
TOMCL,annual,2023,Profit after Taxation,722194.0
TOMCL,annual,2026,EPS,0.71
TOMCL,annual,2025,EPS,2.37
TOMCL,annual,2024,EPS,3.35
TOMCL,annual,2023,EPS,4.86
TOMCL,quarterly,Q3 2026,Sales,3145431.0
TOMCL,quarterly,Q2 2026,Sales,3890053.0
TOMCL,quarterly,Q1 2026,Sales,3408551.0
TOMCL,quarterly,Q3 2025,Sales,3225013.0
TOMCL,quarterly,Q3 2026,Profit after Taxation,14834.0
TOMCL,quarterly,Q2 2026,Profit after Taxation,190500.0
TOMCL,quarterly,Q1 2026,Profit after Taxation,180445.0
TOMCL,quarterly,Q3 2025,Profit after Taxation,116776.0
TOMCL,quarterly,Q3 2026,EPS,0.08
TOMCL,quarterly,Q2 2026,EPS,0.97
TOMCL,quarterly,Q1 2026,EPS,1.01
TOMCL,quarterly,Q3 2025,EPS,0.59
TOMCL,annual,2026,Gross Profit Margin (%),8.67
TOMCL,annual,2025,Gross Profit Margin (%),10.18
TOMCL,annual,2024,Gross Profit Margin (%),13.38
TOMCL,annual,2023,Gross Profit Margin (%),13.4
TOMCL,annual,2026,Net Profit Margin (%),1.13
TOMCL,annual,2025,Net Profit Margin (%),2.9
TOMCL,annual,2024,Net Profit Margin (%),4.22
TOMCL,annual,2023,Net Profit Margin (%),11.35
TOMCL,annual,2026,EPS Growth (%),-70.04
TOMCL,annual,2025,EPS Growth (%),-29.25
TOMCL,annual,2024,EPS Growth (%),-31.07
TOMCL,annual,2023,EPS Growth (%),59.34
TOMCL,annual,2026,PEG,-0.88
TOMCL,annual,2025,PEG,-0.47
TOMCL,annual,2024,PEG,-0.34
TOMCL,annual,2023,PEG,0.07
TOWL,annual,2026,Sales,11135640.0
TOWL,annual,2025,Sales,12347001.0
TOWL,annual,2024,Sales,12314921.0
TOWL,annual,2023,Sales,11086916.0
TOWL,annual,2026,EPS,8.88
TOWL,annual,2025,EPS,16.87
TOWL,annual,2024,EPS,32.91
TOWL,annual,2023,EPS,140.49
TOWL,quarterly,Q3 2026,Sales,2320014.0
TOWL,quarterly,Q2 2026,Sales,2978745.0
TOWL,quarterly,Q1 2026,Sales,2768536.0
TOWL,quarterly,Q3 2025,Sales,2899285.0
TOWL,quarterly,Q3 2026,EPS,0.89
TOWL,quarterly,Q2 2026,EPS,0.9
TOWL,quarterly,Q1 2026,EPS,5.32
TOWL,quarterly,Q3 2025,EPS,1.4
TOWL,annual,2026,Gross Profit Margin (%),13.15
TOWL,annual,2025,Gross Profit Margin (%),9.38
TOWL,annual,2024,Gross Profit Margin (%),10.0
TOWL,annual,2023,Gross Profit Margin (%),28.35
TOWL,annual,2026,Net Profit Margin (%),1.35
TOWL,annual,2025,Net Profit Margin (%),2.32
TOWL,annual,2024,Net Profit Margin (%),4.48
TOWL,annual,2023,Net Profit Margin (%),21.54
TOWL,annual,2026,EPS Growth (%),-47.36
TOWL,annual,2025,EPS Growth (%),-48.74
TOWL,annual,2024,EPS Growth (%),-76.57
TOWL,annual,2023,EPS Growth (%),124.68
TOWL,annual,2026,PEG,-0.32
TOWL,annual,2025,PEG,-0.22
TOWL,annual,2024,PEG,-0.06
TOWL,annual,2023,PEG,0.01
TPL,annual,2025,Profit after Taxation,-1070513.0
TPL,annual,2024,Profit after Taxation,-1398865.0
TPL,annual,2023,Profit after Taxation,-863705.0
TPL,annual,2022,Profit after Taxation,-608296.0
TPL,annual,2025,EPS,-4.0
TPL,annual,2024,EPS,-5.23
TPL,annual,2023,EPS,-3.23
TPL,annual,2022,EPS,-2.28
TPL,quarterly,Q3 2026,Profit after Taxation,-244651.0
TPL,quarterly,Q2 2026,Profit after Taxation,-337656.0
TPL,quarterly,Q1 2026,Profit after Taxation,-130979.0
TPL,quarterly,Q3 2025,Profit after Taxation,-108635.0
TPL,quarterly,Q3 2026,EPS,-0.92
TPL,quarterly,Q2 2026,EPS,-1.26
TPL,quarterly,Q1 2026,EPS,-0.49
TPL,quarterly,Q3 2025,EPS,-0.41
TPL,annual,2025,EPS Growth (%),23.52
TPL,annual,2024,EPS Growth (%),-61.92
TPL,annual,2023,EPS Growth (%),-41.67
TPL,annual,2022,EPS Growth (%),-123.53
TPL,annual,2025,PEG,-0.06
TPL,annual,2024,PEG,0.01
TPL,annual,2023,PEG,0.04
TPL,annual,2022,PEG,0.03
TPLI,annual,2025,Profit after Taxation,47676.0
TPLI,annual,2024,Profit after Taxation,21310.0
TPLI,annual,2023,Profit after Taxation,1127019.0
TPLI,annual,2022,Profit after Taxation,18264.0
TPLI,annual,2025,EPS,0.24
TPLI,annual,2024,EPS,0.11
TPLI,annual,2023,EPS,5.62
TPLI,annual,2022,EPS,0.03
TPLI,quarterly,Q2 2026,Profit after Taxation,156210.0
TPLI,quarterly,Q1 2026,Profit after Taxation,-36474.0
TPLI,quarterly,Q3 2025,Profit after Taxation,575.0
TPLI,quarterly,Q2 2025,Profit after Taxation,5849.0
TPLI,quarterly,Q2 2026,EPS,0.79
TPLI,quarterly,Q1 2026,EPS,-0.18
TPLI,quarterly,Q2 2025,EPS,0.03
TPLI,annual,2025,Gross Profit Margin (%),2.06
TPLI,annual,2024,Gross Profit Margin (%),1.08
TPLI,annual,2023,Gross Profit Margin (%),-5.02
TPLI,annual,2022,Gross Profit Margin (%),6.25
TPLI,annual,2025,Net Profit Margin (%),1.11
TPLI,annual,2024,Net Profit Margin (%),0.62
TPLI,annual,2023,Net Profit Margin (%),36.54
TPLI,annual,2022,Net Profit Margin (%),0.62
TPLI,annual,2025,EPS Growth (%),118.18
TPLI,annual,2024,EPS Growth (%),-98.04
TPLI,annual,2023,EPS Growth (%),18633.33
TPLI,annual,2022,EPS Growth (%),-95.45
TPLI,annual,2025,PEG,0.81
TPLI,annual,2024,PEG,-1.09
TPLI,annual,2023,PEG,0.0
TPLI,annual,2022,PEG,-5.85
TPLL,annual,2025,Profit after Taxation,-208195.0
TPLL,annual,2024,Profit after Taxation,-340211.0
TPLL,annual,2023,Profit after Taxation,-11918.0
TPLL,annual,2022,Profit after Taxation,228960.0
TPLL,annual,2025,EPS,-0.93
TPLL,annual,2024,EPS,-1.54
TPLL,annual,2023,EPS,-1.49
TPLL,annual,2022,EPS,28.62
TPLL,quarterly,Q2 2026,Profit after Taxation,-57996.0
TPLL,quarterly,Q1 2026,Profit after Taxation,-46276.0
TPLL,quarterly,Q3 2025,Profit after Taxation,-62300.0
TPLL,quarterly,Q2 2025,Profit after Taxation,-65027.0
TPLL,quarterly,Q2 2026,EPS,-0.26
TPLL,quarterly,Q1 2026,EPS,-0.21
TPLL,quarterly,Q3 2025,EPS,-0.28
TPLL,quarterly,Q2 2025,EPS,-0.29
TPLL,annual,2025,EPS Growth (%),39.61
TPLL,annual,2024,EPS Growth (%),-3.36
TPLL,annual,2023,EPS Growth (%),-105.21
TPLL,annual,2022,EPS Growth (%),984.5
TPLL,annual,2025,PEG,-0.68
TPLL,annual,2024,PEG,9.92
TPLL,annual,2023,PEG,0.05
TPLL,annual,2022,PEG,0.0
TPLP,annual,2025,Sales,-639142.0
TPLP,annual,2024,Sales,-3084780.0
TPLP,annual,2023,Sales,5286450.0
TPLP,annual,2022,Sales,5919154.0
TPLP,annual,2025,Profit after Taxation,-1287336.0
TPLP,annual,2024,Profit after Taxation,-3630153.0
TPLP,annual,2023,Profit after Taxation,4270865.0
TPLP,annual,2022,Profit after Taxation,4877074.0
TPLP,annual,2025,EPS,-2.29
TPLP,annual,2024,EPS,-6.47
TPLP,annual,2023,EPS,7.5
TPLP,annual,2022,EPS,12.29
TPLP,quarterly,Q3 2026,Sales,-1610625.0
TPLP,quarterly,Q3 2025,Sales,-1255017.0
TPLP,quarterly,Q3 2026,Profit after Taxation,-1760959.0
TPLP,quarterly,Q2 2026,Profit after Taxation,-4340859.0
TPLP,quarterly,Q1 2026,Profit after Taxation,1589084.0
TPLP,quarterly,Q3 2025,Profit after Taxation,-1330351.0
TPLP,quarterly,Q3 2026,EPS,-3.14
TPLP,quarterly,Q2 2026,EPS,-7.74
TPLP,quarterly,Q1 2026,EPS,2.83
TPLP,quarterly,Q3 2025,EPS,-2.37
TPLP,annual,2025,Gross Profit Margin (%),100.0
TPLP,annual,2024,Gross Profit Margin (%),100.0
TPLP,annual,2023,Gross Profit Margin (%),99.19
TPLP,annual,2022,Gross Profit Margin (%),99.88
TPLP,annual,2025,Net Profit Margin (%),201.42
TPLP,annual,2024,Net Profit Margin (%),117.68
TPLP,annual,2023,Net Profit Margin (%),80.79
TPLP,annual,2022,Net Profit Margin (%),82.39
TPLP,annual,2025,EPS Growth (%),64.61
TPLP,annual,2024,EPS Growth (%),-186.27
TPLP,annual,2023,EPS Growth (%),-38.97
TPLP,annual,2022,EPS Growth (%),965.49
TPLP,annual,2025,PEG,-0.07
TPLP,annual,2024,PEG,0.01
TPLP,annual,2023,PEG,-0.04
TPLP,annual,2022,PEG,0.0
TPLRF1,annual,2025,Total Income,1541026.0
TPLRF1,annual,2024,Total Income,1039046.0
TPLRF1,annual,2025,EPS,0.41
TPLRF1,annual,2024,EPS,0.23
TPLRF1,quarterly,Q3 2026,Total Income,-23480.0
TPLRF1,quarterly,Q2 2026,Total Income,81357.0
TPLRF1,quarterly,Q1 2026,Total Income,-62909.0
TPLRF1,quarterly,Q3 2025,Total Income,38843.0
TPLRF1,quarterly,Q3 2026,Profit after Taxation,-187985.0
TPLRF1,quarterly,Q2 2026,Profit after Taxation,-1265259.0
TPLRF1,quarterly,Q1 2026,Profit after Taxation,-236016.0
TPLRF1,quarterly,Q3 2025,Profit after Taxation,-145129.0
TPLRF1,quarterly,Q3 2026,EPS,-0.1
TPLRF1,quarterly,Q2 2026,EPS,-0.69
TPLRF1,quarterly,Q1 2026,EPS,-0.13
TPLRF1,quarterly,Q3 2025,EPS,-0.07
TPLRF1,annual,2025,EPS Growth (%),78.26
TPLRF1,annual,2024,EPS Growth (%),-96.7
TPLRF1,annual,2025,PEG,0.44
TPLRF1,annual,2024,PEG,-0.67
TPLT,annual,2025,Sales,1773166.0
TPLT,annual,2024,Sales,2542597.0
TPLT,annual,2023,Sales,2253140.0
TPLT,annual,2022,Sales,2106469.0
TPLT,annual,2025,Profit after Taxation,-69948.0
TPLT,annual,2024,Profit after Taxation,135024.0
TPLT,annual,2023,Profit after Taxation,-42274.0
TPLT,annual,2022,Profit after Taxation,197115.0
TPLT,annual,2025,EPS,-0.37
TPLT,annual,2024,EPS,0.72
TPLT,annual,2023,EPS,-0.23
TPLT,annual,2022,EPS,1.05
TPLT,quarterly,Q3 2026,Sales,282120.0
TPLT,quarterly,Q2 2026,Sales,292511.0
TPLT,quarterly,Q1 2026,Sales,280368.0
TPLT,quarterly,Q3 2025,Sales,338074.0
TPLT,quarterly,Q3 2026,Profit after Taxation,-123188.0
TPLT,quarterly,Q2 2026,Profit after Taxation,-163922.0
TPLT,quarterly,Q1 2026,Profit after Taxation,-76207.0
TPLT,quarterly,Q3 2025,Profit after Taxation,-153034.0
TPLT,quarterly,Q3 2026,EPS,-0.66
TPLT,quarterly,Q2 2026,EPS,-0.88
TPLT,quarterly,Q1 2026,EPS,-0.41
TPLT,quarterly,Q3 2025,EPS,-0.82
TPLT,annual,2025,Gross Profit Margin (%),41.29
TPLT,annual,2024,Gross Profit Margin (%),45.36
TPLT,annual,2023,Gross Profit Margin (%),37.32
TPLT,annual,2022,Gross Profit Margin (%),35.43
TPLT,annual,2025,Net Profit Margin (%),-3.94
TPLT,annual,2024,Net Profit Margin (%),5.31
TPLT,annual,2023,Net Profit Margin (%),-1.88
TPLT,annual,2022,Net Profit Margin (%),9.36
TPLT,annual,2025,EPS Growth (%),-151.39
TPLT,annual,2024,EPS Growth (%),413.04
TPLT,annual,2023,EPS Growth (%),-121.9
TPLT,annual,2022,EPS Growth (%),264.06
TPLT,annual,2025,PEG,0.13
TPLT,annual,2024,PEG,0.02
TPLT,annual,2023,PEG,0.32
TPLT,annual,2022,PEG,0.03
TREET,annual,2026,Sales,13863546.0
TREET,annual,2025,Sales,12591060.0
TREET,annual,2024,Sales,10935371.0
TREET,annual,2023,Sales,10173875.0
TREET,annual,2026,Profit after Taxation,1066119.0
TREET,annual,2025,Profit after Taxation,1045520.0
TREET,annual,2024,Profit after Taxation,-107371.0
TREET,annual,2023,Profit after Taxation,133453.0
TREET,annual,2026,EPS,2.87
TREET,annual,2025,EPS,2.82
TREET,annual,2024,EPS,-0.35
TREET,annual,2023,EPS,0.61
TREET,quarterly,Q3 2026,Sales,3069008.0
TREET,quarterly,Q2 2026,Sales,3255277.0
TREET,quarterly,Q1 2026,Sales,3683471.0
TREET,quarterly,Q3 2025,Sales,3091272.0
TREET,quarterly,Q3 2026,Profit after Taxation,56328.0
TREET,quarterly,Q2 2026,Profit after Taxation,280402.0
TREET,quarterly,Q1 2026,Profit after Taxation,381810.0
TREET,quarterly,Q3 2025,Profit after Taxation,260114.0
TREET,quarterly,Q3 2026,EPS,0.15
TREET,quarterly,Q2 2026,EPS,0.76
TREET,quarterly,Q1 2026,EPS,1.03
TREET,quarterly,Q3 2025,EPS,0.7
TREET,annual,2026,Gross Profit Margin (%),39.97
TREET,annual,2025,Gross Profit Margin (%),36.51
TREET,annual,2024,Gross Profit Margin (%),29.68
TREET,annual,2023,Gross Profit Margin (%),32.05
TREET,annual,2026,Net Profit Margin (%),7.69
TREET,annual,2025,Net Profit Margin (%),8.3
TREET,annual,2024,Net Profit Margin (%),-0.98
TREET,annual,2023,Net Profit Margin (%),1.31
TREET,annual,2026,EPS Growth (%),1.77
TREET,annual,2025,EPS Growth (%),905.71
TREET,annual,2024,EPS Growth (%),-157.38
TREET,annual,2023,EPS Growth (%),-87.5
TREET,annual,2026,PEG,4.93
TREET,annual,2025,PEG,0.01
TREET,annual,2024,PEG,0.28
TREET,annual,2023,PEG,-0.3
TRG,annual,2025,Profit after Taxation,3923985.0
TRG,annual,2024,Profit after Taxation,-30848100.0
TRG,annual,2023,Profit after Taxation,-1336046.0
TRG,annual,2022,Profit after Taxation,-4980726.0
TRG,annual,2025,EPS,7.19
TRG,annual,2024,EPS,-56.56
TRG,annual,2023,EPS,-2.45
TRG,annual,2022,EPS,-9.13
TRG,quarterly,Q3 2026,Profit after Taxation,-8964489.0
TRG,quarterly,Q2 2026,Profit after Taxation,-2621313.0
TRG,quarterly,Q1 2026,Profit after Taxation,6867756.0
TRG,quarterly,Q3 2025,Profit after Taxation,-299751.0
TRG,quarterly,Q3 2026,EPS,-16.44
TRG,quarterly,Q2 2026,EPS,-4.81
TRG,quarterly,Q1 2026,EPS,12.59
TRG,quarterly,Q3 2025,EPS,-0.55
TRG,annual,2025,EPS Growth (%),112.71
TRG,annual,2024,EPS Growth (%),-2208.61
TRG,annual,2023,EPS Growth (%),73.17
TRG,annual,2022,EPS Growth (%),-119.27
TRG,annual,2025,PEG,0.07
TRG,annual,2024,PEG,0.0
TRG,annual,2023,PEG,-0.51
TRG,annual,2022,PEG,0.07
TRIBL,annual,2017,Net Profit Margin (%),35.95
TRIBL,annual,2016,Net Profit Margin (%),21.45
TRIBL,annual,2015,Net Profit Margin (%),22.09
TRIBL,annual,2014,Net Profit Margin (%),1.91
TRIBL,annual,2017,EPS Growth (%),78.26
TRIBL,annual,2016,EPS Growth (%),21.05
TRIBL,annual,2015,EPS Growth (%),171.43
TRIBL,annual,2014,EPS Growth (%),102.83
TRIBL,annual,2017,PEG,0.11
TRIBL,annual,2016,PEG,0.19
TRIBL,annual,2015,PEG,0.05
TRIBL,annual,2014,PEG,0.2
TRIPF,annual,2025,Sales,30203691.0
TRIPF,annual,2024,Sales,29413004.0
TRIPF,annual,2023,Sales,24842373.0
TRIPF,annual,2022,Sales,24120278.0
TRIPF,annual,2025,Profit after Taxation,-366734.0
TRIPF,annual,2024,Profit after Taxation,-431446.0
TRIPF,annual,2023,Profit after Taxation,979118.0
TRIPF,annual,2022,Profit after Taxation,863506.0
TRIPF,annual,2025,EPS,-9.45
TRIPF,annual,2024,EPS,-11.12
TRIPF,annual,2023,EPS,25.24
TRIPF,annual,2022,EPS,22.26
TRIPF,quarterly,Q2 2026,Sales,8732231.0
TRIPF,quarterly,Q1 2026,Sales,8549751.0
TRIPF,quarterly,Q3 2025,Sales,8771717.0
TRIPF,quarterly,Q2 2025,Sales,6697457.0
TRIPF,quarterly,Q2 2026,Profit after Taxation,320994.0
TRIPF,quarterly,Q1 2026,Profit after Taxation,40639.0
TRIPF,quarterly,Q3 2025,Profit after Taxation,95318.0
TRIPF,quarterly,Q2 2025,Profit after Taxation,-437796.0
TRIPF,quarterly,Q2 2026,EPS,8.27
TRIPF,quarterly,Q1 2026,EPS,1.05
TRIPF,quarterly,Q3 2025,EPS,2.46
TRIPF,quarterly,Q2 2025,EPS,-11.28
TRIPF,annual,2025,Gross Profit Margin (%),14.34
TRIPF,annual,2024,Gross Profit Margin (%),12.82
TRIPF,annual,2023,Gross Profit Margin (%),15.79
TRIPF,annual,2022,Gross Profit Margin (%),15.78
TRIPF,annual,2025,Net Profit Margin (%),-1.21
TRIPF,annual,2024,Net Profit Margin (%),-1.47
TRIPF,annual,2023,Net Profit Margin (%),3.94
TRIPF,annual,2022,Net Profit Margin (%),3.58
TRIPF,annual,2025,EPS Growth (%),15.02
TRIPF,annual,2024,EPS Growth (%),-144.06
TRIPF,annual,2023,EPS Growth (%),13.39
TRIPF,annual,2022,EPS Growth (%),-17.09
TRIPF,annual,2025,PEG,-1.08
TRIPF,annual,2024,PEG,0.09
TRIPF,annual,2023,PEG,0.41
TRIPF,annual,2022,PEG,-0.33
TRPOL,annual,2020,Sales,403177.0
TRPOL,annual,2019,Sales,386812.0
TRPOL,annual,2018,Sales,322044.0
TRPOL,annual,2017,Sales,200182.0
TRPOL,annual,2020,Profit after Taxation,22405.0
TRPOL,annual,2019,Profit after Taxation,52672.0
TRPOL,annual,2018,Profit after Taxation,77800.0
TRPOL,annual,2017,Profit after Taxation,77847.0
TRPOL,annual,2020,EPS,0.39
TRPOL,annual,2019,EPS,0.93
TRPOL,annual,2018,EPS,1.5
TRPOL,annual,2017,EPS,3.63
TRPOL,quarterly,Q2 2021,Sales,240822.0
TRPOL,quarterly,Q1 2021,Sales,162352.0
TRPOL,quarterly,Q3 2020,Sales,96875.0
TRPOL,quarterly,Q2 2020,Sales,78054.0
TRPOL,quarterly,Q2 2021,Profit after Taxation,21589.0
TRPOL,quarterly,Q1 2021,Profit after Taxation,11494.0
TRPOL,quarterly,Q3 2020,Profit after Taxation,4455.0
TRPOL,quarterly,Q2 2020,Profit after Taxation,1751.0
TRPOL,quarterly,Q2 2021,EPS,0.38
TRPOL,quarterly,Q1 2021,EPS,0.2
TRPOL,quarterly,Q3 2020,EPS,0.08
TRPOL,quarterly,Q2 2020,EPS,0.03
TRPOL,annual,2020,Gross Profit Margin (%),53.26
TRPOL,annual,2019,Gross Profit Margin (%),51.37
TRPOL,annual,2018,Gross Profit Margin (%),56.86
TRPOL,annual,2017,Gross Profit Margin (%),41.02
TRPOL,annual,2020,Net Profit Margin (%),5.56
TRPOL,annual,2019,Net Profit Margin (%),13.62
TRPOL,annual,2018,Net Profit Margin (%),24.16
TRPOL,annual,2017,Net Profit Margin (%),38.89
TRPOL,annual,2020,EPS Growth (%),-58.06
TRPOL,annual,2019,EPS Growth (%),-38.0
TRPOL,annual,2018,EPS Growth (%),-58.68
TRPOL,annual,2017,EPS Growth (%),36400.0
TRPOL,annual,2020,PEG,-0.31
TRPOL,annual,2019,PEG,-0.26
TRPOL,annual,2018,PEG,-0.19
TRPOL,annual,2017,PEG,0.0
TRSM,annual,2026,Profit after Taxation,11379.0
TRSM,annual,2025,Profit after Taxation,18390.0
TRSM,annual,2024,Profit after Taxation,20855.0
TRSM,annual,2023,Profit after Taxation,-73.0
TRSM,quarterly,Q3 2026,Profit after Taxation,-2383.0
TRSM,quarterly,Q2 2026,Profit after Taxation,5577.0
TRSM,quarterly,Q1 2026,Profit after Taxation,3781.0
TRSM,quarterly,Q3 2025,Profit after Taxation,2469.0
TRSM,annual,2026,EPS Growth (%),-38.71
TRSM,annual,2025,EPS Growth (%),-12.68
TRSM,annual,2024,EPS Growth (%),35600.0
TRSM,annual,2023,EPS Growth (%),-100.53
TRSM,annual,2026,PEG,-1.11
TRSM,annual,2025,PEG,-0.91
TRSM,annual,2024,PEG,0.0
TRSM,annual,2023,PEG,5.47
TSBL,annual,2026,Profit after Taxation,137204.0
TSBL,annual,2025,Profit after Taxation,19168.0
TSBL,annual,2024,Profit after Taxation,83997.0
TSBL,annual,2023,Profit after Taxation,-10269.0
TSBL,annual,2026,EPS,0.23
TSBL,annual,2025,EPS,0.04
TSBL,annual,2024,EPS,2.8
TSBL,annual,2023,EPS,-0.34
TSBL,quarterly,Q3 2026,Profit after Taxation,-35077.0
TSBL,quarterly,Q2 2026,Profit after Taxation,30492.0
TSBL,quarterly,Q1 2026,Profit after Taxation,19823.0
TSBL,quarterly,Q3 2025,Profit after Taxation,2766.0
TSBL,quarterly,Q3 2026,EPS,-0.12
TSBL,quarterly,Q2 2026,EPS,0.1
TSBL,quarterly,Q1 2026,EPS,0.66
TSBL,quarterly,Q3 2025,EPS,0.09
TSBL,annual,2026,Net Profit Margin (%),23.66
TSBL,annual,2025,Net Profit Margin (%),5.78
TSBL,annual,2024,Net Profit Margin (%),22.38
TSBL,annual,2023,Net Profit Margin (%),-5.45
TSBL,annual,2026,EPS Growth (%),475.0
TSBL,annual,2025,EPS Growth (%),-98.57
TSBL,annual,2024,EPS Growth (%),923.53
TSBL,annual,2023,EPS Growth (%),26.09
TSBL,annual,2026,PEG,0.02
TSBL,annual,2025,PEG,-3.17
TSBL,annual,2024,PEG,0.0
TSBL,annual,2023,PEG,-1.61
TSMF,annual,2026,Total Income,16422.0
TSMF,annual,2025,Total Income,25083.0
TSMF,annual,2024,Total Income,26952.0
TSMF,annual,2023,Total Income,-14887.0
TSMF,annual,2026,Profit after Taxation,2556.0
TSMF,annual,2025,Profit after Taxation,21568.0
TSMF,annual,2024,Profit after Taxation,24173.0
TSMF,annual,2023,Profit after Taxation,-16924.0
TSMF,annual,2026,EPS,4.53
TSMF,annual,2025,EPS,3.9
TSMF,annual,2024,EPS,6.07
TSMF,annual,2023,EPS,-3.26
TSMF,quarterly,Q3 2026,Total Income,-6553.0
TSMF,quarterly,Q2 2026,Total Income,249.0
TSMF,quarterly,Q1 2026,Total Income,15004.0
TSMF,quarterly,Q3 2024,Total Income,7723.0
TSMF,quarterly,Q3 2026,Profit after Taxation,-6230.0
TSMF,quarterly,Q2 2026,Profit after Taxation,-446.0
TSMF,quarterly,Q1 2026,Profit after Taxation,12905.0
TSMF,quarterly,Q3 2024,Profit after Taxation,6824.0
TSMF,quarterly,Q3 2026,EPS,-1.25
TSMF,quarterly,Q2 2026,EPS,0.39
TSMF,quarterly,Q1 2026,EPS,2.58
TSMF,quarterly,Q3 2024,EPS,1.16
TSMF,annual,2026,EPS Growth (%),16.15
TSMF,annual,2025,EPS Growth (%),-35.75
TSMF,annual,2024,EPS Growth (%),286.2
TSMF,annual,2023,EPS Growth (%),-23.02
TSMF,annual,2026,PEG,0.24
TSMF,annual,2025,PEG,-0.06
TSMF,annual,2024,PEG,0.0
TSMF,annual,2023,PEG,0.05
TSML,annual,2025,Sales,40480076.0
TSML,annual,2024,Sales,38311576.0
TSML,annual,2023,Sales,42290088.0
TSML,annual,2022,Sales,32299966.0
TSML,annual,2025,Profit after Taxation,709716.0
TSML,annual,2024,Profit after Taxation,1082666.0
TSML,annual,2023,Profit after Taxation,1509217.0
TSML,annual,2022,Profit after Taxation,517712.0
TSML,annual,2025,EPS,6.03
TSML,annual,2024,EPS,9.2
TSML,annual,2023,EPS,12.82
TSML,annual,2022,EPS,4.4
TSML,quarterly,Q3 2026,Sales,8204260.0
TSML,quarterly,Q2 2026,Sales,22251567.0
TSML,quarterly,Q1 2026,Sales,15589888.0
TSML,quarterly,Q3 2025,Sales,6224010.0
TSML,quarterly,Q3 2026,Profit after Taxation,124725.0
TSML,quarterly,Q2 2026,Profit after Taxation,18528.0
TSML,quarterly,Q1 2026,Profit after Taxation,319492.0
TSML,quarterly,Q3 2025,Profit after Taxation,22711.0
TSML,quarterly,Q3 2026,EPS,1.06
TSML,quarterly,Q2 2026,EPS,0.16
TSML,quarterly,Q1 2026,EPS,2.71
TSML,quarterly,Q3 2025,EPS,0.19
TSML,annual,2025,Gross Profit Margin (%),14.89
TSML,annual,2024,Gross Profit Margin (%),16.0
TSML,annual,2023,Gross Profit Margin (%),13.41
TSML,annual,2022,Gross Profit Margin (%),11.65
TSML,annual,2025,Net Profit Margin (%),1.75
TSML,annual,2024,Net Profit Margin (%),2.83
TSML,annual,2023,Net Profit Margin (%),3.57
TSML,annual,2022,Net Profit Margin (%),1.6
TSML,annual,2025,EPS Growth (%),-34.46
TSML,annual,2024,EPS Growth (%),-28.24
TSML,annual,2023,EPS Growth (%),191.36
TSML,annual,2022,EPS Growth (%),-27.27
TSML,annual,2025,PEG,-1.08
TSML,annual,2024,PEG,-0.26
TSML,annual,2023,PEG,0.03
TSML,annual,2022,PEG,-0.71
TSPL,annual,2024,Sales,5000.0
TSPL,annual,2023,Sales,6080.0
TSPL,annual,2025,Profit after Taxation,-10318.0
TSPL,annual,2024,Profit after Taxation,-13363.0
TSPL,annual,2023,Profit after Taxation,6097.0
TSPL,annual,2022,Profit after Taxation,5983.0
TSPL,annual,2025,EPS,-0.69
TSPL,annual,2024,EPS,-0.89
TSPL,annual,2023,EPS,0.41
TSPL,annual,2022,EPS,0.4
TSPL,quarterly,Q3 2026,Sales,3300.0
TSPL,quarterly,Q2 2026,Sales,3300.0
TSPL,quarterly,Q1 2026,Sales,3300.0
TSPL,quarterly,Q3 2026,Profit after Taxation,217.0
TSPL,quarterly,Q2 2026,Profit after Taxation,-354.0
TSPL,quarterly,Q1 2026,Profit after Taxation,688.0
TSPL,quarterly,Q3 2025,Profit after Taxation,-1456.0
TSPL,quarterly,Q3 2026,EPS,0.01
TSPL,quarterly,Q2 2026,EPS,-0.02
TSPL,quarterly,Q1 2026,EPS,0.05
TSPL,quarterly,Q3 2025,EPS,-0.1
TSPL,annual,2024,Gross Profit Margin (%),93.72
TSPL,annual,2023,Gross Profit Margin (%),89.55
TSPL,annual,2024,Net Profit Margin (%),-267.25
TSPL,annual,2023,Net Profit Margin (%),100.28
TSPL,annual,2025,EPS Growth (%),22.47
TSPL,annual,2024,EPS Growth (%),-317.07
TSPL,annual,2023,EPS Growth (%),2.5
TSPL,annual,2022,EPS Growth (%),11.11
TSPL,annual,2025,PEG,-0.52
TSPL,annual,2024,PEG,0.03
TSPL,annual,2023,PEG,9.49
TSPL,annual,2022,PEG,0.79
UBDL,annual,2026,Sales,236690.0
UBDL,annual,2025,Sales,1176764.0
UBDL,annual,2024,Sales,1120839.0
UBDL,annual,2023,Sales,1348030.0
UBDL,annual,2026,Profit after Taxation,-71487.0
UBDL,annual,2025,Profit after Taxation,-70447.0
UBDL,annual,2024,Profit after Taxation,-58990.0
UBDL,annual,2023,Profit after Taxation,-98280.0
UBDL,annual,2026,EPS,-0.78
UBDL,annual,2025,EPS,-0.77
UBDL,annual,2024,EPS,-0.64
UBDL,annual,2023,EPS,-1.07
UBDL,quarterly,Q3 2026,Sales,24477.0
UBDL,quarterly,Q2 2026,Sales,34263.0
UBDL,quarterly,Q1 2026,Sales,149906.0
UBDL,quarterly,Q3 2025,Sales,321597.0
UBDL,quarterly,Q3 2026,Profit after Taxation,-5112.0
UBDL,quarterly,Q2 2026,Profit after Taxation,18843.0
UBDL,quarterly,Q1 2026,Profit after Taxation,-3789.0
UBDL,quarterly,Q3 2025,Profit after Taxation,-12282.0
UBDL,quarterly,Q3 2026,EPS,-0.06
UBDL,quarterly,Q2 2026,EPS,0.21
UBDL,quarterly,Q1 2026,EPS,-0.04
UBDL,quarterly,Q3 2025,EPS,-0.13
UBDL,annual,2026,Gross Profit Margin (%),9.77
UBDL,annual,2025,Gross Profit Margin (%),13.84
UBDL,annual,2024,Gross Profit Margin (%),17.44
UBDL,annual,2023,Gross Profit Margin (%),14.86
UBDL,annual,2026,Net Profit Margin (%),-30.2
UBDL,annual,2025,Net Profit Margin (%),-5.99
UBDL,annual,2024,Net Profit Margin (%),-5.26
UBDL,annual,2023,Net Profit Margin (%),-7.29
UBDL,annual,2026,EPS Growth (%),-1.3
UBDL,annual,2025,EPS Growth (%),-20.31
UBDL,annual,2024,EPS Growth (%),40.19
UBDL,annual,2023,EPS Growth (%),-545.83
UBDL,annual,2026,PEG,24.87
UBDL,annual,2025,PEG,1.6
UBDL,annual,2024,PEG,-0.45
UBDL,annual,2023,PEG,0.02
UBL,annual,2025,Mark-up Earned,1184817602.0
UBL,annual,2024,Mark-up Earned,1084582857.0
UBL,annual,2023,Mark-up Earned,521374426.0
UBL,annual,2022,Mark-up Earned,250678678.0
UBL,annual,2025,Total Income,419560197.0
UBL,annual,2024,Total Income,260908948.0
UBL,annual,2023,Total Income,165752870.0
UBL,annual,2022,Total Income,137651892.0
UBL,annual,2025,Profit after Taxation,128008847.0
UBL,annual,2024,Profit after Taxation,80527534.0
UBL,annual,2023,Profit after Taxation,53180413.0
UBL,annual,2022,Profit after Taxation,32062655.0
UBL,annual,2025,EPS,51.33
UBL,annual,2024,EPS,32.89
UBL,annual,2023,EPS,43.44
UBL,annual,2022,EPS,26.19
UBL,quarterly,Q2 2026,Mark-up Earned,341495299.0
UBL,quarterly,Q1 2026,Mark-up Earned,323519262.0
UBL,quarterly,Q3 2025,Mark-up Earned,297224588.0
UBL,quarterly,Q2 2025,Mark-up Earned,303036068.0
UBL,quarterly,Q2 2026,Total Income,119165690.0
UBL,quarterly,Q1 2026,Total Income,141592539.0
UBL,quarterly,Q3 2025,Total Income,105017302.0
UBL,quarterly,Q2 2025,Total Income,106362154.0
UBL,quarterly,Q2 2026,Profit after Taxation,35992048.0
UBL,quarterly,Q1 2026,Profit after Taxation,48977858.0
UBL,quarterly,Q3 2025,Profit after Taxation,34702768.0
UBL,quarterly,Q2 2025,Profit after Taxation,28194974.0
UBL,quarterly,Q2 2026,EPS,14.37
UBL,quarterly,Q1 2026,EPS,19.56
UBL,quarterly,Q3 2025,EPS,13.86
UBL,quarterly,Q2 2025,EPS,11.26
UBL,annual,2025,Net Profit Margin (%),10.8
UBL,annual,2024,Net Profit Margin (%),7.42
UBL,annual,2023,Net Profit Margin (%),10.2
UBL,annual,2022,Net Profit Margin (%),12.79
UBL,annual,2025,EPS Growth (%),56.07
UBL,annual,2024,EPS Growth (%),-24.29
UBL,annual,2023,EPS Growth (%),65.86
UBL,annual,2022,EPS Growth (%),3.8
UBL,annual,2025,PEG,0.15
UBL,annual,2024,PEG,-0.48
UBL,annual,2023,PEG,0.06
UBL,annual,2022,PEG,1.01
UCAPM,annual,2024,Profit after Taxation,-369.0
UCAPM,annual,2023,Profit after Taxation,-622.0
UCAPM,annual,2022,Profit after Taxation,-646.0
UCAPM,annual,2021,Profit after Taxation,-358.0
UCAPM,quarterly,Q3 2025,Profit after Taxation,-399.0
UCAPM,quarterly,Q2 2025,Profit after Taxation,-881.0
UCAPM,quarterly,Q1 2025,Profit after Taxation,-472.0
UCAPM,quarterly,Q3 2024,Profit after Taxation,-230.0
UCAPM,annual,2025,EPS Growth (%),33.33
UCAPM,annual,2023,EPS Growth (%),-50.0
UCAPM,annual,2022,EPS Growth (%),85.71
UCAPM,annual,2025,PEG,-5.88
UCAPM,annual,2023,PEG,1.13
UCAPM,annual,2022,PEG,-0.97
UDLI,annual,2026,Total Income,105054.0
UDLI,annual,2025,Total Income,53545.0
UDLI,annual,2024,Total Income,4470.0
UDLI,annual,2026,EPS,1.17
UDLI,annual,2025,EPS,0.48
UDLI,annual,2024,EPS,-0.25
UDLI,quarterly,Q3 2026,Total Income,57218.0
UDLI,quarterly,Q2 2026,Total Income,5712.0
UDLI,quarterly,Q3 2025,Total Income,8694.0
UDLI,quarterly,Q3 2026,EPS,0.22
UDLI,quarterly,Q2 2026,EPS,0.29
UDLI,quarterly,Q1 2026,EPS,0.78
UDLI,quarterly,Q3 2025,EPS,-0.14
UDLI,annual,2026,EPS Growth (%),143.75
UDLI,annual,2025,EPS Growth (%),292.0
UDLI,annual,2024,EPS Growth (%),97.75
UDLI,annual,2026,PEG,0.11
UDLI,annual,2025,PEG,0.08
UDPL,annual,2026,Sales,796477.0
UDPL,annual,2025,Sales,963631.0
UDPL,annual,2024,Sales,1111470.0
UDPL,annual,2023,Sales,785451.0
UDPL,annual,2026,Profit after Taxation,1043738.0
UDPL,annual,2025,Profit after Taxation,903351.0
UDPL,annual,2024,Profit after Taxation,362474.0
UDPL,annual,2023,Profit after Taxation,-372532.0
UDPL,annual,2026,EPS,29.59
UDPL,annual,2025,EPS,25.61
UDPL,annual,2024,EPS,10.28
UDPL,annual,2023,EPS,-10.56
UDPL,quarterly,Q3 2026,Sales,170557.0
UDPL,quarterly,Q2 2026,Sales,218724.0
UDPL,quarterly,Q1 2026,Sales,226493.0
UDPL,quarterly,Q3 2025,Sales,224079.0
UDPL,quarterly,Q3 2026,Profit after Taxation,223412.0
UDPL,quarterly,Q2 2026,Profit after Taxation,233124.0
UDPL,quarterly,Q1 2026,Profit after Taxation,422726.0
UDPL,quarterly,Q3 2025,Profit after Taxation,517320.0
UDPL,quarterly,Q3 2026,EPS,6.33
UDPL,quarterly,Q2 2026,EPS,6.61
UDPL,quarterly,Q1 2026,EPS,11.98
UDPL,quarterly,Q3 2025,EPS,14.67
UDPL,annual,2026,Gross Profit Margin (%),34.19
UDPL,annual,2025,Gross Profit Margin (%),35.48
UDPL,annual,2024,Gross Profit Margin (%),38.05
UDPL,annual,2023,Gross Profit Margin (%),36.04
UDPL,annual,2026,Net Profit Margin (%),131.04
UDPL,annual,2025,Net Profit Margin (%),93.74
UDPL,annual,2024,Net Profit Margin (%),32.61
UDPL,annual,2023,Net Profit Margin (%),-47.43
UDPL,annual,2026,EPS Growth (%),15.54
UDPL,annual,2025,EPS Growth (%),149.12
UDPL,annual,2024,EPS Growth (%),197.35
UDPL,annual,2023,EPS Growth (%),-5.71
UDPL,annual,2026,PEG,0.26
UDPL,annual,2025,PEG,0.02
UDPL,annual,2024,PEG,0.02
UDPL,annual,2023,PEG,0.49
UNIC,annual,2025,Profit after Taxation,1506220.0
UNIC,annual,2024,Profit after Taxation,2026945.0
UNIC,annual,2023,Profit after Taxation,1005430.0
UNIC,annual,2022,Profit after Taxation,921719.0
UNIC,annual,2025,EPS,3.62
UNIC,annual,2024,EPS,4.87
UNIC,annual,2023,EPS,3.01
UNIC,annual,2022,EPS,3.12
UNIC,quarterly,Q2 2026,Profit after Taxation,381758.0
UNIC,quarterly,Q1 2026,Profit after Taxation,553397.0
UNIC,quarterly,Q3 2025,Profit after Taxation,183770.0
UNIC,quarterly,Q2 2025,Profit after Taxation,105573.0
UNIC,quarterly,Q2 2026,EPS,0.76
UNIC,quarterly,Q1 2026,EPS,1.11
UNIC,quarterly,Q3 2025,EPS,0.48
UNIC,quarterly,Q2 2025,EPS,0.25
UNIC,annual,2025,Gross Profit Margin (%),45.93
UNIC,annual,2024,Gross Profit Margin (%),41.55
UNIC,annual,2023,Gross Profit Margin (%),29.97
UNIC,annual,2022,Gross Profit Margin (%),33.23
UNIC,annual,2025,Net Profit Margin (%),27.8
UNIC,annual,2024,Net Profit Margin (%),39.47
UNIC,annual,2023,Net Profit Margin (%),27.7
UNIC,annual,2022,Net Profit Margin (%),27.27
UNIC,annual,2025,EPS Growth (%),-25.67
UNIC,annual,2024,EPS Growth (%),61.79
UNIC,annual,2023,EPS Growth (%),-3.53
UNIC,annual,2022,EPS Growth (%),13.87
UNIC,annual,2025,PEG,-0.16
UNIC,annual,2024,PEG,0.05
UNIC,annual,2023,PEG,-1.04
UNIC,annual,2022,PEG,0.18
UNITY,annual,2025,Sales,61878486.0
UNITY,annual,2024,Sales,60488680.0
UNITY,annual,2023,Sales,90158188.0
UNITY,annual,2022,Sales,82184553.0
UNITY,annual,2025,Profit after Taxation,1229616.0
UNITY,annual,2024,Profit after Taxation,-2726401.0
UNITY,annual,2023,Profit after Taxation,567458.0
UNITY,annual,2022,Profit after Taxation,2436418.0
UNITY,quarterly,Q1 2026,Sales,9348884.0
UNITY,quarterly,Q3 2025,Sales,21160922.0
UNITY,quarterly,Q2 2025,Sales,14490036.0
UNITY,quarterly,Q1 2025,Sales,12925408.0
UNITY,quarterly,Q1 2026,Profit after Taxation,95973.0
UNITY,quarterly,Q3 2025,Profit after Taxation,221885.0
UNITY,quarterly,Q2 2025,Profit after Taxation,625391.0
UNITY,quarterly,Q1 2025,Profit after Taxation,-141145.0
UNITY,annual,2025,Gross Profit Margin (%),12.44
UNITY,annual,2024,Gross Profit Margin (%),8.76
UNITY,annual,2023,Gross Profit Margin (%),13.46
UNITY,annual,2022,Gross Profit Margin (%),9.55
UNITY,annual,2025,Net Profit Margin (%),1.99
UNITY,annual,2024,Net Profit Margin (%),-4.51
UNITY,annual,2023,Net Profit Margin (%),0.63
UNITY,annual,2022,Net Profit Margin (%),2.96
UNITY,annual,2025,EPS Growth (%),145.18
UNITY,annual,2024,EPS Growth (%),-575.0
UNITY,annual,2023,EPS Growth (%),-76.47
UNITY,annual,2022,EPS Growth (%),-42.7
UNITY,annual,2025,PEG,0.17
UNITY,annual,2024,PEG,0.02
UNITY,annual,2023,PEG,-0.43
UNITY,annual,2022,PEG,-0.23
UPFL,annual,2025,Sales,40572673.0
UPFL,annual,2024,Sales,33712049.0
UPFL,annual,2023,Sales,34586732.0
UPFL,annual,2022,Sales,28309317.0
UPFL,annual,2025,Profit after Taxation,5946360.0
UPFL,annual,2024,Profit after Taxation,6974631.0
UPFL,annual,2023,Profit after Taxation,9744030.0
UPFL,annual,2022,Profit after Taxation,7952403.0
UPFL,quarterly,Q2 2026,Sales,12064524.0
UPFL,quarterly,Q1 2026,Sales,13191817.0
UPFL,quarterly,Q3 2025,Sales,10493821.0
UPFL,quarterly,Q2 2025,Sales,9117324.0
UPFL,quarterly,Q2 2026,Profit after Taxation,2228805.0
UPFL,quarterly,Q1 2026,Profit after Taxation,2108488.0
UPFL,quarterly,Q3 2025,Profit after Taxation,1484679.0
UPFL,quarterly,Q2 2025,Profit after Taxation,1415750.0
UPFL,annual,2026,Gross Profit Margin (%),38.64
UPFL,annual,2024,Gross Profit Margin (%),38.5
UPFL,annual,2023,Gross Profit Margin (%),42.82
UPFL,annual,2022,Gross Profit Margin (%),42.21
UPFL,annual,2026,Net Profit Margin (%),14.66
UPFL,annual,2024,Net Profit Margin (%),20.69
UPFL,annual,2023,Net Profit Margin (%),28.17
UPFL,annual,2022,Net Profit Margin (%),28.09
UPFL,annual,2026,EPS Growth (%),-14.74
UPFL,annual,2024,EPS Growth (%),-28.42
UPFL,annual,2023,EPS Growth (%),22.53
UPFL,annual,2022,EPS Growth (%),53.83
UPFL,annual,2026,PEG,-2.11
UPFL,annual,2024,PEG,-0.68
UPFL,annual,2023,PEG,0.64
UPFL,annual,2022,PEG,0.37
UVIC,annual,2025,Profit after Taxation,40200.0
UVIC,annual,2024,Profit after Taxation,-4845.0
UVIC,annual,2023,Profit after Taxation,-154911.0
UVIC,annual,2022,Profit after Taxation,-111017.0
UVIC,annual,2025,EPS,0.8
UVIC,annual,2024,EPS,-0.1
UVIC,annual,2023,EPS,-3.1
UVIC,annual,2022,EPS,-2.22
UVIC,quarterly,Q2 2026,Profit after Taxation,15121.0
UVIC,quarterly,Q1 2026,Profit after Taxation,-5882.0
UVIC,quarterly,Q3 2025,Profit after Taxation,5274.0
UVIC,quarterly,Q2 2025,Profit after Taxation,32981.0
UVIC,quarterly,Q2 2026,EPS,0.3
UVIC,quarterly,Q1 2026,EPS,-0.12
UVIC,quarterly,Q3 2025,EPS,0.11
UVIC,quarterly,Q2 2025,EPS,0.66
UVIC,annual,2025,Gross Profit Margin (%),-40.89
UVIC,annual,2024,Gross Profit Margin (%),-323.37
UVIC,annual,2023,Gross Profit Margin (%),-167.6
UVIC,annual,2022,Gross Profit Margin (%),-201.15
UVIC,annual,2025,Net Profit Margin (%),98.56
UVIC,annual,2024,Net Profit Margin (%),-24.2
UVIC,annual,2023,Net Profit Margin (%),-343.86
UVIC,annual,2022,Net Profit Margin (%),-142.04
UVIC,annual,2025,EPS Growth (%),900.0
UVIC,annual,2024,EPS Growth (%),96.77
UVIC,annual,2023,EPS Growth (%),-39.64
UVIC,annual,2022,EPS Growth (%),-374.07
UVIC,annual,2025,PEG,0.03
UVIC,annual,2024,PEG,-1.23
UVIC,annual,2023,PEG,0.06
UVIC,annual,2022,PEG,0.0
WAFI,annual,2025,Sales,468921450.0
WAFI,annual,2024,Sales,427946465.0
WAFI,annual,2023,Sales,431650228.0
WAFI,annual,2022,Sales,412699059.0
WAFI,annual,2025,Profit after Taxation,3544645.0
WAFI,annual,2024,Profit after Taxation,3297349.0
WAFI,annual,2023,Profit after Taxation,5851393.0
WAFI,annual,2022,Profit after Taxation,-72313.0
WAFI,annual,2025,EPS,16.56
WAFI,annual,2024,EPS,15.41
WAFI,annual,2023,EPS,27.34
WAFI,annual,2022,EPS,-0.34
WAFI,quarterly,Q2 2026,Sales,168468592.0
WAFI,quarterly,Q1 2026,Sales,134572464.0
WAFI,quarterly,Q3 2025,Sales,121265790.0
WAFI,quarterly,Q2 2025,Sales,122274693.0
WAFI,quarterly,Q2 2026,Profit after Taxation,-641399.0
WAFI,quarterly,Q1 2026,Profit after Taxation,2164399.0
WAFI,quarterly,Q3 2025,Profit after Taxation,1752840.0
WAFI,quarterly,Q2 2025,Profit after Taxation,404912.0
WAFI,quarterly,Q2 2026,EPS,-3.0
WAFI,quarterly,Q1 2026,EPS,10.11
WAFI,quarterly,Q3 2025,EPS,8.19
WAFI,quarterly,Q2 2025,EPS,1.89
WAFI,annual,2025,Gross Profit Margin (%),6.09
WAFI,annual,2024,Gross Profit Margin (%),5.5
WAFI,annual,2023,Gross Profit Margin (%),7.13
WAFI,annual,2022,Gross Profit Margin (%),8.14
WAFI,annual,2025,Net Profit Margin (%),0.76
WAFI,annual,2024,Net Profit Margin (%),0.77
WAFI,annual,2023,Net Profit Margin (%),1.36
WAFI,annual,2022,Net Profit Margin (%),-0.02
WAFI,annual,2025,EPS Growth (%),7.46
WAFI,annual,2024,EPS Growth (%),-43.64
WAFI,annual,2023,EPS Growth (%),8141.18
WAFI,annual,2022,EPS Growth (%),-101.55
WAFI,annual,2025,PEG,1.8
WAFI,annual,2024,PEG,-0.32
WAFI,annual,2023,PEG,0.0
WAFI,annual,2022,PEG,3.11
WAHDAT,annual,2026,Sales,3005419.0
WAHDAT,annual,2025,Sales,2791379.0
WAHDAT,annual,2026,Profit after Taxation,306315.0
WAHDAT,annual,2025,Profit after Taxation,241904.0
WAHDAT,annual,2026,EPS,1.05
WAHDAT,annual,2025,EPS,0.85
WAHDAT,quarterly,Q3 2026,Sales,754906.0
WAHDAT,quarterly,Q2 2026,Sales,1471889.0
WAHDAT,quarterly,Q3 2025,Sales,640814.0
WAHDAT,quarterly,Q2 2025,Sales,1344690.0
WAHDAT,quarterly,Q3 2026,Profit after Taxation,111173.0
WAHDAT,quarterly,Q2 2026,Profit after Taxation,163047.0
WAHDAT,quarterly,Q3 2025,Profit after Taxation,57449.0
WAHDAT,quarterly,Q2 2025,Profit after Taxation,112769.0
WAHDAT,quarterly,Q3 2026,EPS,0.39
WAHDAT,quarterly,Q2 2026,EPS,2.86
WAHDAT,quarterly,Q3 2025,EPS,0.2
WAHDAT,quarterly,Q2 2025,EPS,1.98
WAHDAT,annual,2026,Gross Profit Margin (%),30.32
WAHDAT,annual,2025,Gross Profit Margin (%),29.11
WAHDAT,annual,2026,Net Profit Margin (%),10.19
WAHDAT,annual,2025,Net Profit Margin (%),8.67
WAHDAT,annual,2026,EPS Growth (%),23.53
WAHDAT,annual,2026,PEG,0.75
WAHN,annual,2026,Sales,4835314.0
WAHN,annual,2025,Sales,5096034.0
WAHN,annual,2024,Sales,4684721.0
WAHN,annual,2023,Sales,4383436.0
WAHN,annual,2026,Profit after Taxation,451721.0
WAHN,annual,2025,Profit after Taxation,481934.0
WAHN,annual,2024,Profit after Taxation,549414.0
WAHN,annual,2023,Profit after Taxation,449230.0
WAHN,annual,2026,EPS,50.19
WAHN,annual,2025,EPS,53.55
WAHN,annual,2024,EPS,61.05
WAHN,annual,2023,EPS,49.91
WAHN,quarterly,Q3 2026,Sales,1160483.0
WAHN,quarterly,Q2 2026,Sales,1163267.0
WAHN,quarterly,Q1 2026,Sales,1413221.0
WAHN,quarterly,Q3 2025,Sales,1338249.0
WAHN,quarterly,Q3 2026,Profit after Taxation,115142.0
WAHN,quarterly,Q2 2026,Profit after Taxation,88464.0
WAHN,quarterly,Q1 2026,Profit after Taxation,122194.0
WAHN,quarterly,Q3 2025,Profit after Taxation,121542.0
WAHN,quarterly,Q3 2026,EPS,12.79
WAHN,quarterly,Q2 2026,EPS,9.83
WAHN,quarterly,Q1 2026,EPS,13.58
WAHN,quarterly,Q3 2025,EPS,13.5
WAHN,annual,2026,Gross Profit Margin (%),20.85
WAHN,annual,2025,Gross Profit Margin (%),16.76
WAHN,annual,2024,Gross Profit Margin (%),22.52
WAHN,annual,2023,Gross Profit Margin (%),20.16
WAHN,annual,2026,Net Profit Margin (%),9.34
WAHN,annual,2025,Net Profit Margin (%),9.46
WAHN,annual,2024,Net Profit Margin (%),11.73
WAHN,annual,2023,Net Profit Margin (%),10.25
WAHN,annual,2026,EPS Growth (%),-6.27
WAHN,annual,2025,EPS Growth (%),-12.29
WAHN,annual,2024,EPS Growth (%),22.32
WAHN,annual,2023,EPS Growth (%),114.76
WAHN,annual,2026,PEG,-0.93
WAHN,annual,2025,PEG,-0.47
WAHN,annual,2024,PEG,0.15
WAHN,annual,2023,PEG,0.03
WASL,annual,2026,Profit after Taxation,16100.0
WASL,annual,2025,Profit after Taxation,30313.0
WASL,annual,2024,Profit after Taxation,61696.0
WASL,annual,2023,Profit after Taxation,98545.0
WASL,quarterly,Q3 2026,Profit after Taxation,-9441.0
WASL,quarterly,Q2 2026,Profit after Taxation,-4627.0
WASL,quarterly,Q1 2026,Profit after Taxation,9844.0
WASL,quarterly,Q3 2025,Profit after Taxation,-698.0
WASL,annual,2026,EPS Growth (%),-47.83
WASL,annual,2025,EPS Growth (%),-52.08
WASL,annual,2024,EPS Growth (%),-36.84
WASL,annual,2023,EPS Growth (%),375.0
WASL,annual,2026,PEG,-0.94
WASL,annual,2025,PEG,-0.36
WASL,annual,2024,PEG,-0.11
WASL,annual,2023,PEG,0.0
WAVES,annual,2025,Sales,357388.0
WAVES,annual,2024,Sales,331198.0
WAVES,annual,2025,Profit after Taxation,125828.0
WAVES,annual,2024,Profit after Taxation,61831.0
WAVES,annual,2023,Profit after Taxation,148186.0
WAVES,annual,2022,Profit after Taxation,208901.0
WAVES,annual,2025,EPS,0.45
WAVES,annual,2024,EPS,0.22
WAVES,annual,2023,EPS,0.53
WAVES,annual,2022,EPS,0.74
WAVES,quarterly,Q1 2026,Sales,85889.0
WAVES,quarterly,Q2 2026,Profit after Taxation,21497.0
WAVES,quarterly,Q1 2026,Profit after Taxation,69303.0
WAVES,quarterly,Q3 2025,Profit after Taxation,71710.0
WAVES,quarterly,Q2 2025,Profit after Taxation,57308.0
WAVES,quarterly,Q2 2026,EPS,0.08
WAVES,quarterly,Q1 2026,EPS,0.25
WAVES,quarterly,Q3 2025,EPS,0.25
WAVES,quarterly,Q2 2025,EPS,0.2
WAVES,annual,2025,Gross Profit Margin (%),100.0
WAVES,annual,2024,Gross Profit Margin (%),100.0
WAVES,annual,2025,Net Profit Margin (%),35.21
WAVES,annual,2024,Net Profit Margin (%),18.67
WAVES,annual,2025,EPS Growth (%),104.55
WAVES,annual,2024,EPS Growth (%),-58.49
WAVES,annual,2023,EPS Growth (%),-28.38
WAVES,annual,2022,EPS Growth (%),331.25
WAVES,annual,2025,PEG,0.28
WAVES,annual,2024,PEG,-0.57
WAVES,annual,2023,PEG,-0.53
WAVES,annual,2022,PEG,0.04
WAVESAPP,annual,2025,Sales,3666719.0
WAVESAPP,annual,2024,Sales,3170183.0
WAVESAPP,annual,2023,Sales,4176119.0
WAVESAPP,annual,2022,Sales,7422503.0
WAVESAPP,annual,2025,Profit after Taxation,189204.0
WAVESAPP,annual,2024,Profit after Taxation,153288.0
WAVESAPP,annual,2023,Profit after Taxation,115717.0
WAVESAPP,annual,2022,Profit after Taxation,13128.0
WAVESAPP,annual,2025,EPS,0.71
WAVESAPP,annual,2024,EPS,0.57
WAVESAPP,annual,2023,EPS,0.43
WAVESAPP,annual,2022,EPS,0.05
WAVESAPP,quarterly,Q2 2026,Sales,1031632.0
WAVESAPP,quarterly,Q1 2026,Sales,1002109.0
WAVESAPP,quarterly,Q3 2025,Sales,789276.0
WAVESAPP,quarterly,Q2 2025,Sales,1014376.0
WAVESAPP,quarterly,Q2 2026,Profit after Taxation,97156.0
WAVESAPP,quarterly,Q1 2026,Profit after Taxation,63859.0
WAVESAPP,quarterly,Q3 2025,Profit after Taxation,105559.0
WAVESAPP,quarterly,Q2 2025,Profit after Taxation,95794.0
WAVESAPP,quarterly,Q2 2026,EPS,0.36
WAVESAPP,quarterly,Q1 2026,EPS,0.22
WAVESAPP,quarterly,Q3 2025,EPS,0.39
WAVESAPP,quarterly,Q2 2025,EPS,0.36
WAVESAPP,annual,2025,Gross Profit Margin (%),27.44
WAVESAPP,annual,2024,Gross Profit Margin (%),27.96
WAVESAPP,annual,2023,Gross Profit Margin (%),24.83
WAVESAPP,annual,2025,Net Profit Margin (%),5.16
WAVESAPP,annual,2024,Net Profit Margin (%),4.84
WAVESAPP,annual,2023,Net Profit Margin (%),2.77
WAVESAPP,annual,2025,EPS Growth (%),24.56
WAVESAPP,annual,2024,EPS Growth (%),32.56
WAVESAPP,annual,2023,EPS Growth (%),1175.0
WAVESAPP,annual,2022,EPS Growth (%),42.86
WAVESAPP,annual,2025,PEG,0.54
WAVESAPP,annual,2024,PEG,0.52
WAVESAPP,annual,2023,PEG,0.02
WAVESAPP,annual,2022,PEG,-4.02
WHALE,annual,2022,Sales,7422503.0
WHALE,annual,2019,Sales,44753.0
WHALE,annual,2022,Profit after Taxation,48873.0
WHALE,annual,2021,Profit after Taxation,-9.0
WHALE,annual,2020,Profit after Taxation,-1903.0
WHALE,annual,2019,Profit after Taxation,91152.0
WHALE,annual,2022,EPS,0.18
WHALE,annual,2021,EPS,-0.04
WHALE,annual,2020,EPS,-0.07
WHALE,annual,2019,EPS,3.41
WHALE,quarterly,Q3 2023,Sales,884486.0
WHALE,quarterly,Q2 2023,Sales,1333114.0
WHALE,quarterly,Q1 2023,Sales,1140438.0
WHALE,quarterly,Q3 2022,Sales,1364910.0
WHALE,quarterly,Q3 2023,Profit after Taxation,25732.0
WHALE,quarterly,Q2 2023,Profit after Taxation,60875.0
WHALE,quarterly,Q1 2023,Profit after Taxation,11218.0
WHALE,quarterly,Q3 2022,Profit after Taxation,20565.0
WHALE,quarterly,Q3 2023,EPS,0.1
WHALE,quarterly,Q2 2023,EPS,0.23
WHALE,quarterly,Q1 2023,EPS,0.04
WHALE,quarterly,Q3 2022,EPS,0.08
WHALE,annual,2020,Gross Profit Margin (%),-81.05
WHALE,annual,2020,Net Profit Margin (%),203.68
WHALE,annual,2022,EPS Growth (%),42.86
WHALE,annual,2022,EPS Growth (%),42.86
WHALE,annual,2021,EPS Growth (%),-102.05
WHALE,annual,2020,EPS Growth (%),110.15
WHALE,annual,2022,PEG,-4.02
WHALE,annual,2022,PEG,-4.02
WHALE,annual,2021,PEG,1.39
WHALE,annual,2020,PEG,0.01
WTL,annual,2025,Sales,5991182.0
WTL,annual,2024,Sales,5046440.0
WTL,annual,2023,Sales,2943549.0
WTL,annual,2022,Sales,2301245.0
WTL,annual,2025,Profit after Taxation,-456019.0
WTL,annual,2024,Profit after Taxation,-1358609.0
WTL,annual,2023,Profit after Taxation,-2008444.0
WTL,annual,2022,Profit after Taxation,-1381304.0
WTL,annual,2025,EPS,-0.09
WTL,annual,2024,EPS,-0.27
WTL,annual,2023,EPS,-0.46
WTL,annual,2022,EPS,-0.4
WTL,quarterly,Q2 2026,Sales,1644205.0
WTL,quarterly,Q1 2026,Sales,1445806.0
WTL,quarterly,Q3 2025,Sales,1553874.0
WTL,quarterly,Q2 2025,Sales,1577118.0
WTL,quarterly,Q2 2026,Profit after Taxation,-189864.0
WTL,quarterly,Q1 2026,Profit after Taxation,-147500.0
WTL,quarterly,Q3 2025,Profit after Taxation,-183320.0
WTL,quarterly,Q2 2025,Profit after Taxation,-223041.0
WTL,quarterly,Q2 2026,EPS,-0.04
WTL,quarterly,Q1 2026,EPS,-0.03
WTL,quarterly,Q3 2025,EPS,-0.04
WTL,quarterly,Q2 2025,EPS,-0.05
WTL,annual,2025,Gross Profit Margin (%),9.61
WTL,annual,2024,Gross Profit Margin (%),7.82
WTL,annual,2023,Gross Profit Margin (%),4.47
WTL,annual,2022,Gross Profit Margin (%),19.42
WTL,annual,2025,Net Profit Margin (%),-7.61
WTL,annual,2024,Net Profit Margin (%),-26.92
WTL,annual,2023,Net Profit Margin (%),-68.23
WTL,annual,2022,Net Profit Margin (%),-60.02
WTL,annual,2025,EPS Growth (%),66.67
WTL,annual,2024,EPS Growth (%),41.3
WTL,annual,2023,EPS Growth (%),-15.0
WTL,annual,2022,EPS Growth (%),21.57
WTL,annual,2025,PEG,-0.29
WTL,annual,2024,PEG,-0.16
WTL,annual,2023,PEG,0.2
WTL,annual,2022,PEG,-0.14
WYETH,annual,2021,Sales,1000898.0
WYETH,annual,2020,Sales,932673.0
WYETH,annual,2019,Sales,948237.0
WYETH,annual,2018,Sales,1192352.0
WYETH,annual,2021,Profit after Taxation,118285.0
WYETH,annual,2020,Profit after Taxation,-131189.0
WYETH,annual,2019,Profit after Taxation,23176.0
WYETH,annual,2018,Profit after Taxation,-11118.0
WYETH,annual,2021,EPS,83.21
WYETH,annual,2020,EPS,-92.28
WYETH,annual,2019,EPS,16.3
WYETH,annual,2018,EPS,-7.82
WYETH,quarterly,Q1 2022,Sales,210206.0
WYETH,quarterly,Q3 2021,Sales,175591.0
WYETH,quarterly,Q2 2021,Sales,251480.0
WYETH,quarterly,Q1 2021,Sales,299726.0
WYETH,quarterly,Q1 2022,Profit after Taxation,8991.0
WYETH,quarterly,Q3 2021,Profit after Taxation,666.0
WYETH,quarterly,Q2 2021,Profit after Taxation,45291.0
WYETH,quarterly,Q1 2021,Profit after Taxation,44792.0
WYETH,quarterly,Q1 2022,EPS,6.32
WYETH,quarterly,Q3 2021,EPS,0.47
WYETH,quarterly,Q2 2021,EPS,31.86
WYETH,quarterly,Q1 2021,EPS,31.51
WYETH,annual,2021,Gross Profit Margin (%),28.72
WYETH,annual,2020,Gross Profit Margin (%),-1.54
WYETH,annual,2019,Gross Profit Margin (%),11.08
WYETH,annual,2018,Gross Profit Margin (%),17.32
WYETH,annual,2021,Net Profit Margin (%),11.82
WYETH,annual,2020,Net Profit Margin (%),-14.07
WYETH,annual,2019,Net Profit Margin (%),2.44
WYETH,annual,2018,Net Profit Margin (%),-0.93
WYETH,annual,2021,EPS Growth (%),190.17
WYETH,annual,2020,EPS Growth (%),-666.13
WYETH,annual,2019,EPS Growth (%),308.44
WYETH,annual,2018,EPS Growth (%),-101.13
WYETH,annual,2021,PEG,0.13
WYETH,annual,2020,PEG,0.02
WYETH,annual,2019,PEG,0.16
WYETH,annual,2018,PEG,1.21
YOUW,annual,2026,Sales,636107.0
YOUW,annual,2025,Sales,639738.0
YOUW,annual,2024,Sales,527640.0
YOUW,annual,2023,Sales,860825.0
YOUW,annual,2026,Profit after Taxation,-406278.0
YOUW,annual,2025,Profit after Taxation,-306714.0
YOUW,annual,2024,Profit after Taxation,-49205.0
YOUW,annual,2023,Profit after Taxation,-66467.0
YOUW,annual,2026,EPS,-2.76
YOUW,annual,2025,EPS,-2.26
YOUW,annual,2024,EPS,-0.39
YOUW,annual,2023,EPS,-0.74
YOUW,quarterly,Q3 2026,Sales,119600.0
YOUW,quarterly,Q2 2026,Sales,180101.0
YOUW,quarterly,Q1 2026,Sales,170295.0
YOUW,quarterly,Q3 2025,Sales,153031.0
YOUW,quarterly,Q3 2026,Profit after Taxation,-4484.0
YOUW,quarterly,Q2 2026,Profit after Taxation,-12562.0
YOUW,quarterly,Q1 2026,Profit after Taxation,-9305.0
YOUW,quarterly,Q3 2025,Profit after Taxation,-6184.0
YOUW,quarterly,Q3 2026,EPS,-0.03
YOUW,quarterly,Q2 2026,EPS,-0.09
YOUW,quarterly,Q1 2026,EPS,-0.07
YOUW,quarterly,Q3 2025,EPS,-0.05
YOUW,annual,2026,Gross Profit Margin (%),-53.39
YOUW,annual,2025,Gross Profit Margin (%),-39.78
YOUW,annual,2024,Gross Profit Margin (%),0.58
YOUW,annual,2023,Gross Profit Margin (%),1.29
YOUW,annual,2026,Net Profit Margin (%),-63.87
YOUW,annual,2025,Net Profit Margin (%),-47.94
YOUW,annual,2024,Net Profit Margin (%),-9.33
YOUW,annual,2023,Net Profit Margin (%),-7.72
YOUW,annual,2026,EPS Growth (%),-22.12
YOUW,annual,2025,EPS Growth (%),-479.49
YOUW,annual,2024,EPS Growth (%),47.3
YOUW,annual,2023,EPS Growth (%),-396.0
YOUW,annual,2026,PEG,0.1
YOUW,annual,2025,PEG,0.01
YOUW,annual,2024,PEG,-0.17
YOUW,annual,2023,PEG,0.01
ZAHID,annual,2026,Sales,38304881.0
ZAHID,annual,2025,Sales,40608062.0
ZAHID,annual,2024,Sales,37741817.0
ZAHID,annual,2023,Sales,32317373.0
ZAHID,annual,2026,Profit after Taxation,1338263.0
ZAHID,annual,2025,Profit after Taxation,1494781.0
ZAHID,annual,2024,Profit after Taxation,635072.0
ZAHID,annual,2023,Profit after Taxation,1213375.0
ZAHID,annual,2026,EPS,6.99
ZAHID,annual,2025,EPS,7.81
ZAHID,annual,2024,EPS,3.32
ZAHID,annual,2023,EPS,6.34
ZAHID,quarterly,Q3 2026,Sales,9946676.0
ZAHID,quarterly,Q2 2026,Sales,9409458.0
ZAHID,quarterly,Q1 2026,Sales,9395746.0
ZAHID,quarterly,Q3 2025,Sales,10769849.0
ZAHID,quarterly,Q3 2026,Profit after Taxation,274141.0
ZAHID,quarterly,Q2 2026,Profit after Taxation,224525.0
ZAHID,quarterly,Q1 2026,Profit after Taxation,484846.0
ZAHID,quarterly,Q3 2025,Profit after Taxation,302062.0
ZAHID,quarterly,Q3 2026,EPS,1.43
ZAHID,quarterly,Q2 2026,EPS,2.15
ZAHID,quarterly,Q1 2026,EPS,2.53
ZAHID,quarterly,Q3 2025,EPS,1.58
ZAHID,annual,2026,Gross Profit Margin (%),5.47
ZAHID,annual,2025,Gross Profit Margin (%),6.58
ZAHID,annual,2024,Gross Profit Margin (%),4.86
ZAHID,annual,2023,Gross Profit Margin (%),8.08
ZAHID,annual,2026,Net Profit Margin (%),3.49
ZAHID,annual,2025,Net Profit Margin (%),3.68
ZAHID,annual,2024,Net Profit Margin (%),1.68
ZAHID,annual,2023,Net Profit Margin (%),3.75
ZAHID,annual,2026,EPS Growth (%),-10.5
ZAHID,annual,2025,EPS Growth (%),135.24
ZAHID,annual,2024,EPS Growth (%),-47.63
ZAHID,annual,2023,EPS Growth (%),-69.49
ZAHID,annual,2026,PEG,-0.9
ZAHID,annual,2025,PEG,0.06
ZAHID,annual,2024,PEG,-0.19
ZAHID,annual,2023,PEG,-0.06
ZAL,annual,2026,Sales,2757636.0
ZAL,annual,2025,Sales,1342929.0
ZAL,annual,2024,Sales,441762.0
ZAL,annual,2023,Sales,159066.0
ZAL,annual,2026,Profit after Taxation,1379010.0
ZAL,annual,2025,Profit after Taxation,671052.0
ZAL,annual,2024,Profit after Taxation,292811.0
ZAL,annual,2023,Profit after Taxation,81252.0
ZAL,annual,2026,EPS,5.25
ZAL,annual,2025,EPS,3.04
ZAL,annual,2024,EPS,3.99
ZAL,annual,2023,EPS,40.63
ZAL,quarterly,Q3 2026,Sales,841142.0
ZAL,quarterly,Q2 2026,Sales,483326.0
ZAL,quarterly,Q1 2026,Sales,783589.0
ZAL,quarterly,Q3 2025,Sales,438642.0
ZAL,quarterly,Q3 2026,Profit after Taxation,-296807.0
ZAL,quarterly,Q2 2026,Profit after Taxation,569032.0
ZAL,quarterly,Q1 2026,Profit after Taxation,558177.0
ZAL,quarterly,Q3 2025,Profit after Taxation,133666.0
ZAL,quarterly,Q3 2026,EPS,-1.13
ZAL,quarterly,Q2 2026,EPS,2.17
ZAL,quarterly,Q1 2026,EPS,2.13
ZAL,quarterly,Q3 2025,EPS,0.51
ZAL,annual,2026,Gross Profit Margin (%),31.55
ZAL,annual,2025,Gross Profit Margin (%),33.12
ZAL,annual,2024,Gross Profit Margin (%),70.34
ZAL,annual,2023,Gross Profit Margin (%),78.86
ZAL,annual,2026,Net Profit Margin (%),50.01
ZAL,annual,2025,Net Profit Margin (%),49.97
ZAL,annual,2024,Net Profit Margin (%),66.28
ZAL,annual,2023,Net Profit Margin (%),51.08
ZAL,annual,2026,EPS Growth (%),72.7
ZAL,annual,2025,EPS Growth (%),-23.81
ZAL,annual,2024,EPS Growth (%),-90.18
ZAL,annual,2026,PEG,0.12
ZAL,annual,2025,PEG,-0.22
ZELP,annual,2021,Sales,315043.0
ZELP,annual,2020,Sales,256037.0
ZELP,annual,2019,Sales,667179.0
ZELP,annual,2018,Sales,792564.0
ZELP,annual,2021,Profit after Taxation,-274710.0
ZELP,annual,2020,Profit after Taxation,-377737.0
ZELP,annual,2019,Profit after Taxation,-865981.0
ZELP,annual,2018,Profit after Taxation,-101983.0
ZELP,annual,2021,EPS,-0.64
ZELP,annual,2020,EPS,-0.88
ZELP,annual,2019,EPS,-2.02
ZELP,annual,2018,EPS,-0.24
ZELP,quarterly,Q3 2021,Sales,80024.0
ZELP,quarterly,Q2 2021,Sales,77929.0
ZELP,quarterly,Q1 2021,Sales,78329.0
ZELP,quarterly,Q3 2020,Sales,17156.0
ZELP,quarterly,Q3 2021,Profit after Taxation,-114248.0
ZELP,quarterly,Q2 2021,Profit after Taxation,-72024.0
ZELP,quarterly,Q1 2021,Profit after Taxation,-68814.0
ZELP,quarterly,Q3 2020,Profit after Taxation,-58051.0
ZELP,quarterly,Q3 2021,EPS,-0.27
ZELP,quarterly,Q2 2021,EPS,-0.17
ZELP,quarterly,Q1 2021,EPS,-0.16
ZELP,quarterly,Q3 2020,EPS,-0.14
ZELP,annual,2021,Gross Profit Margin (%),-70.71
ZELP,annual,2020,Gross Profit Margin (%),-130.35
ZELP,annual,2019,Gross Profit Margin (%),-122.44
ZELP,annual,2018,Gross Profit Margin (%),-5.36
ZELP,annual,2021,Net Profit Margin (%),-87.2
ZELP,annual,2020,Net Profit Margin (%),-147.53
ZELP,annual,2019,Net Profit Margin (%),-129.8
ZELP,annual,2018,Net Profit Margin (%),-12.87
ZELP,annual,2021,EPS Growth (%),27.27
ZELP,annual,2020,EPS Growth (%),56.44
ZELP,annual,2019,EPS Growth (%),-741.67
ZELP,annual,2018,EPS Growth (%),45.45
ZELP,annual,2021,PEG,-0.03
ZELP,annual,2020,PEG,-0.01
ZHCM,annual,2024,EPS,-0.12
ZHCM,annual,2023,EPS,-0.08
ZHCM,annual,2022,EPS,4.13
ZHCM,annual,2021,EPS,-0.47
ZHCM,quarterly,Q3 2025,Sales,126652.0
ZHCM,quarterly,Q3 2025,EPS,7.08
ZHCM,quarterly,Q2 2025,EPS,-0.02
ZHCM,quarterly,Q3 2024,EPS,-0.01
ZHCM,quarterly,Q2 2024,EPS,-0.03
ZHCM,annual,2024,EPS Growth (%),-50.0
ZHCM,annual,2023,EPS Growth (%),-101.94
ZHCM,annual,2022,EPS Growth (%),978.72
ZHCM,annual,2021,EPS Growth (%),12.96
ZHCM,annual,2024,PEG,0.01
ZHCM,annual,2023,PEG,0.01
ZHCM,annual,2022,PEG,0.0
ZHCM,annual,2021,PEG,-0.01
ZIL,annual,2025,Sales,6845132.0
ZIL,annual,2024,Sales,6364851.0
ZIL,annual,2023,Sales,5674322.0
ZIL,annual,2022,Sales,4061842.0
ZIL,annual,2025,Profit after Taxation,50293.0
ZIL,annual,2024,Profit after Taxation,42947.0
ZIL,annual,2023,Profit after Taxation,247972.0
ZIL,annual,2022,Profit after Taxation,23376.0
ZIL,annual,2025,EPS,8.21
ZIL,annual,2024,EPS,7.01
ZIL,annual,2023,EPS,40.5
ZIL,annual,2022,EPS,3.82
ZIL,quarterly,Q2 2026,Sales,1994297.0
ZIL,quarterly,Q1 2026,Sales,1447371.0
ZIL,quarterly,Q3 2025,Sales,1983015.0
ZIL,quarterly,Q2 2025,Sales,1973843.0
ZIL,quarterly,Q2 2026,Profit after Taxation,-47060.0
ZIL,quarterly,Q1 2026,Profit after Taxation,1339.0
ZIL,quarterly,Q3 2025,Profit after Taxation,103647.0
ZIL,quarterly,Q2 2025,Profit after Taxation,30654.0
ZIL,quarterly,Q2 2026,EPS,-7.69
ZIL,quarterly,Q1 2026,EPS,0.22
ZIL,quarterly,Q3 2025,EPS,16.93
ZIL,quarterly,Q2 2025,EPS,5.01
ZIL,annual,2025,Gross Profit Margin (%),32.53
ZIL,annual,2024,Gross Profit Margin (%),27.67
ZIL,annual,2023,Gross Profit Margin (%),28.36
ZIL,annual,2022,Gross Profit Margin (%),18.4
ZIL,annual,2025,Net Profit Margin (%),0.73
ZIL,annual,2024,Net Profit Margin (%),0.67
ZIL,annual,2023,Net Profit Margin (%),4.37
ZIL,annual,2022,Net Profit Margin (%),0.58
ZIL,annual,2025,EPS Growth (%),17.12
ZIL,annual,2024,EPS Growth (%),-82.69
ZIL,annual,2023,EPS Growth (%),960.21
ZIL,annual,2022,EPS Growth (%),108.02
ZIL,annual,2025,PEG,3.43
ZIL,annual,2024,PEG,-0.45
ZIL,annual,2023,PEG,0.01
ZIL,annual,2022,PEG,0.45
ZTL,annual,2026,Profit after Taxation,6741.0
ZTL,annual,2025,Profit after Taxation,1819.0
ZTL,annual,2024,Profit after Taxation,45654.0
ZTL,annual,2023,Profit after Taxation,237958.0
ZTL,annual,2026,EPS,0.11
ZTL,annual,2025,EPS,0.03
ZTL,annual,2024,EPS,0.77
ZTL,annual,2023,EPS,4.0
ZTL,quarterly,Q3 2025,Profit after Taxation,11169.0
ZTL,quarterly,Q2 2026,Profit after Taxation,-56363.0
ZTL,quarterly,Q1 2026,Profit after Taxation,9409.0
ZTL,quarterly,Q3 2025,Profit after Taxation,11169.0
ZTL,quarterly,Q3 2025,EPS,0.19
ZTL,quarterly,Q2 2026,EPS,-0.95
ZTL,quarterly,Q1 2026,EPS,0.16
ZTL,quarterly,Q3 2025,EPS,0.19
ZTL,annual,2026,Gross Profit Margin (%),11.19
ZTL,annual,2025,Gross Profit Margin (%),9.85
ZTL,annual,2024,Gross Profit Margin (%),10.68
ZTL,annual,2023,Gross Profit Margin (%),13.18
ZTL,annual,2026,Net Profit Margin (%),0.09
ZTL,annual,2025,Net Profit Margin (%),0.02
ZTL,annual,2024,Net Profit Margin (%),0.54
ZTL,annual,2023,Net Profit Margin (%),3.0
ZTL,annual,2026,EPS Growth (%),266.67
ZTL,annual,2025,EPS Growth (%),-96.1
ZTL,annual,2024,EPS Growth (%),-80.75
ZTL,annual,2023,EPS Growth (%),30.29
ZTL,annual,2026,PEG,0.8
ZTL,annual,2025,PEG,-4.85
ZTL,annual,2024,PEG,-0.18
ZTL,annual,2023,PEG,0.07
ZUMA,annual,2026,Sales,171383.0
ZUMA,annual,2026,Profit after Taxation,151446.0
ZUMA,annual,2025,Profit after Taxation,-2438.0
ZUMA,annual,2024,Profit after Taxation,41180.0
ZUMA,annual,2023,Profit after Taxation,-23466.0
ZUMA,annual,2026,EPS,10.74
ZUMA,annual,2025,EPS,-0.17
ZUMA,annual,2024,EPS,2.92
ZUMA,annual,2023,EPS,-1.66
ZUMA,quarterly,Q3 2026,Sales,61920.0
ZUMA,quarterly,Q2 2026,Sales,10696.0
ZUMA,quarterly,Q3 2026,Profit after Taxation,56963.0
ZUMA,quarterly,Q2 2026,Profit after Taxation,5526.0
ZUMA,quarterly,Q1 2026,Profit after Taxation,8582.0
ZUMA,quarterly,Q3 2025,Profit after Taxation,-150.0
ZUMA,quarterly,Q3 2026,EPS,4.04
ZUMA,quarterly,Q2 2026,EPS,0.39
ZUMA,quarterly,Q1 2026,EPS,-0.09
ZUMA,quarterly,Q3 2025,EPS,-0.01
ZUMA,annual,2026,Gross Profit Margin (%),97.37
ZUMA,annual,2026,Net Profit Margin (%),88.37
ZUMA,annual,2026,EPS Growth (%),6417.65
ZUMA,annual,2025,EPS Growth (%),-105.82
ZUMA,annual,2024,EPS Growth (%),275.9
ZUMA,annual,2023,EPS Growth (%),57.87
ZUMA,annual,2026,PEG,0.0
ZUMA,annual,2025,PEG,1.13
ZUMA,annual,2024,PEG,0.0
ZUMA,annual,2023,PEG,-0.02
